{"setup": {"name": "Compressed input (LZ4 HC)", "hardware": {"client": "lena", "cpu": "AMD Ryzen 7 3700X 8-Core Processor"}}, "results": {"lz4cat -> just_read": {"data": {"wall [s]": [6.11, 5.99, 5.98, 5.99, 5.99], "usr [s]": [3.65, 3.63, 3.58, 3.68, 3.62], "sys [s]": [1.88, 1.77, 1.81, 1.72, 1.78], "cpu [s]": [5.529999999999999, 5.4, 5.390000000000001, 5.4, 5.4]}, "command": "lz4cat en.lz4 | just_read"}, "just_read": {"data": {"wall [s]": [0.26, 0.25, 0.25, 0.25, 0.25], "usr [s]": [0.01, 0.02, 0.04, 0.03, 0.04], "sys [s]": [0.24, 0.23, 0.21, 0.22, 0.21], "cpu [s]": [0.25, 0.25, 0.25, 0.25, 0.25]}, "command": "['just_read', 'en.lz4']"}, "lz4cat -> GNU grep": {"data": {"wall [s]": [12.03, 11.07, 9.0, 10.66, 11.01], "usr [s]": [5.15, 4.49, 3.49, 4.29, 4.54], "sys [s]": [1.7, 1.59, 1.3, 1.62, 1.75], "cpu [s]": [6.8500000000000005, 6.08, 4.79, 5.91, 6.29]}, "command": "lz4cat en.lz4 | grep Sherlock"}, "lz4cat -> ripgrep": {"data": {"wall [s]": [5.7, 5.8, 5.69, 5.75, 5.57], "usr [s]": [3.29, 3.22, 3.42, 3.26, 3.31], "sys [s]": [1.78, 1.93, 1.7, 1.86, 1.73], "cpu [s]": [5.07, 5.15, 5.12, 5.12, 5.04]}, "command": "lz4cat en.lz4 | rg Sherlock"}, "lz4cat -> xs grep": {"data": {"wall [s]": [6.43, 6.56, 6.48, 6.4, 6.38], "usr [s]": [3.33, 3.41, 3.34, 3.39, 3.24], "sys [s]": [3.08, 3.12, 3.12, 2.99, 3.1], "cpu [s]": [6.41, 6.53, 6.46, 6.380000000000001, 6.34]}, "command": "lz4cat en.lz4 | xs Sherlock"}, "xspp -> xs grep": {"data": {"wall [s]": [1.38, 1.38, 1.38, 1.38, 1.38], "usr [s]": [5.32, 5.29, 5.32, 5.29, 5.32], "sys [s]": [1.31, 1.3, 1.26, 1.3, 1.27], "cpu [s]": [6.630000000000001, 6.59, 6.58, 6.59, 6.59]}, "command": "['xs', 'Sherlock', 'data.xslz4', '-m', 'data.xslz4.meta']"}, "xspp -> xs grep --max-readers 2": {"data": {"wall [s]": [1.19, 1.17, 1.18, 1.18, 1.18], "usr [s]": [4.21, 4.23, 4.19, 4.23, 4.23], "sys [s]": [0.33, 0.31, 0.36, 0.32, 0.31], "cpu [s]": [4.54, 4.54, 4.550000000000001, 4.550000000000001, 4.54]}, "command": "['xs', 'Sherlock', 'data.xslz4', '-m', 'data.xslz4.meta', '--max-readers', '2']"}, "lz4cat -> xs grep --no-mmap": {"data": {"wall [s]": [6.45, 6.57, 6.46, 6.56, 6.61], "usr [s]": [3.48, 3.3, 3.44, 3.36, 3.54], "sys [s]": [2.95, 3.25, 3.0, 3.17, 3.05], "cpu [s]": [6.43, 6.55, 6.4399999999999995, 6.529999999999999, 6.59]}, "command": "lz4cat en.lz4 | xs Sherlock --no-mmap"}, "xspp -> xs grep --no-mmap": {"data": {"wall [s]": [1.39, 1.38, 1.39, 1.38, 1.38], "usr [s]": [5.31, 5.3, 5.33, 5.34, 5.31], "sys [s]": [1.28, 1.29, 1.3, 1.25, 1.29], "cpu [s]": [6.59, 6.59, 6.63, 6.59, 6.6]}, "command": "['xs', 'Sherlock', 'data.xslz4', '-m', 'data.xslz4.meta', '--no-mmap']"}, "xspp -> xs grep --max-readers 2 --no-mmap": {"data": {"wall [s]": [1.35, 1.35, 1.35, 1.35, 1.36], "usr [s]": [4.44, 4.48, 4.43, 4.56, 4.41], "sys [s]": [0.81, 0.78, 0.81, 0.7, 0.83], "cpu [s]": [5.25, 5.260000000000001, 5.24, 5.26, 5.24]}, "command": "['xs', 'Sherlock', 'data.xslz4', '-m', 'data.xslz4.meta', '--max-readers', '2', '--no-mmap']"}}}