{"setup": {"name": "Compressed input (LZ4 HC)", "hardware": {"client": "lena", "cpu": "AMD Ryzen 7 3700X 8-Core Processor"}}, "results": {"lz4cat -> just_read": {"data": {"wall [s]": [6.03, 6.06, 5.67, 5.98, 5.93], "usr [s]": [3.57, 3.62, 3.58, 3.57, 3.64], "sys [s]": [1.87, 1.86, 1.62, 1.83, 1.77], "cpu [s]": [5.4399999999999995, 5.48, 5.2, 5.4, 5.41]}, "command": "lz4cat en.lz4 | just_read"}, "just_read": {"data": {"wall [s]": [0.25, 0.24, 0.24, 0.25, 0.25], "usr [s]": [0.02, 0.04, 0.03, 0.03, 0.01], "sys [s]": [0.23, 0.2, 0.21, 0.21, 0.22], "cpu [s]": [0.25, 0.24000000000000002, 0.24, 0.24, 0.23]}, "command": "['just_read', 'en.lz4']"}, "lz4cat -> GNU grep": {"data": {"wall [s]": [9.44, 7.53, 9.45, 8.21, 8.95], "usr [s]": [3.42, 3.35, 3.73, 3.27, 3.26], "sys [s]": [1.45, 1.45, 1.39, 1.66, 1.47], "cpu [s]": [4.87, 4.8, 5.12, 4.93, 4.7299999999999995]}, "command": "lz4cat en.lz4 | grep Sherlock"}, "lz4cat -> ripgrep": {"data": {"wall [s]": [5.76, 5.76, 5.6, 5.73, 5.58], "usr [s]": [3.26, 3.26, 3.29, 3.21, 3.33], "sys [s]": [1.94, 1.85, 1.81, 1.88, 1.74], "cpu [s]": [5.199999999999999, 5.109999999999999, 5.1, 5.09, 5.07]}, "command": "lz4cat en.lz4 | rg Sherlock"}, "lz4cat -> xs grep": {"data": {"wall [s]": [6.54, 6.31, 6.47, 6.83, 6.48], "usr [s]": [3.43, 3.24, 3.39, 3.46, 3.4], "sys [s]": [3.08, 3.05, 3.04, 3.35, 3.05], "cpu [s]": [6.51, 6.29, 6.43, 6.8100000000000005, 6.449999999999999]}, "command": "lz4cat en.lz4 | xs Sherlock"}, "xspp -> xs grep": {"data": {"wall [s]": [1.37, 1.39, 1.38, 1.38, 1.38], "usr [s]": [5.32, 5.32, 5.31, 5.3, 5.29], "sys [s]": [1.27, 1.29, 1.3, 1.29, 1.29], "cpu [s]": [6.59, 6.61, 6.609999999999999, 6.59, 6.58]}, "command": "['xs', 'Sherlock', 'en.xslz4', '-m', 'en.xslz4.meta']"}, "xspp -> xs grep --max-readers 2": {"data": {"wall [s]": [1.18, 1.18, 1.18, 1.18, 1.18], "usr [s]": [4.2, 4.24, 4.18, 4.25, 4.21], "sys [s]": [0.34, 0.29, 0.34, 0.28, 0.31], "cpu [s]": [4.54, 4.53, 4.52, 4.53, 4.52]}, "command": "['xs', 'Sherlock', 'en.xslz4', '-m', 'en.xslz4.meta', '--max-readers', '2']"}, "lz4cat -> xs grep --no-mmap": {"data": {"wall [s]": [6.69, 6.42, 6.39, 6.55, 6.53], "usr [s]": [3.42, 3.34, 3.34, 3.44, 3.27], "sys [s]": [3.25, 3.05, 3.03, 3.08, 3.23], "cpu [s]": [6.67, 6.39, 6.369999999999999, 6.52, 6.5]}, "command": "lz4cat en.lz4 | xs Sherlock --no-mmap"}, "xspp -> xs grep --no-mmap": {"data": {"wall [s]": [1.38, 1.38, 1.38, 1.38, 1.39], "usr [s]": [5.29, 5.32, 5.32, 5.27, 5.3], "sys [s]": [1.31, 1.27, 1.26, 1.32, 1.27], "cpu [s]": [6.6, 6.59, 6.58, 6.59, 6.57]}, "command": "['xs', 'Sherlock', 'en.xslz4', '-m', 'en.xslz4.meta', '--no-mmap']"}, "xspp -> xs grep --max-readers 2 --no-mmap": {"data": {"wall [s]": [1.35, 1.36, 1.36, 1.36, 1.36], "usr [s]": [4.47, 4.56, 4.51, 4.47, 4.53], "sys [s]": [0.77, 0.69, 0.72, 0.78, 0.73], "cpu [s]": [5.24, 5.25, 5.2299999999999995, 5.25, 5.26]}, "command": "['xs', 'Sherlock', 'en.xslz4', '-m', 'en.xslz4.meta', '--max-readers', '2', '--no-mmap']"}}}