{"setup": {"name": "Compressed input (LZ4)", "hardware": {"client": "lena", "cpu": "AMD Ryzen 7 3700X 8-Core Processor"}}, "results": {"lz4cat -> just_read": {"data": {"wall [s]": [6.44, 6.24, 6.21, 6.22, 6.26], "usr [s]": [3.87, 3.79, 3.8, 3.78, 3.83], "sys [s]": [1.97, 1.87, 1.83, 1.88, 1.84], "cpu [s]": [5.84, 5.66, 5.63, 5.66, 5.67]}, "command": "lz4cat en.lz4 | just_read"}, "just_read": {"data": {"wall [s]": [0.45, 0.44, 0.44, 0.44, 0.44], "usr [s]": [0.05, 0.08, 0.06, 0.08, 0.05], "sys [s]": [0.4, 0.35, 0.38, 0.35, 0.38], "cpu [s]": [0.45, 0.43, 0.44, 0.43, 0.43]}, "command": "['just_read', 'en.lz4']"}, "lz4cat -> GNU grep": {"data": {"wall [s]": [9.43, 9.59, 9.56, 9.41, 9.55], "usr [s]": [2.94, 3.58, 3.62, 3.5, 3.48], "sys [s]": [1.92, 1.43, 1.42, 1.6, 1.52], "cpu [s]": [4.859999999999999, 5.01, 5.04, 5.1, 5.0]}, "command": "lz4cat en.lz4 | grep Sherlock"}, "lz4cat -> ripgrep": {"data": {"wall [s]": [5.92, 5.89, 6.02, 6.08, 6.08], "usr [s]": [3.3, 3.38, 3.37, 3.42, 3.43], "sys [s]": [2.09, 2.0, 2.06, 2.14, 2.08], "cpu [s]": [5.39, 5.38, 5.43, 5.5600000000000005, 5.51]}, "command": "lz4cat en.lz4 | rg Sherlock"}, "lz4cat -> xs grep": {"data": {"wall [s]": [6.92, 6.92, 6.91, 6.73, 6.9], "usr [s]": [3.62, 3.59, 3.54, 3.51, 3.49], "sys [s]": [3.28, 3.3, 3.35, 3.19, 3.39], "cpu [s]": [6.9, 6.89, 6.890000000000001, 6.699999999999999, 6.880000000000001]}, "command": "lz4cat en.lz4 | xs Sherlock"}, "xspp -> xs grep": {"data": {"wall [s]": [1.62, 1.62, 1.63, 1.62, 1.62], "usr [s]": [5.3, 4.96, 5.72, 5.67, 5.02], "sys [s]": [1.66, 1.7, 1.7, 1.69, 1.66], "cpu [s]": [6.96, 6.66, 7.42, 7.359999999999999, 6.68]}, "command": "['xs', 'Sherlock', 'en.xslz4', '-m', 'en.xslz4.meta']"}, "xspp -> xs grep --max-readers 2": {"data": {"wall [s]": [1.23, 1.23, 1.24, 1.23, 1.23], "usr [s]": [4.35, 4.39, 4.38, 4.3, 4.27], "sys [s]": [0.38, 0.36, 0.38, 0.42, 0.48], "cpu [s]": [4.7299999999999995, 4.75, 4.76, 4.72, 4.75]}, "command": "['xs', 'Sherlock', 'en.xslz4', '-m', 'en.xslz4.meta', '--max-readers', '2']"}, "lz4cat -> xs grep --no-mmap": {"data": {"wall [s]": [6.71, 6.89, 6.97, 6.8, 6.99], "usr [s]": [3.48, 3.49, 3.51, 3.56, 3.58], "sys [s]": [3.2, 3.37, 3.42, 3.22, 3.39], "cpu [s]": [6.68, 6.86, 6.93, 6.78, 6.970000000000001]}, "command": "lz4cat en.lz4 | xs Sherlock --no-mmap"}, "xspp -> xs grep --no-mmap": {"data": {"wall [s]": [1.63, 1.62, 1.62, 1.62, 1.63], "usr [s]": [5.01, 5.63, 5.08, 5.16, 5.01], "sys [s]": [1.66, 1.68, 1.67, 1.66, 1.69], "cpu [s]": [6.67, 7.31, 6.75, 6.82, 6.699999999999999]}, "command": "['xs', 'Sherlock', 'en.xslz4', '-m', 'en.xslz4.meta', '--no-mmap']"}, "xspp -> xs grep --max-readers 2 --no-mmap": {"data": {"wall [s]": [1.59, 1.59, 1.58, 1.59, 1.59], "usr [s]": [4.73, 4.7, 4.8, 4.73, 4.78], "sys [s]": [1.4, 1.48, 1.38, 1.45, 1.38], "cpu [s]": [6.130000000000001, 6.18, 6.18, 6.180000000000001, 6.16]}, "command": "['xs', 'Sherlock', 'en.xslz4', '-m', 'en.xslz4.meta', '--max-readers', '2', '--no-mmap']"}}}