{"setup": {"name": "Compressed input (LZ4)", "hardware": {"client": "lena", "cpu": "AMD Ryzen 7 3700X 8-Core Processor"}}, "results": {"lz4cat -> just_read": {"data": {"wall [s]": [6.4, 6.25, 6.26, 6.31, 6.26], "usr [s]": [3.72, 3.86, 3.73, 3.8, 3.75], "sys [s]": [2.09, 1.85, 1.95, 1.92, 1.95], "cpu [s]": [5.8100000000000005, 5.71, 5.68, 5.72, 5.7]}, "command": "lz4cat en.lz4 | just_read"}, "just_read": {"data": {"wall [s]": [0.45, 0.44, 0.45, 0.44, 0.44], "usr [s]": [0.05, 0.08, 0.05, 0.06, 0.04], "sys [s]": [0.39, 0.36, 0.39, 0.38, 0.4], "cpu [s]": [0.44, 0.44, 0.44, 0.44, 0.44]}, "command": "['just_read', 'en.lz4']"}, "lz4cat -> GNU grep": {"data": {"wall [s]": [9.66, 9.57, 9.72, 9.45, 9.2], "usr [s]": [3.55, 3.55, 3.43, 3.52, 3.62], "sys [s]": [1.46, 1.34, 1.62, 1.44, 1.64], "cpu [s]": [5.01, 4.89, 5.050000000000001, 4.96, 5.26]}, "command": "lz4cat en.lz4 | grep Sherlock"}, "lz4cat -> ripgrep": {"data": {"wall [s]": [6.26, 5.95, 6.12, 6.09, 5.95], "usr [s]": [3.6, 3.31, 3.46, 3.41, 3.47], "sys [s]": [2.04, 2.12, 2.13, 2.14, 1.89], "cpu [s]": [5.640000000000001, 5.43, 5.59, 5.550000000000001, 5.36]}, "command": "lz4cat en.lz4 | rg Sherlock"}, "lz4cat -> xs grep": {"data": {"wall [s]": [6.89, 6.79, 6.8, 6.9, 6.85], "usr [s]": [3.72, 3.49, 3.55, 3.57, 3.51], "sys [s]": [3.16, 3.27, 3.22, 3.3, 3.31], "cpu [s]": [6.880000000000001, 6.76, 6.77, 6.869999999999999, 6.82]}, "command": "lz4cat en.lz4 | xs Sherlock"}, "xspp -> xs grep": {"data": {"wall [s]": [1.63, 1.64, 1.62, 1.63, 1.62], "usr [s]": [5.3, 5.0, 5.68, 5.42, 4.86], "sys [s]": [1.68, 1.7, 1.64, 1.69, 1.72], "cpu [s]": [6.9799999999999995, 6.7, 7.319999999999999, 7.109999999999999, 6.58]}, "command": "['xs', 'Sherlock', 'data.xslz4', '-m', 'data.xslz4.meta']"}, "xspp -> xs grep --max-readers 2": {"data": {"wall [s]": [1.24, 1.23, 1.23, 1.24, 1.23], "usr [s]": [4.3, 4.3, 4.31, 4.36, 4.28], "sys [s]": [0.46, 0.44, 0.43, 0.4, 0.45], "cpu [s]": [4.76, 4.74, 4.739999999999999, 4.760000000000001, 4.73]}, "command": "['xs', 'Sherlock', 'data.xslz4', '-m', 'data.xslz4.meta', '--max-readers', '2']"}, "lz4cat -> xs grep --no-mmap": {"data": {"wall [s]": [6.74, 6.77, 6.8, 6.78, 6.72], "usr [s]": [3.56, 3.47, 3.75, 3.53, 3.54], "sys [s]": [3.15, 3.27, 3.03, 3.21, 3.15], "cpu [s]": [6.71, 6.74, 6.779999999999999, 6.74, 6.6899999999999995]}, "command": "lz4cat en.lz4 | xs Sherlock --no-mmap"}, "xspp -> xs grep --no-mmap": {"data": {"wall [s]": [1.62, 1.62, 1.62, 1.62, 1.64], "usr [s]": [5.65, 5.96, 5.23, 5.79, 4.92], "sys [s]": [1.68, 1.66, 1.66, 1.7, 1.71], "cpu [s]": [7.33, 7.62, 6.890000000000001, 7.49, 6.63]}, "command": "['xs', 'Sherlock', 'data.xslz4', '-m', 'data.xslz4.meta', '--no-mmap']"}, "xspp -> xs grep --max-readers 2 --no-mmap": {"data": {"wall [s]": [1.59, 1.59, 1.59, 1.59, 1.59], "usr [s]": [4.75, 4.74, 4.83, 4.79, 4.74], "sys [s]": [1.41, 1.43, 1.35, 1.39, 1.44], "cpu [s]": [6.16, 6.17, 6.18, 6.18, 6.18]}, "command": "['xs', 'Sherlock', 'data.xslz4', '-m', 'data.xslz4.meta', '--max-readers', '2', '--no-mmap']"}}}