{"setup": {"name": "Compressed input (ZStandard)", "hardware": {"client": "lena", "cpu": "AMD Ryzen 7 3700X 8-Core Processor"}}, "results": {"zstdcat -> just_read": {"data": {"wall [s]": [8.63, 8.86, 8.61, 8.85, 8.72], "usr [s]": [6.58, 6.77, 6.58, 6.78, 6.52], "sys [s]": [1.61, 1.55, 1.58, 1.53, 1.68], "cpu [s]": [8.19, 8.32, 8.16, 8.31, 8.2]}, "command": "zstdcat en.zst | just_read"}, "just_read": {"data": {"wall [s]": [0.17, 0.18, 0.17, 0.18, 0.17], "usr [s]": [0.02, 0.02, 0.03, 0.02, 0.01], "sys [s]": [0.15, 0.15, 0.14, 0.15, 0.15], "cpu [s]": [0.16999999999999998, 0.16999999999999998, 0.17, 0.16999999999999998, 0.16]}, "command": "['just_read', 'en.zst']"}, "zstdcat -> GNU grep": {"data": {"wall [s]": [9.61, 9.33, 9.59, 9.52, 9.55], "usr [s]": [6.47, 6.49, 6.56, 6.47, 6.23], "sys [s]": [1.26, 1.16, 1.25, 1.14, 1.42], "cpu [s]": [7.7299999999999995, 7.65, 7.81, 7.609999999999999, 7.65]}, "command": "zstdcat en.zst | grep Sherlock"}, "zstdcat -> ripgrep": {"data": {"wall [s]": [8.89, 8.89, 8.95, 9.01, 9.07], "usr [s]": [6.28, 6.34, 6.39, 6.57, 6.57], "sys [s]": [1.39, 1.3, 1.3, 1.15, 1.23], "cpu [s]": [7.67, 7.64, 7.6899999999999995, 7.720000000000001, 7.800000000000001]}, "command": "zstdcat en.zst | rg Sherlock"}, "zstdcat -> xs grep": {"data": {"wall [s]": [8.78, 9.01, 8.93, 8.78, 8.99], "usr [s]": [6.34, 6.41, 6.46, 6.36, 6.37], "sys [s]": [1.42, 1.62, 1.43, 1.41, 1.57], "cpu [s]": [7.76, 8.030000000000001, 7.89, 7.7700000000000005, 7.94]}, "command": "zstdcat en.zst | xs Sherlock"}, "xspp -> xs grep": {"data": {"wall [s]": [1.7, 1.7, 1.68, 1.69, 1.71], "usr [s]": [6.57, 6.55, 6.49, 6.55, 6.53], "sys [s]": [0.6, 0.54, 0.53, 0.54, 0.6], "cpu [s]": [7.17, 7.09, 7.0200000000000005, 7.09, 7.13]}, "command": "['xs', 'Sherlock', 'en.xszst', '-m', 'en.xszst.meta']"}, "xspp -> xs grep --max-readers 2": {"data": {"wall [s]": [1.67, 1.68, 1.68, 1.67, 1.68], "usr [s]": [6.26, 6.31, 6.37, 6.33, 6.34], "sys [s]": [0.29, 0.27, 0.2, 0.21, 0.22], "cpu [s]": [6.55, 6.58, 6.57, 6.54, 6.56]}, "command": "['xs', 'Sherlock', 'en.xszst', '-m', 'en.xszst.meta', '--max-readers', '2']"}, "zstdcat -> xs grep --no-mmap": {"data": {"wall [s]": [8.99, 8.89, 8.91, 9.17, 8.97], "usr [s]": [6.4, 6.38, 6.46, 6.52, 6.21], "sys [s]": [1.58, 1.47, 1.37, 1.64, 1.67], "cpu [s]": [7.98, 7.85, 7.83, 8.16, 7.88]}, "command": "zstdcat en.zst | xs Sherlock --no-mmap"}, "xspp -> xs grep --no-mmap": {"data": {"wall [s]": [1.7, 1.71, 1.7, 1.71, 1.71], "usr [s]": [6.61, 6.58, 6.56, 6.63, 6.58], "sys [s]": [0.49, 0.55, 0.55, 0.5, 0.55], "cpu [s]": [7.1000000000000005, 7.13, 7.109999999999999, 7.13, 7.13]}, "command": "['xs', 'Sherlock', 'en.xszst', '-m', 'en.xszst.meta', '--no-mmap']"}, "xspp -> xs grep --max-readers 2 --no-mmap": {"data": {"wall [s]": [1.76, 1.75, 1.76, 1.75, 1.75], "usr [s]": [6.38, 6.44, 6.32, 6.41, 6.43], "sys [s]": [0.5, 0.41, 0.55, 0.45, 0.43], "cpu [s]": [6.88, 6.8500000000000005, 6.87, 6.86, 6.859999999999999]}, "command": "['xs', 'Sherlock', 'en.xszst', '-m', 'en.xszst.meta', '--max-readers', '2', '--no-mmap']"}}}