{"setup": {"name": "Compressed input (ZStandard)", "hardware": {"client": "lena", "cpu": "AMD Ryzen 7 3700X 8-Core Processor"}}, "results": {"zstdcat -> just_read": {"data": {"wall [s]": [8.78, 8.8, 8.85, 8.72, 8.72], "usr [s]": [6.76, 6.63, 6.75, 6.72, 6.72], "sys [s]": [1.49, 1.66, 1.55, 1.47, 1.47], "cpu [s]": [8.25, 8.29, 8.3, 8.19, 8.19]}, "command": "zstdcat en.zst | just_read"}, "just_read": {"data": {"wall [s]": [0.17, 0.17, 0.17, 0.17, 0.17], "usr [s]": [0.02, 0.02, 0.04, 0.01, 0.01], "sys [s]": [0.14, 0.14, 0.12, 0.15, 0.15], "cpu [s]": [0.16, 0.16, 0.16, 0.16, 0.16]}, "command": "['just_read', 'en.zst']"}, "zstdcat -> GNU grep": {"data": {"wall [s]": [9.6, 9.49, 9.57, 9.53, 9.43], "usr [s]": [6.45, 6.6, 6.45, 6.13, 6.37], "sys [s]": [1.29, 1.22, 1.2, 1.5, 1.26], "cpu [s]": [7.74, 7.819999999999999, 7.65, 7.63, 7.63]}, "command": "zstdcat en.zst | grep Sherlock"}, "zstdcat -> ripgrep": {"data": {"wall [s]": [8.92, 9.08, 8.82, 8.98, 8.95], "usr [s]": [6.33, 6.46, 6.5, 6.35, 6.31], "sys [s]": [1.32, 1.34, 1.29, 1.36, 1.37], "cpu [s]": [7.65, 7.8, 7.79, 7.71, 7.68]}, "command": "zstdcat en.zst | rg Sherlock"}, "zstdcat -> xs grep": {"data": {"wall [s]": [8.98, 8.94, 8.87, 9.06, 8.87], "usr [s]": [6.3, 6.43, 6.35, 6.45, 6.48], "sys [s]": [1.64, 1.49, 1.49, 1.58, 1.39], "cpu [s]": [7.9399999999999995, 7.92, 7.84, 8.030000000000001, 7.87]}, "command": "zstdcat en.zst | xs Sherlock"}, "xspp -> xs grep": {"data": {"wall [s]": [1.7, 1.71, 1.7, 1.7, 1.69], "usr [s]": [6.51, 6.57, 6.55, 6.53, 6.46], "sys [s]": [0.63, 0.51, 0.54, 0.55, 0.57], "cpu [s]": [7.14, 7.08, 7.09, 7.08, 7.03]}, "command": "['xs', 'Sherlock', 'en.xszst', '-m', 'en.xszst.meta']"}, "xspp -> xs grep --max-readers 2": {"data": {"wall [s]": [1.67, 1.66, 1.67, 1.66, 1.66], "usr [s]": [6.3, 6.31, 6.27, 6.3, 6.26], "sys [s]": [0.22, 0.2, 0.28, 0.21, 0.25], "cpu [s]": [6.52, 6.51, 6.55, 6.51, 6.51]}, "command": "['xs', 'Sherlock', 'en.xszst', '-m', 'en.xszst.meta', '--max-readers', '2']"}, "zstdcat -> xs grep --no-mmap": {"data": {"wall [s]": [8.95, 8.85, 8.93, 8.91, 8.67], "usr [s]": [6.42, 6.37, 6.34, 6.32, 6.24], "sys [s]": [1.54, 1.44, 1.52, 1.56, 1.42], "cpu [s]": [7.96, 7.8100000000000005, 7.859999999999999, 7.880000000000001, 7.66]}, "command": "zstdcat en.zst | xs Sherlock --no-mmap"}, "xspp -> xs grep --no-mmap": {"data": {"wall [s]": [1.69, 1.69, 1.69, 1.69, 1.69], "usr [s]": [6.48, 6.52, 6.54, 6.55, 6.56], "sys [s]": [0.59, 0.54, 0.51, 0.52, 0.51], "cpu [s]": [7.07, 7.06, 7.05, 7.07, 7.069999999999999]}, "command": "['xs', 'Sherlock', 'en.xszst', '-m', 'en.xszst.meta', '--no-mmap']"}, "xspp -> xs grep --max-readers 2 --no-mmap": {"data": {"wall [s]": [1.75, 1.75, 1.78, 1.75, 1.76], "usr [s]": [6.44, 6.36, 6.27, 6.33, 6.45], "sys [s]": [0.42, 0.48, 0.71, 0.51, 0.45], "cpu [s]": [6.86, 6.84, 6.9799999999999995, 6.84, 6.9]}, "command": "['xs', 'Sherlock', 'en.xszst', '-m', 'en.xszst.meta', '--max-readers', '2', '--no-mmap']"}}}