{"setup": {"name": "Preprocessed (compressed) input", "hardware": {"client": "lena", "cpu": "AMD Ryzen 7 3700X 8-Core Processor"}}, "results": {"xspp zstd -> xs grep": {"data": {"wall [s]": [1.71, 1.71, 1.7, 1.71, 1.71], "usr [s]": [6.53, 6.55, 6.55, 6.54, 6.52], "sys [s]": [0.61, 0.56, 0.55, 0.61, 0.57], "cpu [s]": [7.140000000000001, 7.109999999999999, 7.1, 7.15, 7.09]}, "command": "['xs', 'Sherlock', 'en.xszst', '-m', 'en.xszst.meta']"}, "xspp lz4 -> xs grep": {"data": {"wall [s]": [1.64, 1.63, 1.63, 1.64, 1.65], "usr [s]": [4.8, 5.73, 5.05, 4.94, 5.03], "sys [s]": [1.66, 1.65, 1.69, 1.66, 1.68], "cpu [s]": [6.46, 7.380000000000001, 6.74, 6.6000000000000005, 6.71]}, "command": "['xs', 'Sherlock', 'en.xslz4', '-m', 'en.xslz4.meta']"}, "xspp lz4 hc -> xs grep": {"data": {"wall [s]": [1.39, 1.38, 1.39, 1.39, 1.38], "usr [s]": [5.3, 5.33, 5.3, 5.32, 5.31], "sys [s]": [1.32, 1.24, 1.29, 1.27, 1.26], "cpu [s]": [6.62, 6.57, 6.59, 6.59, 6.569999999999999]}, "command": "['xs', 'Sherlock', 'en.hc.xslz4', '-m', 'en.hc.xslz4.meta']"}, "xspp zstd -> xs grep*": {"data": {"wall [s]": [1.68, 1.68, 1.67, 1.68, 1.67], "usr [s]": [6.31, 6.27, 6.28, 6.29, 6.26], "sys [s]": [0.26, 0.27, 0.25, 0.27, 0.26], "cpu [s]": [6.569999999999999, 6.539999999999999, 6.53, 6.5600000000000005, 6.52]}, "command": "['xs', 'Sherlock', 'en.xszst', '-m', 'en.xszst.meta', '--max-readers', '4']"}, "xspp lz4 -> xs grep*": {"data": {"wall [s]": [1.24, 1.24, 1.24, 1.24, 1.24], "usr [s]": [4.32, 4.37, 4.28, 4.36, 4.37], "sys [s]": [0.44, 0.4, 0.46, 0.4, 0.4], "cpu [s]": [4.760000000000001, 4.7700000000000005, 4.74, 4.760000000000001, 4.7700000000000005]}, "command": "['xs', 'Sherlock', 'en.xslz4', '-m', 'en.xslz4.meta', '--max-readers', '4']"}, "xspp lz4 hc -> xs grep*": {"data": {"wall [s]": [1.18, 1.17, 1.19, 1.18, 1.18], "usr [s]": [4.17, 4.19, 4.19, 4.27, 4.23], "sys [s]": [0.36, 0.31, 0.34, 0.31, 0.32], "cpu [s]": [4.53, 4.5, 4.53, 4.579999999999999, 4.550000000000001]}, "command": "['xs', 'Sherlock', 'en.hc.xslz4', '-m', 'en.hc.xslz4.meta', '--max-readers', '4']"}}}