{"setup": {"name": "Preprocessed (compressed) input", "hardware": {"client": "lena", "cpu": "AMD Ryzen 7 3700X 8-Core Processor"}}, "results": {"xspp zstd -> xs grep": {"data": {"wall [s]": [1.71, 1.7, 1.71, 1.73, 1.71], "usr [s]": [6.56, 6.52, 6.54, 6.57, 6.62], "sys [s]": [0.63, 0.57, 0.58, 0.59, 0.5], "cpu [s]": [7.1899999999999995, 7.09, 7.12, 7.16, 7.12]}, "command": "['xs', 'Sherlock', 'data.xszst', '-m', 'data.xszst.meta']"}, "xspp lz4 -> xs grep": {"data": {"wall [s]": [1.64, 1.64, 1.64, 1.64, 1.63], "usr [s]": [5.41, 5.0, 4.98, 5.03, 4.98], "sys [s]": [1.68, 1.66, 1.71, 1.67, 1.7], "cpu [s]": [7.09, 6.66, 6.69, 6.7, 6.680000000000001]}, "command": "['xs', 'Sherlock', 'data.xslz4', '-m', 'data.xslz4.meta']"}, "xspp lz4 hc -> xs grep": {"data": {"wall [s]": [1.39, 1.39, 1.39, 1.39, 1.38], "usr [s]": [5.35, 5.34, 5.31, 5.28, 5.16], "sys [s]": [1.29, 1.25, 1.29, 1.31, 1.12], "cpu [s]": [6.64, 6.59, 6.6, 6.59, 6.28]}, "command": "['xs', 'Sherlock', 'en.hc.xslz4', '-m', 'en.hc.xslz4.meta']"}, "xspp zstd -> xs grep*": {"data": {"wall [s]": [1.68, 1.69, 1.68, 1.67, 1.69], "usr [s]": [6.28, 6.37, 6.23, 6.26, 6.36], "sys [s]": [0.29, 0.22, 0.32, 0.25, 0.21], "cpu [s]": [6.57, 6.59, 6.550000000000001, 6.51, 6.57]}, "command": "['xs', 'Sherlock', 'data.xszst', '-m', 'data.xszst.meta', '--max-readers', '4']"}, "xspp lz4 -> xs grep*": {"data": {"wall [s]": [1.24, 1.25, 1.25, 1.25, 1.24], "usr [s]": [4.34, 4.37, 4.3, 4.41, 4.35], "sys [s]": [0.43, 0.41, 0.49, 0.38, 0.42], "cpu [s]": [4.77, 4.78, 4.79, 4.79, 4.77]}, "command": "['xs', 'Sherlock', 'data.xslz4', '-m', 'data.xslz4.meta', '--max-readers', '4']"}, "xspp lz4 hc -> xs grep*": {"data": {"wall [s]": [1.19, 1.19, 1.18, 1.19, 1.19], "usr [s]": [4.2, 4.23, 4.23, 4.26, 4.23], "sys [s]": [0.35, 0.33, 0.32, 0.31, 0.35], "cpu [s]": [4.55, 4.5600000000000005, 4.550000000000001, 4.569999999999999, 4.58]}, "command": "['xs', 'Sherlock', 'en.hc.xslz4', '-m', 'en.hc.xslz4.meta', '--max-readers', '4']"}}}