{"setup": {"name": "search lines (regex ' [sS][A-Za-z]*k ', ignore case, line number)", "hardware": {"client": "lena", "cpu": "AMD Ryzen 7 3700X 8-Core Processor"}}, "results": {"GNU grep": {"data": {"wall [s]": [39.19, 38.02, 38.03, 38.25, 38.81], "usr [s]": [38.39, 37.16, 37.18, 37.3, 37.92], "sys [s]": [0.79, 0.85, 0.85, 0.94, 0.88], "cpu [s]": [39.18, 38.01, 38.03, 38.239999999999995, 38.800000000000004]}, "command": "['grep', ' [sS][A-Za-z]*k ', 'en.txt', '-i', '-n']"}, "ripgrep": {"data": {"wall [s]": [21.53, 21.97, 21.69, 21.77, 21.54], "usr [s]": [20.87, 21.38, 21.06, 21.15, 20.96], "sys [s]": [0.65, 0.59, 0.63, 0.61, 0.58], "cpu [s]": [21.52, 21.97, 21.689999999999998, 21.759999999999998, 21.54]}, "command": "['rg', ' [sS][A-Za-z]*k ', 'en.txt', '-i', '-n']"}, "xs grep -j 1": {"data": {"wall [s]": [31.61, 30.91, 31.67, 31.11, 30.93], "usr [s]": [31.07, 30.36, 31.17, 30.65, 30.35], "sys [s]": [0.55, 0.56, 0.51, 0.47, 0.59], "cpu [s]": [31.62, 30.919999999999998, 31.680000000000003, 31.119999999999997, 30.94]}, "command": "['xs', ' [sS][A-Za-z]*k ', 'en.txt', '-j', '1', '-i', '-n']"}, "xs grep": {"data": {"wall [s]": [8.17, 8.22, 8.16, 8.18, 8.17], "usr [s]": [31.95, 32.15, 32.07, 31.91, 32.04], "sys [s]": [0.5, 0.63, 0.48, 0.62, 0.55], "cpu [s]": [32.45, 32.78, 32.55, 32.53, 32.589999999999996]}, "command": "['xs', ' [sS][A-Za-z]*k ', 'en.txt', '-i', '-n']"}, "xs grep -j": {"data": {"wall [s]": [4.43, 4.4, 4.43, 4.38, 4.4], "usr [s]": [33.58, 33.58, 33.69, 33.76, 33.7], "sys [s]": [0.64, 0.64, 0.62, 0.52, 0.58], "cpu [s]": [34.22, 34.22, 34.309999999999995, 34.28, 34.28]}, "command": "['xs', ' [sS][A-Za-z]*k ', 'en.txt', '-i', '-n', '-j']"}, "xs grep -j 1 --no-mmap": {"data": {"wall [s]": [31.87, 31.51, 31.78, 31.47, 30.77], "usr [s]": [31.68, 31.3, 31.59, 31.26, 30.52], "sys [s]": [2.21, 2.23, 2.21, 2.23, 2.25], "cpu [s]": [33.89, 33.53, 33.8, 33.49, 32.769999999999996]}, "command": "['xs', ' [sS][A-Za-z]*k ', 'en.txt', '-j', '1', '-i', '-n', '--no-mmap']"}, "xs grep --no-mmap": {"data": {"wall [s]": [8.29, 8.38, 8.31, 8.32, 8.29], "usr [s]": [32.78, 33.22, 32.93, 32.83, 32.91], "sys [s]": [2.06, 1.99, 2.03, 2.16, 1.97], "cpu [s]": [34.84, 35.21, 34.96, 34.989999999999995, 34.879999999999995]}, "command": "['xs', ' [sS][A-Za-z]*k ', 'en.txt', '-i', '-n', '--no-mmap']"}, "xs grep -j --no-mmap": {"data": {"wall [s]": [4.3, 4.29, 4.3, 4.31, 4.24], "usr [s]": [33.67, 33.63, 33.75, 33.74, 33.22], "sys [s]": [2.12, 2.16, 2.12, 2.13, 2.23], "cpu [s]": [35.79, 35.790000000000006, 35.87, 35.870000000000005, 35.449999999999996]}, "command": "['xs', ' [sS][A-Za-z]*k ', 'en.txt', '-i', '-n', '-j', '--no-mmap']"}}}