{"setup": {"name": "search lines (regex ' [sS][A-Za-z]*[kK] ', ignore case, line number)", "hardware": {"client": "lena", "cpu": "AMD Ryzen 7 3700X 8-Core Processor"}}, "results": {"GNU grep": {"data": {"wall [s]": [38.54, 37.99, 38.69, 37.99, 38.33], "usr [s]": [37.63, 37.09, 37.85, 37.07, 37.45], "sys [s]": [0.91, 0.89, 0.84, 0.92, 0.87], "cpu [s]": [38.54, 37.980000000000004, 38.690000000000005, 37.99, 38.32]}, "command": "['grep', ' [sS][A-Za-z]*[kK] ', 'data.txt', '-i', '-n']"}, "ripgrep": {"data": {"wall [s]": [21.67, 21.48, 21.81, 21.64, 21.8], "usr [s]": [21.01, 20.83, 21.16, 21.06, 21.14], "sys [s]": [0.65, 0.64, 0.64, 0.57, 0.66], "cpu [s]": [21.66, 21.47, 21.8, 21.63, 21.8]}, "command": "['rg', ' [sS][A-Za-z]*[kK] ', 'data.txt', '-i', '-n']"}, "xs grep -j 1": {"data": {"wall [s]": [30.87, 31.7, 31.43, 31.4, 31.13], "usr [s]": [30.39, 31.21, 30.87, 30.88, 30.64], "sys [s]": [0.49, 0.49, 0.57, 0.52, 0.51], "cpu [s]": [30.88, 31.7, 31.44, 31.4, 31.150000000000002]}, "command": "['xs', ' [sS][A-Za-z]*[kK] ', 'data.txt', '-j', '1', '-i', '-n']"}, "xs grep": {"data": {"wall [s]": [8.2, 8.12, 8.22, 8.22, 8.2], "usr [s]": [32.1, 31.74, 32.24, 32.18, 32.08], "sys [s]": [0.58, 0.57, 0.57, 0.59, 0.64], "cpu [s]": [32.68, 32.309999999999995, 32.81, 32.77, 32.72]}, "command": "['xs', ' [sS][A-Za-z]*[kK] ', 'data.txt', '-i', '-n']"}, "xs grep -j": {"data": {"wall [s]": [4.22, 4.29, 4.2, 4.23, 4.33], "usr [s]": [32.73, 32.67, 32.71, 32.72, 32.98], "sys [s]": [0.59, 0.67, 0.64, 0.64, 0.58], "cpu [s]": [33.32, 33.34, 33.35, 33.36, 33.559999999999995]}, "command": "['xs', ' [sS][A-Za-z]*[kK] ', 'data.txt', '-i', '-n', '-j']"}, "xs grep -j 1 --no-mmap": {"data": {"wall [s]": [31.08, 30.71, 31.02, 31.05, 31.09], "usr [s]": [30.89, 30.55, 30.8, 30.83, 30.92], "sys [s]": [2.21, 2.18, 2.2, 2.22, 2.15], "cpu [s]": [33.1, 32.730000000000004, 33.0, 33.05, 33.07]}, "command": "['xs', ' [sS][A-Za-z]*[kK] ', 'data.txt', '-j', '1', '-i', '-n', '--no-mmap']"}, "xs grep --no-mmap": {"data": {"wall [s]": [8.08, 8.16, 8.08, 8.11, 8.12], "usr [s]": [31.95, 32.18, 31.96, 32.04, 32.15], "sys [s]": [2.0, 2.02, 2.06, 2.07, 2.06], "cpu [s]": [33.95, 34.2, 34.02, 34.11, 34.21]}, "command": "['xs', ' [sS][A-Za-z]*[kK] ', 'data.txt', '-i', '-n', '--no-mmap']"}, "xs grep -j --no-mmap": {"data": {"wall [s]": [4.32, 4.26, 4.32, 4.29, 4.31], "usr [s]": [33.71, 33.42, 33.8, 33.64, 33.4], "sys [s]": [2.12, 2.1, 2.1, 2.12, 2.38], "cpu [s]": [35.83, 35.52, 35.9, 35.76, 35.78]}, "command": "['xs', ' [sS][A-Za-z]*[kK] ', 'data.txt', '-i', '-n', '-j', '--no-mmap']"}}}