{"setup": {"name": "search lines (regex ' [sS][A-Za-z]*[kK] ', ignore case)", "hardware": {"client": "lena", "cpu": "AMD Ryzen 7 3700X 8-Core Processor"}}, "results": {"GNU grep": {"data": {"wall [s]": [35.98, 36.07, 35.18, 35.52, 35.31], "usr [s]": [35.1, 35.15, 34.29, 34.64, 34.43], "sys [s]": [0.87, 0.91, 0.88, 0.88, 0.88], "cpu [s]": [35.97, 36.059999999999995, 35.17, 35.52, 35.31]}, "command": "['grep', ' [sS][A-Za-z]*[kK] ', 'data.txt', '-i']"}, "ripgrep": {"data": {"wall [s]": [21.77, 21.91, 21.29, 21.36, 21.81], "usr [s]": [21.16, 21.3, 20.62, 20.73, 21.11], "sys [s]": [0.61, 0.6, 0.67, 0.63, 0.69], "cpu [s]": [21.77, 21.900000000000002, 21.290000000000003, 21.36, 21.8]}, "command": "['rg', ' [sS][A-Za-z]*[kK] ', 'data.txt', '-i']"}, "xs grep -j 1": {"data": {"wall [s]": [26.98, 28.17, 27.63, 28.13, 28.21], "usr [s]": [26.42, 27.63, 27.06, 27.67, 27.75], "sys [s]": [0.57, 0.55, 0.58, 0.47, 0.47], "cpu [s]": [26.990000000000002, 28.18, 27.639999999999997, 28.14, 28.22]}, "command": "['xs', ' [sS][A-Za-z]*[kK] ', 'data.txt', '-j', '1', '-i']"}, "xs grep": {"data": {"wall [s]": [7.24, 7.27, 7.25, 7.25, 7.21], "usr [s]": [28.22, 28.39, 28.35, 28.4, 28.11], "sys [s]": [0.67, 0.61, 0.59, 0.59, 0.67], "cpu [s]": [28.89, 29.0, 28.94, 28.99, 28.78]}, "command": "['xs', ' [sS][A-Za-z]*[kK] ', 'data.txt', '-i']"}, "xs grep -j": {"data": {"wall [s]": [3.7, 3.71, 3.75, 3.72, 3.71], "usr [s]": [28.8, 28.96, 29.24, 28.95, 28.95], "sys [s]": [0.51, 0.54, 0.59, 0.56, 0.55], "cpu [s]": [29.310000000000002, 29.5, 29.83, 29.509999999999998, 29.5]}, "command": "['xs', ' [sS][A-Za-z]*[kK] ', 'data.txt', '-i', '-j']"}, "xs grep -j 1 --no-mmap": {"data": {"wall [s]": [27.4, 27.56, 27.55, 27.56, 26.87], "usr [s]": [27.17, 27.38, 27.34, 27.39, 26.71], "sys [s]": [2.28, 2.2, 2.23, 2.16, 2.17], "cpu [s]": [29.450000000000003, 29.58, 29.57, 29.55, 28.880000000000003]}, "command": "['xs', ' [sS][A-Za-z]*[kK] ', 'data.txt', '-j', '1', '-i', '--no-mmap']"}, "xs grep --no-mmap": {"data": {"wall [s]": [7.22, 7.19, 7.26, 7.15, 7.17], "usr [s]": [28.43, 28.44, 28.83, 28.29, 28.29], "sys [s]": [2.04, 2.05, 1.93, 1.97, 2.04], "cpu [s]": [30.47, 30.490000000000002, 30.759999999999998, 30.259999999999998, 30.33]}, "command": "['xs', ' [sS][A-Za-z]*[kK] ', 'data.txt', '-i', '--no-mmap']"}, "xs grep -j --no-mmap": {"data": {"wall [s]": [3.8, 3.81, 3.79, 3.8, 3.78], "usr [s]": [29.71, 29.8, 29.67, 29.68, 29.5], "sys [s]": [2.05, 2.05, 2.04, 2.03, 2.08], "cpu [s]": [31.76, 31.85, 31.71, 31.71, 31.58]}, "command": "['xs', ' [sS][A-Za-z]*[kK] ', 'data.txt', '-i', '-j', '--no-mmap']"}}}