{"setup": {"name": "search lines (regex ' [sS][A-Za-z]*[kK] ')", "hardware": {"client": "lena", "cpu": "AMD Ryzen 7 3700X 8-Core Processor"}}, "results": {"GNU grep": {"data": {"wall [s]": [33.93, 33.52, 33.7, 33.75, 33.51], "usr [s]": [33.17, 32.59, 32.84, 32.82, 32.68], "sys [s]": [0.75, 0.93, 0.86, 0.93, 0.83], "cpu [s]": [33.92, 33.52, 33.7, 33.75, 33.51]}, "command": "['grep', ' [sS][A-Za-z]*[kK] ', 'data.txt']"}, "ripgrep": {"data": {"wall [s]": [21.89, 21.22, 21.76, 21.87, 21.79], "usr [s]": [21.27, 20.61, 21.12, 21.18, 21.23], "sys [s]": [0.62, 0.61, 0.63, 0.68, 0.55], "cpu [s]": [21.89, 21.22, 21.75, 21.86, 21.78]}, "command": "['rg', ' [sS][A-Za-z]*[kK] ', 'data.txt']"}, "xs grep -j 1": {"data": {"wall [s]": [11.68, 11.69, 11.24, 11.25, 11.57], "usr [s]": [11.2, 11.22, 10.72, 10.73, 11.08], "sys [s]": [0.49, 0.48, 0.53, 0.54, 0.5], "cpu [s]": [11.69, 11.700000000000001, 11.25, 11.27, 11.58]}, "command": "['xs', ' [sS][A-Za-z]*[kK] ', 'data.txt', '-j', '1']"}, "xs grep": {"data": {"wall [s]": [3.09, 3.09, 3.08, 3.1, 3.09], "usr [s]": [11.69, 11.72, 11.69, 11.67, 11.69], "sys [s]": [0.59, 0.59, 0.59, 0.68, 0.66], "cpu [s]": [12.28, 12.31, 12.28, 12.35, 12.35]}, "command": "['xs', ' [sS][A-Za-z]*[kK] ', 'data.txt']"}, "xs grep -j": {"data": {"wall [s]": [1.63, 1.62, 1.61, 1.6, 1.63], "usr [s]": [12.26, 12.16, 12.08, 12.05, 12.17], "sys [s]": [0.52, 0.53, 0.61, 0.5, 0.56], "cpu [s]": [12.78, 12.69, 12.69, 12.55, 12.73]}, "command": "['xs', ' [sS][A-Za-z]*[kK] ', 'data.txt', '-j']"}, "xs grep -j 1 --no-mmap": {"data": {"wall [s]": [11.32, 11.08, 11.49, 11.41, 11.45], "usr [s]": [11.09, 10.84, 11.23, 11.22, 11.21], "sys [s]": [2.22, 2.23, 2.25, 2.18, 2.22], "cpu [s]": [13.31, 13.07, 13.48, 13.4, 13.430000000000001]}, "command": "['xs', ' [sS][A-Za-z]*[kK] ', 'data.txt', '-j', '1', '--no-mmap']"}, "xs grep --no-mmap": {"data": {"wall [s]": [3.09, 3.09, 3.07, 3.02, 3.02], "usr [s]": [11.98, 12.03, 11.95, 11.84, 11.73], "sys [s]": [1.97, 1.95, 2.0, 1.91, 1.98], "cpu [s]": [13.950000000000001, 13.979999999999999, 13.95, 13.75, 13.71]}, "command": "['xs', ' [sS][A-Za-z]*[kK] ', 'data.txt', '--no-mmap']"}, "xs grep -j --no-mmap": {"data": {"wall [s]": [1.83, 1.86, 1.86, 1.87, 1.91], "usr [s]": [13.62, 13.57, 13.52, 13.15, 13.26], "sys [s]": [1.84, 1.87, 1.89, 1.89, 1.96], "cpu [s]": [15.459999999999999, 15.440000000000001, 15.41, 15.040000000000001, 15.219999999999999]}, "command": "['xs', ' [sS][A-Za-z]*[kK] ', 'data.txt', '-j', '--no-mmap']"}}}