{"setup": {"name": "search lines (regex 'She[r ]lock')", "hardware": {"client": "lena", "cpu": "AMD Ryzen 7 3700X 8-Core Processor"}}, "results": {"GNU grep": {"data": {"wall [s]": [13.28, 13.3, 13.29, 13.45, 13.08], "usr [s]": [12.44, 12.46, 12.49, 12.54, 12.2], "sys [s]": [0.83, 0.84, 0.8, 0.9, 0.87], "cpu [s]": [13.27, 13.3, 13.290000000000001, 13.44, 13.069999999999999]}, "command": "['grep', 'She[r ]lock', 'en.txt', '-i']"}, "ripgrep": {"data": {"wall [s]": [2.66, 2.67, 2.65, 2.87, 2.7], "usr [s]": [2.18, 2.15, 2.25, 2.39, 2.26], "sys [s]": [0.48, 0.51, 0.4, 0.48, 0.44], "cpu [s]": [2.66, 2.66, 2.65, 2.87, 2.6999999999999997]}, "command": "['rg', 'She[r ]lock', 'en.txt', '-i']"}, "xs grep -j 1": {"data": {"wall [s]": [12.15, 12.16, 12.15, 12.15, 12.0], "usr [s]": [11.61, 11.6, 11.58, 11.64, 11.51], "sys [s]": [0.55, 0.57, 0.58, 0.53, 0.5], "cpu [s]": [12.16, 12.17, 12.16, 12.17, 12.01]}, "command": "['xs', 'She[r ]lock', 'en.txt', '-i', '-j', '1']"}, "xs grep": {"data": {"wall [s]": [3.17, 3.18, 3.13, 3.17, 3.14], "usr [s]": [11.92, 11.86, 11.82, 11.98, 11.94], "sys [s]": [0.52, 0.61, 0.54, 0.52, 0.52], "cpu [s]": [12.44, 12.469999999999999, 12.36, 12.5, 12.459999999999999]}, "command": "['xs', 'She[r ]lock', 'en.txt', '-i']"}, "xs grep -j": {"data": {"wall [s]": [1.63, 1.63, 1.66, 1.63, 1.67], "usr [s]": [12.05, 12.25, 12.15, 12.19, 12.1], "sys [s]": [0.57, 0.52, 0.54, 0.55, 0.52], "cpu [s]": [12.620000000000001, 12.77, 12.690000000000001, 12.74, 12.62]}, "command": "['xs', 'She[r ]lock', 'en.txt', '-i', '-j']"}, "xs grep -j 1 --no-mmap": {"data": {"wall [s]": [11.63, 11.79, 11.79, 11.79, 11.54], "usr [s]": [11.59, 11.74, 11.74, 11.73, 11.5], "sys [s]": [2.22, 2.23, 2.22, 2.24, 2.22], "cpu [s]": [13.81, 13.97, 13.96, 13.97, 13.72]}, "command": "['xs', 'She[r ]lock', 'en.txt', '-i', '-j', '1', '--no-mmap']"}, "xs grep --no-mmap": {"data": {"wall [s]": [3.1, 3.1, 3.07, 3.08, 3.08], "usr [s]": [12.05, 12.04, 12.01, 12.06, 11.99], "sys [s]": [1.94, 1.95, 1.94, 1.91, 1.97], "cpu [s]": [13.99, 13.989999999999998, 13.95, 13.97, 13.96]}, "command": "['xs', 'She[r ]lock', 'en.txt', '-i', '--no-mmap']"}, "xs grep -j --no-mmap": {"data": {"wall [s]": [1.83, 1.85, 1.87, 1.87, 1.87], "usr [s]": [13.24, 13.36, 13.37, 13.35, 13.38], "sys [s]": [1.81, 1.84, 1.86, 1.85, 1.89], "cpu [s]": [15.05, 15.2, 15.229999999999999, 15.2, 15.270000000000001]}, "command": "['xs', 'She[r ]lock', 'en.txt', '-i', '-j', '--no-mmap']"}}}