{"setup": {"name": "search lines (literal 'Sherlock')", "hardware": {"client": "lena", "cpu": "AMD Ryzen 7 3700X 8-Core Processor"}}, "results": {"GNU grep": {"data": {"wall [s]": [3.32, 3.33, 3.33, 3.29, 3.32], "usr [s]": [2.44, 2.47, 2.43, 2.47, 2.53], "sys [s]": [0.88, 0.85, 0.9, 0.82, 0.78], "cpu [s]": [3.32, 3.3200000000000003, 3.33, 3.29, 3.3099999999999996]}, "command": "['grep', 'Sherlock', 'data.txt']"}, "ripgrep": {"data": {"wall [s]": [0.98, 0.98, 0.98, 0.98, 0.97], "usr [s]": [0.51, 0.53, 0.54, 0.51, 0.49], "sys [s]": [0.46, 0.44, 0.44, 0.47, 0.48], "cpu [s]": [0.97, 0.97, 0.98, 0.98, 0.97]}, "command": "['rg', 'Sherlock', 'data.txt']"}, "xs grep -j 1": {"data": {"wall [s]": [1.03, 1.02, 1.03, 1.01, 1.02], "usr [s]": [0.62, 0.63, 0.61, 0.63, 0.62], "sys [s]": [0.41, 0.4, 0.43, 0.4, 0.4], "cpu [s]": [1.03, 1.03, 1.04, 1.03, 1.02]}, "command": "['xs', 'Sherlock', 'data.txt', '-j', '1']"}, "xs grep": {"data": {"wall [s]": [0.48, 0.48, 0.48, 0.5, 0.48], "usr [s]": [1.04, 1.02, 1.01, 0.99, 1.04], "sys [s]": [0.54, 0.56, 0.57, 0.6, 0.55], "cpu [s]": [1.58, 1.58, 1.58, 1.5899999999999999, 1.59]}, "command": "['xs', 'Sherlock', 'data.txt']"}, "xs grep -j": {"data": {"wall [s]": [0.55, 0.5, 0.51, 0.5, 0.5], "usr [s]": [2.16, 2.09, 2.12, 2.2, 2.07], "sys [s]": [0.86, 0.88, 0.86, 0.76, 0.89], "cpu [s]": [3.02, 2.9699999999999998, 2.98, 2.96, 2.96]}, "command": "['xs', 'Sherlock', 'data.txt', '-j']"}, "xs grep -j 1 --no-mmap": {"data": {"wall [s]": [1.76, 1.77, 1.79, 1.78, 1.78], "usr [s]": [1.05, 1.06, 1.06, 1.06, 1.05], "sys [s]": [1.76, 1.77, 1.8, 1.79, 1.78], "cpu [s]": [2.81, 2.83, 2.8600000000000003, 2.85, 2.83]}, "command": "['xs', 'Sherlock', 'data.txt', '-j', '1', '--no-mmap']"}, "xs grep --no-mmap": {"data": {"wall [s]": [1.86, 1.8, 1.88, 1.8, 1.87], "usr [s]": [1.2, 1.13, 1.2, 1.09, 1.2], "sys [s]": [1.9, 1.82, 1.91, 1.81, 1.91], "cpu [s]": [3.0999999999999996, 2.95, 3.11, 2.9000000000000004, 3.11]}, "command": "['xs', 'Sherlock', 'data.txt', '--no-mmap']"}, "xs grep -j --no-mmap": {"data": {"wall [s]": [1.78, 1.77, 1.74, 1.8, 1.74], "usr [s]": [1.14, 1.09, 1.11, 1.07, 1.08], "sys [s]": [1.77, 1.78, 1.73, 1.83, 1.75], "cpu [s]": [2.91, 2.87, 2.84, 2.9000000000000004, 2.83]}, "command": "['xs', 'Sherlock', 'data.txt', '-j', '--no-mmap']"}, "GNU grep*": {"data": {"wall [s]": [3.3, 3.32, 3.3, 3.31, 3.29], "usr [s]": [2.47, 2.45, 2.44, 2.51, 2.51], "sys [s]": [0.82, 0.87, 0.86, 0.79, 0.78], "cpu [s]": [3.29, 3.3200000000000003, 3.3, 3.3, 3.29]}, "command": "['grep', 'sherlock', 'data.txt']"}, "ripgrep*": {"data": {"wall [s]": [1.01, 1.01, 1.0, 0.99, 1.01], "usr [s]": [0.56, 0.5, 0.56, 0.5, 0.54], "sys [s]": [0.44, 0.5, 0.43, 0.49, 0.46], "cpu [s]": [1.0, 1.0, 0.99, 0.99, 1.0]}, "command": "['rg', 'sherlock', 'data.txt']"}, "xs grep -j 1*": {"data": {"wall [s]": [1.09, 1.23, 1.05, 1.09, 1.05], "usr [s]": [0.69, 0.82, 0.61, 0.7, 0.64], "sys [s]": [0.41, 0.42, 0.45, 0.4, 0.42], "cpu [s]": [1.0999999999999999, 1.24, 1.06, 1.1, 1.06]}, "command": "['xs', 'sherlock', 'data.txt', '-j', '1']"}, "xs grep*": {"data": {"wall [s]": [0.49, 0.47, 0.48, 0.47, 0.47], "usr [s]": [0.93, 1.01, 0.97, 1.01, 1.01], "sys [s]": [0.69, 0.58, 0.61, 0.58, 0.58], "cpu [s]": [1.62, 1.5899999999999999, 1.58, 1.5899999999999999, 1.5899999999999999]}, "command": "['xs', 'sherlock', 'data.txt']"}, "xs grep -j*": {"data": {"wall [s]": [0.51, 0.51, 0.52, 0.5, 0.49], "usr [s]": [2.07, 2.12, 2.07, 2.12, 2.15], "sys [s]": [0.89, 0.85, 0.9, 0.83, 0.79], "cpu [s]": [2.96, 2.97, 2.9699999999999998, 2.95, 2.94]}, "command": "['xs', 'sherlock', 'data.txt', '-j']"}, "xs grep -j 1 --no-mmap*": {"data": {"wall [s]": [1.79, 1.78, 1.78, 1.78, 1.78], "usr [s]": [1.14, 1.12, 1.09, 1.11, 1.11], "sys [s]": [1.79, 1.77, 1.78, 1.78, 1.79], "cpu [s]": [2.9299999999999997, 2.89, 2.87, 2.89, 2.9000000000000004]}, "command": "['xs', 'sherlock', 'data.txt', '-j', '1', '--no-mmap']"}, "xs grep --no-mmap*": {"data": {"wall [s]": [1.88, 1.82, 1.93, 1.89, 1.84], "usr [s]": [1.22, 1.23, 1.35, 1.17, 1.26], "sys [s]": [1.96, 1.83, 1.92, 1.98, 1.87], "cpu [s]": [3.1799999999999997, 3.06, 3.27, 3.15, 3.13]}, "command": "['xs', 'sherlock', 'data.txt', '--no-mmap']"}, "xs grep -j --no-mmap*": {"data": {"wall [s]": [1.8, 1.8, 1.76, 1.8, 1.83], "usr [s]": [1.16, 1.13, 1.14, 1.1, 1.21], "sys [s]": [1.82, 1.81, 1.75, 1.86, 1.87], "cpu [s]": [2.98, 2.94, 2.8899999999999997, 2.96, 3.08]}, "command": "['xs', 'sherlock', 'data.txt', '-j', '--no-mmap']"}}}