{"setup": {"name": "search lines (literal 'Sherlock' line numbers)", "hardware": {"client": "lena", "cpu": "AMD Ryzen 7 3700X 8-Core Processor"}}, "results": {"GNU grep": {"data": {"wall [s]": [6.02, 5.95, 5.88, 5.89, 5.93], "usr [s]": [5.24, 5.11, 5.12, 5.1, 5.08], "sys [s]": [0.78, 0.83, 0.76, 0.79, 0.84], "cpu [s]": [6.0200000000000005, 5.94, 5.88, 5.89, 5.92]}, "command": "['grep', 'Sherlock', 'en.txt', '-n']"}, "ripgrep": {"data": {"wall [s]": [1.28, 1.28, 1.27, 1.29, 1.27], "usr [s]": [0.77, 0.8, 0.81, 0.84, 0.79], "sys [s]": [0.5, 0.47, 0.46, 0.44, 0.47], "cpu [s]": [1.27, 1.27, 1.27, 1.28, 1.26]}, "command": "['rg', 'Sherlock', 'en.txt', '-n']"}, "xs grep -j 1": {"data": {"wall [s]": [4.05, 4.06, 4.05, 4.05, 4.11], "usr [s]": [3.63, 3.52, 3.61, 3.66, 3.66], "sys [s]": [0.44, 0.55, 0.46, 0.41, 0.47], "cpu [s]": [4.07, 4.07, 4.07, 4.07, 4.13]}, "command": "['xs', 'Sherlock', 'en.txt', '-n', '-j', '1']"}, "xs grep": {"data": {"wall [s]": [1.4, 1.41, 1.38, 1.42, 1.39], "usr [s]": [4.39, 4.41, 4.39, 4.46, 4.43], "sys [s]": [0.58, 0.58, 0.55, 0.55, 0.52], "cpu [s]": [4.97, 4.99, 4.9399999999999995, 5.01, 4.949999999999999]}, "command": "['xs', 'Sherlock', 'en.txt', '-n']"}, "xs grep -j": {"data": {"wall [s]": [0.99, 1.02, 1.03, 1.01, 1.0], "usr [s]": [5.77, 5.93, 5.95, 5.92, 5.9], "sys [s]": [0.68, 0.6, 0.58, 0.58, 0.57], "cpu [s]": [6.449999999999999, 6.529999999999999, 6.53, 6.5, 6.470000000000001]}, "command": "['xs', 'Sherlock', 'en.txt', '-n', '-j']"}, "xs grep -j 1 --no-mmap": {"data": {"wall [s]": [3.82, 3.75, 3.84, 3.94, 3.85], "usr [s]": [3.69, 3.62, 3.78, 3.89, 3.78], "sys [s]": [2.11, 2.11, 2.14, 2.15, 2.17], "cpu [s]": [5.8, 5.73, 5.92, 6.04, 5.949999999999999]}, "command": "['xs', 'Sherlock', 'en.txt', '-n', '-j', '1', '--no-mmap']"}, "xs grep --no-mmap": {"data": {"wall [s]": [1.94, 1.96, 1.91, 1.96, 1.95], "usr [s]": [4.54, 4.47, 4.51, 4.8, 4.78], "sys [s]": [1.96, 1.95, 1.92, 1.97, 1.95], "cpu [s]": [6.5, 6.42, 6.43, 6.77, 6.73]}, "command": "['xs', 'Sherlock', 'en.txt', '-n', '--no-mmap']"}, "xs grep -j --no-mmap": {"data": {"wall [s]": [2.08, 2.07, 2.05, 2.01, 2.08], "usr [s]": [6.99, 6.96, 7.12, 6.73, 6.38], "sys [s]": [2.11, 2.1, 2.11, 2.05, 2.14], "cpu [s]": [9.1, 9.06, 9.23, 8.780000000000001, 8.52]}, "command": "['xs', 'Sherlock', 'en.txt', '-n', '-j', '--no-mmap']"}, "GNU grep*": {"data": {"wall [s]": [5.95, 5.89, 6.0, 6.02, 5.92], "usr [s]": [5.17, 5.03, 5.11, 5.08, 5.06], "sys [s]": [0.78, 0.86, 0.88, 0.94, 0.86], "cpu [s]": [5.95, 5.890000000000001, 5.99, 6.02, 5.92]}, "command": "['grep', 'sherlock', 'en.txt', '-n']"}, "ripgrep*": {"data": {"wall [s]": [1.44, 1.44, 1.42, 1.44, 1.45], "usr [s]": [0.97, 0.99, 0.97, 1.01, 0.94], "sys [s]": [0.46, 0.45, 0.44, 0.43, 0.51], "cpu [s]": [1.43, 1.44, 1.41, 1.44, 1.45]}, "command": "['rg', 'sherlock', 'en.txt', '-n']"}, "xs grep -j 1*": {"data": {"wall [s]": [4.11, 4.07, 4.07, 4.13, 4.04], "usr [s]": [3.62, 3.6, 3.67, 3.67, 3.59], "sys [s]": [0.5, 0.49, 0.4, 0.47, 0.46], "cpu [s]": [4.12, 4.09, 4.07, 4.14, 4.05]}, "command": "['xs', 'sherlock', 'en.txt', '-n', '-j', '1']"}, "xs grep*": {"data": {"wall [s]": [1.41, 1.31, 1.4, 1.4, 1.41], "usr [s]": [4.44, 4.13, 4.42, 4.4, 4.52], "sys [s]": [0.55, 0.55, 0.53, 0.56, 0.46], "cpu [s]": [4.99, 4.68, 4.95, 4.960000000000001, 4.9799999999999995]}, "command": "['xs', 'sherlock', 'en.txt', '-n']"}, "xs grep -j*": {"data": {"wall [s]": [1.02, 1.01, 0.99, 1.0, 1.02], "usr [s]": [5.9, 5.87, 5.93, 5.85, 5.85], "sys [s]": [0.57, 0.6, 0.5, 0.6, 0.6], "cpu [s]": [6.470000000000001, 6.47, 6.43, 6.449999999999999, 6.449999999999999]}, "command": "['xs', 'sherlock', 'en.txt', '-n', '-j']"}, "xs grep -j 1 --no-mmap*": {"data": {"wall [s]": [3.92, 3.92, 3.79, 3.85, 3.87], "usr [s]": [3.85, 3.86, 3.72, 3.8, 3.82], "sys [s]": [2.14, 2.15, 2.08, 2.13, 2.05], "cpu [s]": [5.99, 6.01, 5.800000000000001, 5.93, 5.869999999999999]}, "command": "['xs', 'sherlock', 'en.txt', '-n', '-j', '1', '--no-mmap']"}, "xs grep --no-mmap*": {"data": {"wall [s]": [1.92, 1.92, 1.97, 1.93, 1.92], "usr [s]": [4.66, 4.48, 4.48, 4.55, 4.46], "sys [s]": [1.94, 1.92, 1.96, 1.94, 1.92], "cpu [s]": [6.6, 6.4, 6.44, 6.49, 6.38]}, "command": "['xs', 'sherlock', 'en.txt', '-n', '--no-mmap']"}, "xs grep -j --no-mmap*": {"data": {"wall [s]": [2.08, 2.07, 2.07, 2.08, 2.11], "usr [s]": [7.15, 6.81, 6.98, 7.09, 7.21], "sys [s]": [2.12, 2.08, 2.12, 2.14, 2.16], "cpu [s]": [9.27, 8.89, 9.100000000000001, 9.23, 9.370000000000001]}, "command": "['xs', 'sherlock', 'en.txt', '-n', '-j', '--no-mmap']"}}}