{"setup": {"name": "search lines (regex ' [sS][A-Za-z]*k ')", "hardware": {"client": "lena", "cpu": "AMD Ryzen 7 3700X 8-Core Processor"}}, "results": {"GNU grep": {"data": {"wall [s]": [24.25, 24.06, 24.03, 24.56, 23.98], "usr [s]": [23.4, 23.21, 23.11, 23.68, 23.13], "sys [s]": [0.84, 0.85, 0.92, 0.87, 0.85], "cpu [s]": [24.24, 24.060000000000002, 24.03, 24.55, 23.98]}, "command": "['grep', ' [sS][A-Za-z]*k ', 'data.txt']"}, "ripgrep": {"data": {"wall [s]": [4.83, 4.95, 4.99, 4.86, 4.84], "usr [s]": [4.2, 4.31, 4.44, 4.21, 4.24], "sys [s]": [0.63, 0.63, 0.54, 0.64, 0.59], "cpu [s]": [4.83, 4.9399999999999995, 4.98, 4.85, 4.83]}, "command": "['rg', ' [sS][A-Za-z]*k ', 'data.txt']"}, "xs grep -j 1": {"data": {"wall [s]": [11.51, 11.48, 11.67, 11.53, 11.9], "usr [s]": [10.99, 10.99, 11.24, 10.97, 11.37], "sys [s]": [0.52, 0.5, 0.45, 0.57, 0.54], "cpu [s]": [11.51, 11.49, 11.69, 11.540000000000001, 11.91]}, "command": "['xs', ' [sS][A-Za-z]*k ', 'data.txt', '-j', '1']"}, "xs grep": {"data": {"wall [s]": [3.15, 3.12, 3.11, 3.11, 3.13], "usr [s]": [12.05, 11.81, 11.8, 11.78, 11.95], "sys [s]": [0.52, 0.59, 0.59, 0.64, 0.54], "cpu [s]": [12.57, 12.4, 12.39, 12.42, 12.489999999999998]}, "command": "['xs', ' [sS][A-Za-z]*k ', 'data.txt']"}, "xs grep -j": {"data": {"wall [s]": [1.62, 1.61, 1.6, 1.64, 1.59], "usr [s]": [12.15, 12.09, 11.96, 12.26, 11.94], "sys [s]": [0.52, 0.48, 0.62, 0.61, 0.56], "cpu [s]": [12.67, 12.57, 12.58, 12.87, 12.5]}, "command": "['xs', ' [sS][A-Za-z]*k ', 'data.txt', '-j']"}, "xs grep -j 1 --no-mmap": {"data": {"wall [s]": [11.81, 11.03, 11.65, 11.25, 11.25], "usr [s]": [11.67, 10.81, 11.4, 11.03, 11.02], "sys [s]": [2.14, 2.2, 2.26, 2.22, 2.23], "cpu [s]": [13.81, 13.010000000000002, 13.66, 13.25, 13.25]}, "command": "['xs', ' [sS][A-Za-z]*k ', 'data.txt', '-j', '1', '--no-mmap']"}, "xs grep --no-mmap": {"data": {"wall [s]": [3.04, 3.03, 3.12, 3.05, 3.07], "usr [s]": [11.85, 11.82, 12.13, 11.81, 11.93], "sys [s]": [1.94, 1.9, 1.95, 2.03, 1.96], "cpu [s]": [13.79, 13.72, 14.08, 13.84, 13.89]}, "command": "['xs', ' [sS][A-Za-z]*k ', 'data.txt', '--no-mmap']"}, "xs grep -j --no-mmap": {"data": {"wall [s]": [1.86, 1.86, 1.88, 1.88, 1.87], "usr [s]": [13.51, 13.55, 13.53, 13.41, 13.54], "sys [s]": [1.86, 1.88, 1.9, 1.92, 1.89], "cpu [s]": [15.37, 15.43, 15.43, 15.33, 15.43]}, "command": "['xs', ' [sS][A-Za-z]*k ', 'data.txt', '-j', '--no-mmap']"}}}