{"setup": {"name": "search lines (regex 'She[r ]lock')", "hardware": {"client": "lena", "cpu": "AMD Ryzen 7 3700X 8-Core Processor"}}, "results": {"GNU grep": {"data": {"wall [s]": [15.74, 16.4, 16.38, 15.83, 15.87], "usr [s]": [15.01, 15.56, 15.48, 14.96, 14.96], "sys [s]": [0.72, 0.83, 0.9, 0.86, 0.9], "cpu [s]": [15.73, 16.39, 16.38, 15.82, 15.860000000000001]}, "command": "['grep', 'She[r ]lock', 'en.txt', '-i', '-n']"}, "ripgrep": {"data": {"wall [s]": [2.97, 2.93, 2.93, 2.92, 2.98], "usr [s]": [2.5, 2.47, 2.5, 2.53, 2.49], "sys [s]": [0.46, 0.46, 0.42, 0.38, 0.49], "cpu [s]": [2.96, 2.93, 2.92, 2.9099999999999997, 2.9800000000000004]}, "command": "['rg', 'She[r ]lock', 'en.txt', '-i', '-n']"}, "xs grep -j 1": {"data": {"wall [s]": [15.08, 15.3, 15.31, 15.33, 15.1], "usr [s]": [14.62, 14.81, 14.83, 14.87, 14.65], "sys [s]": [0.47, 0.5, 0.49, 0.48, 0.46], "cpu [s]": [15.09, 15.31, 15.32, 15.35, 15.110000000000001]}, "command": "['xs', 'She[r ]lock', 'en.txt', '-i', '-n', '-j', '1']"}, "xs grep": {"data": {"wall [s]": [4.08, 4.06, 4.05, 4.06, 4.02], "usr [s]": [15.14, 15.09, 15.17, 15.17, 15.16], "sys [s]": [0.53, 0.5, 0.59, 0.54, 0.62], "cpu [s]": [15.67, 15.59, 15.76, 15.71, 15.78]}, "command": "['xs', 'She[r ]lock', 'en.txt', '-i', '-n']"}, "xs grep -j": {"data": {"wall [s]": [2.21, 2.2, 2.21, 2.21, 2.19], "usr [s]": [15.51, 15.53, 15.54, 15.51, 15.56], "sys [s]": [0.57, 0.58, 0.6, 0.58, 0.56], "cpu [s]": [16.08, 16.11, 16.14, 16.09, 16.12]}, "command": "['xs', 'She[r ]lock', 'en.txt', '-i', '-n', '-j']"}, "xs grep -j 1 --no-mmap": {"data": {"wall [s]": [14.91, 14.91, 14.58, 14.69, 14.72], "usr [s]": [14.82, 14.88, 14.53, 14.61, 14.66], "sys [s]": [2.25, 2.19, 2.17, 2.24, 2.21], "cpu [s]": [17.07, 17.07, 16.7, 16.85, 16.87]}, "command": "['xs', 'She[r ]lock', 'en.txt', '-i', '-n', '-j', '1', '--no-mmap']"}, "xs grep --no-mmap": {"data": {"wall [s]": [3.91, 3.89, 3.91, 3.9, 3.89], "usr [s]": [15.26, 15.29, 15.26, 15.34, 15.26], "sys [s]": [2.12, 2.07, 2.06, 2.07, 2.09], "cpu [s]": [17.38, 17.36, 17.32, 17.41, 17.35]}, "command": "['xs', 'She[r ]lock', 'en.txt', '-i', '-n', '--no-mmap']"}, "xs grep -j --no-mmap": {"data": {"wall [s]": [2.19, 2.21, 2.21, 2.2, 2.18], "usr [s]": [16.86, 16.94, 16.97, 16.97, 16.86], "sys [s]": [2.07, 2.08, 2.06, 2.07, 2.07], "cpu [s]": [18.93, 19.020000000000003, 19.029999999999998, 19.04, 18.93]}, "command": "['xs', 'She[r ]lock', 'en.txt', '-i', '-n', '-j', '--no-mmap']"}}}