{"setup": {"name": "search lines (regex ' [sS][A-Za-z]*[kK] ', line number)", "hardware": {"client": "lena", "cpu": "AMD Ryzen 7 3700X 8-Core Processor"}}, "results": {"GNU grep": {"data": {"wall [s]": [36.06, 35.99, 36.74, 36.01, 36.65], "usr [s]": [35.07, 35.11, 35.79, 35.18, 35.8], "sys [s]": [0.98, 0.88, 0.94, 0.83, 0.85], "cpu [s]": [36.05, 35.99, 36.73, 36.01, 36.65]}, "command": "['grep', ' [sS][A-Za-z]*[kK] ', 'data.txt', '-n']"}, "ripgrep": {"data": {"wall [s]": [21.92, 22.12, 22.09, 21.71, 21.91], "usr [s]": [21.31, 21.53, 21.44, 21.19, 21.31], "sys [s]": [0.6, 0.58, 0.64, 0.52, 0.59], "cpu [s]": [21.91, 22.11, 22.080000000000002, 21.71, 21.9]}, "command": "['rg', ' [sS][A-Za-z]*[kK] ', 'data.txt', '-n']"}, "xs grep -j 1": {"data": {"wall [s]": [15.45, 15.18, 15.19, 15.13, 15.33], "usr [s]": [14.9, 14.72, 14.65, 14.63, 14.86], "sys [s]": [0.56, 0.48, 0.55, 0.51, 0.48], "cpu [s]": [15.46, 15.200000000000001, 15.200000000000001, 15.14, 15.34]}, "command": "['xs', ' [sS][A-Za-z]*[kK] ', 'data.txt', '-j', '1', '-n']"}, "xs grep": {"data": {"wall [s]": [4.03, 4.02, 4.08, 4.02, 4.06], "usr [s]": [15.51, 15.35, 15.66, 15.51, 15.36], "sys [s]": [0.58, 0.63, 0.52, 0.52, 0.6], "cpu [s]": [16.09, 15.98, 16.18, 16.03, 15.959999999999999]}, "command": "['xs', ' [sS][A-Za-z]*[kK] ', 'data.txt', '-n']"}, "xs grep -j": {"data": {"wall [s]": [2.16, 2.14, 2.08, 2.2, 2.12], "usr [s]": [15.9, 15.88, 15.84, 16.1, 15.87], "sys [s]": [0.64, 0.56, 0.64, 0.52, 0.52], "cpu [s]": [16.54, 16.44, 16.48, 16.62, 16.39]}, "command": "['xs', ' [sS][A-Za-z]*[kK] ', 'data.txt', '-n', '-j']"}, "xs grep -j 1 --no-mmap": {"data": {"wall [s]": [15.18, 15.15, 15.01, 14.88, 14.88], "usr [s]": [14.92, 14.92, 14.73, 14.62, 14.68], "sys [s]": [2.25, 2.21, 2.25, 2.22, 2.19], "cpu [s]": [17.17, 17.13, 16.98, 16.84, 16.87]}, "command": "['xs', ' [sS][A-Za-z]*[kK] ', 'data.txt', '-j', '1', '-n', '--no-mmap']"}, "xs grep --no-mmap": {"data": {"wall [s]": [3.99, 3.98, 3.98, 4.0, 4.0], "usr [s]": [15.67, 15.62, 15.6, 15.68, 15.66], "sys [s]": [2.06, 2.08, 2.06, 2.07, 2.09], "cpu [s]": [17.73, 17.7, 17.66, 17.75, 17.75]}, "command": "['xs', ' [sS][A-Za-z]*[kK] ', 'data.txt', '-n', '--no-mmap']"}, "xs grep -j --no-mmap": {"data": {"wall [s]": [2.31, 2.33, 2.29, 2.32, 2.2], "usr [s]": [17.76, 17.93, 17.57, 17.87, 17.05], "sys [s]": [2.11, 2.12, 2.16, 2.14, 2.19], "cpu [s]": [19.87, 20.05, 19.73, 20.01, 19.240000000000002]}, "command": "['xs', ' [sS][A-Za-z]*[kK] ', 'data.txt', '-n', '-j', '--no-mmap']"}}}