{"setup": {"name": "search lines (regex 'She[r ]lock')", "hardware": {"client": "lena", "cpu": "AMD Ryzen 7 3700X 8-Core Processor"}}, "results": {"GNU grep": {"data": {"wall [s]": [4.06, 4.06, 4.02, 4.05, 4.02], "usr [s]": [3.3, 3.18, 3.16, 3.2, 3.12], "sys [s]": [0.75, 0.87, 0.85, 0.85, 0.9], "cpu [s]": [4.05, 4.05, 4.01, 4.05, 4.0200000000000005]}, "command": "['grep', 'She[r ]lock', 'en.txt']"}, "ripgrep": {"data": {"wall [s]": [1.44, 1.43, 1.44, 1.45, 1.43], "usr [s]": [0.98, 0.98, 0.98, 0.98, 1.03], "sys [s]": [0.46, 0.44, 0.46, 0.47, 0.4], "cpu [s]": [1.44, 1.42, 1.44, 1.45, 1.4300000000000002]}, "command": "['rg', 'She[r ]lock', 'en.txt']"}, "xs grep -j 1": {"data": {"wall [s]": [1.21, 1.22, 1.22, 1.21, 1.23], "usr [s]": [0.85, 0.8, 0.75, 0.71, 0.78], "sys [s]": [0.38, 0.42, 0.49, 0.51, 0.46], "cpu [s]": [1.23, 1.22, 1.24, 1.22, 1.24]}, "command": "['xs', 'She[r ]lock', 'en.txt', '-j', '1']"}, "xs grep": {"data": {"wall [s]": [0.5, 0.48, 0.49, 0.49, 0.49], "usr [s]": [1.12, 1.15, 1.07, 1.05, 1.19], "sys [s]": [0.54, 0.5, 0.57, 0.6, 0.48], "cpu [s]": [1.6600000000000001, 1.65, 1.6400000000000001, 1.65, 1.67]}, "command": "['xs', 'She[r ]lock', 'en.txt']"}, "xs grep -j": {"data": {"wall [s]": [0.52, 0.52, 0.51, 0.52, 0.51], "usr [s]": [2.12, 2.12, 2.11, 2.08, 2.09], "sys [s]": [0.9, 0.88, 0.88, 0.92, 0.89], "cpu [s]": [3.02, 3.0, 2.9899999999999998, 3.0, 2.98]}, "command": "['xs', 'She[r ]lock', 'en.txt', '-j']"}, "xs grep -j 1 --no-mmap": {"data": {"wall [s]": [1.8, 1.8, 1.79, 1.78, 1.8], "usr [s]": [1.18, 1.16, 1.18, 1.07, 1.2], "sys [s]": [1.79, 1.81, 1.79, 1.79, 1.78], "cpu [s]": [2.9699999999999998, 2.9699999999999998, 2.9699999999999998, 2.8600000000000003, 2.98]}, "command": "['xs', 'She[r ]lock', 'en.txt', '-j', '1', '--no-mmap']"}, "xs grep --no-mmap": {"data": {"wall [s]": [1.82, 1.83, 1.81, 1.85, 1.8], "usr [s]": [1.34, 1.36, 1.38, 1.41, 1.41], "sys [s]": [1.87, 1.88, 1.85, 1.86, 1.81], "cpu [s]": [3.21, 3.24, 3.23, 3.27, 3.2199999999999998]}, "command": "['xs', 'She[r ]lock', 'en.txt', '--no-mmap']"}, "xs grep -j --no-mmap": {"data": {"wall [s]": [1.82, 1.82, 1.83, 1.82, 1.82], "usr [s]": [1.31, 1.39, 1.37, 1.39, 1.38], "sys [s]": [1.83, 1.83, 1.87, 1.85, 1.84], "cpu [s]": [3.14, 3.2199999999999998, 3.24, 3.24, 3.2199999999999998]}, "command": "['xs', 'She[r ]lock', 'en.txt', '-j', '--no-mmap']"}}}