{"setup": {"name": "search lines (literal 'Sherlock' ignore case)", "hardware": {"client": "lena", "cpu": "AMD Ryzen 7 3700X 8-Core Processor"}}, "results": {"GNU grep": {"data": {"wall [s]": [13.02, 13.16, 13.24, 13.47, 13.38], "usr [s]": [12.13, 12.29, 12.33, 12.59, 12.53], "sys [s]": [0.88, 0.87, 0.9, 0.87, 0.85], "cpu [s]": [13.010000000000002, 13.159999999999998, 13.23, 13.459999999999999, 13.379999999999999]}, "command": "['grep', 'Sherlock', 'data.txt', '-i']"}, "ripgrep": {"data": {"wall [s]": [1.66, 1.67, 1.67, 1.66, 1.68], "usr [s]": [1.21, 1.24, 1.2, 1.19, 1.23], "sys [s]": [0.44, 0.43, 0.46, 0.45, 0.44], "cpu [s]": [1.65, 1.67, 1.66, 1.64, 1.67]}, "command": "['rg', 'Sherlock', 'data.txt', '-i']"}, "xs grep -j 1": {"data": {"wall [s]": [2.46, 2.46, 2.44, 2.46, 2.46], "usr [s]": [1.92, 1.86, 1.94, 2.01, 1.76], "sys [s]": [0.55, 0.61, 0.51, 0.46, 0.71], "cpu [s]": [2.4699999999999998, 2.47, 2.45, 2.4699999999999998, 2.4699999999999998]}, "command": "['xs', 'Sherlock', 'data.txt', '-i', '-j', '1']"}, "xs grep": {"data": {"wall [s]": [1.85, 1.85, 1.85, 1.85, 1.85], "usr [s]": [5.81, 5.85, 5.86, 5.86, 5.85], "sys [s]": [0.93, 0.9, 0.9, 0.89, 0.91], "cpu [s]": [6.739999999999999, 6.75, 6.760000000000001, 6.75, 6.76]}, "command": "['xs', 'Sherlock', 'data.txt', '-i']"}, "xs grep -j": {"data": {"wall [s]": [1.89, 1.92, 1.92, 1.91, 1.91], "usr [s]": [12.07, 12.13, 12.1, 12.13, 12.13], "sys [s]": [1.61, 1.66, 1.67, 1.65, 1.63], "cpu [s]": [13.68, 13.790000000000001, 13.77, 13.780000000000001, 13.760000000000002]}, "command": "['xs', 'Sherlock', 'data.txt', '-i', '-j']"}, "xs grep -j 1 --no-mmap": {"data": {"wall [s]": [2.71, 2.71, 2.71, 2.74, 2.72], "usr [s]": [2.62, 2.6, 2.63, 2.65, 2.63], "sys [s]": [2.36, 2.36, 2.35, 2.35, 2.37], "cpu [s]": [4.98, 4.96, 4.98, 5.0, 5.0]}, "command": "['xs', 'Sherlock', 'data.txt', '-i', '-j', '1', '--no-mmap']"}, "xs grep --no-mmap": {"data": {"wall [s]": [2.71, 2.86, 2.9, 2.87, 2.89], "usr [s]": [4.75, 4.01, 3.75, 3.66, 4.05], "sys [s]": [2.79, 3.11, 3.18, 3.19, 3.14], "cpu [s]": [7.54, 7.119999999999999, 6.93, 6.85, 7.1899999999999995]}, "command": "['xs', 'Sherlock', 'data.txt', '-i', '--no-mmap']"}, "xs grep -j --no-mmap": {"data": {"wall [s]": [2.91, 2.93, 2.94, 2.91, 2.92], "usr [s]": [4.07, 4.0, 4.09, 4.36, 4.19], "sys [s]": [3.23, 3.26, 3.21, 3.16, 3.22], "cpu [s]": [7.300000000000001, 7.26, 7.3, 7.5200000000000005, 7.41]}, "command": "['xs', 'Sherlock', 'data.txt', '-i', '-j', '--no-mmap']"}, "GNU grep*": {"data": {"wall [s]": [13.27, 13.21, 13.05, 13.67, 13.1], "usr [s]": [12.4, 12.39, 12.19, 12.85, 12.32], "sys [s]": [0.87, 0.82, 0.86, 0.81, 0.77], "cpu [s]": [13.27, 13.21, 13.049999999999999, 13.66, 13.09]}, "command": "['grep', 'sherlock', 'data.txt', '-i']"}, "ripgrep*": {"data": {"wall [s]": [1.67, 1.67, 1.68, 1.68, 1.68], "usr [s]": [1.22, 1.23, 1.15, 1.22, 1.17], "sys [s]": [0.45, 0.43, 0.53, 0.46, 0.5], "cpu [s]": [1.67, 1.66, 1.68, 1.68, 1.67]}, "command": "['rg', 'sherlock', 'data.txt', '-i']"}, "xs grep -j 1*": {"data": {"wall [s]": [2.43, 2.44, 2.43, 2.46, 2.47], "usr [s]": [1.91, 1.82, 2.02, 1.9, 1.86], "sys [s]": [0.53, 0.63, 0.43, 0.58, 0.62], "cpu [s]": [2.44, 2.45, 2.45, 2.48, 2.48]}, "command": "['xs', 'sherlock', 'data.txt', '-i', '-j', '1']"}, "xs grep*": {"data": {"wall [s]": [1.85, 1.85, 1.84, 1.85, 1.85], "usr [s]": [5.93, 5.82, 5.92, 5.91, 5.92], "sys [s]": [0.83, 0.93, 0.81, 0.84, 0.83], "cpu [s]": [6.76, 6.75, 6.73, 6.75, 6.75]}, "command": "['xs', 'sherlock', 'data.txt', '-i']"}, "xs grep -j*": {"data": {"wall [s]": [1.92, 1.91, 1.91, 1.89, 1.92], "usr [s]": [12.09, 12.11, 12.06, 11.99, 12.2], "sys [s]": [1.67, 1.66, 1.7, 1.69, 1.57], "cpu [s]": [13.76, 13.77, 13.76, 13.68, 13.77]}, "command": "['xs', 'sherlock', 'data.txt', '-i', '-j']"}, "xs grep -j 1 --no-mmap*": {"data": {"wall [s]": [2.73, 2.72, 2.71, 2.74, 2.75], "usr [s]": [2.64, 2.64, 2.6, 2.64, 2.67], "sys [s]": [2.34, 2.35, 2.38, 2.36, 2.34], "cpu [s]": [4.98, 4.99, 4.98, 5.0, 5.01]}, "command": "['xs', 'sherlock', 'data.txt', '-i', '-j', '1', '--no-mmap']"}, "xs grep --no-mmap*": {"data": {"wall [s]": [2.65, 2.73, 2.64, 2.88, 2.72], "usr [s]": [4.39, 4.64, 4.33, 3.83, 4.66], "sys [s]": [2.7, 2.84, 2.69, 3.21, 2.84], "cpu [s]": [7.09, 7.4799999999999995, 7.02, 7.04, 7.5]}, "command": "['xs', 'sherlock', 'data.txt', '-i', '--no-mmap']"}, "xs grep -j --no-mmap*": {"data": {"wall [s]": [2.93, 2.79, 2.9, 2.95, 2.92], "usr [s]": [4.02, 4.52, 4.31, 4.05, 4.08], "sys [s]": [3.23, 2.98, 3.1, 3.28, 3.24], "cpu [s]": [7.25, 7.5, 7.41, 7.33, 7.32]}, "command": "['xs', 'sherlock', 'data.txt', '-i', '-j', '--no-mmap']"}}}