{"setup": {"name": "search lines (regex ' [sS][A-Za-z]*k ', line number)", "hardware": {"client": "lena", "cpu": "AMD Ryzen 7 3700X 8-Core Processor"}}, "results": {"GNU grep": {"data": {"wall [s]": [27.01, 27.45, 27.13, 27.0, 27.09], "usr [s]": [26.13, 26.57, 26.27, 26.07, 26.13], "sys [s]": [0.88, 0.88, 0.86, 0.92, 0.95], "cpu [s]": [27.009999999999998, 27.45, 27.13, 26.990000000000002, 27.08]}, "command": "['grep', ' [sS][A-Za-z]*k ', 'data.txt', '-n']"}, "ripgrep": {"data": {"wall [s]": [5.12, 5.03, 5.13, 5.14, 5.02], "usr [s]": [4.52, 4.47, 4.54, 4.48, 4.34], "sys [s]": [0.59, 0.55, 0.59, 0.66, 0.68], "cpu [s]": [5.109999999999999, 5.02, 5.13, 5.140000000000001, 5.02]}, "command": "['rg', ' [sS][A-Za-z]*k ', 'data.txt', '-n']"}, "xs grep -j 1": {"data": {"wall [s]": [15.45, 15.12, 15.3, 15.73, 15.13], "usr [s]": [14.93, 14.65, 14.83, 15.16, 14.63], "sys [s]": [0.53, 0.48, 0.49, 0.57, 0.5], "cpu [s]": [15.459999999999999, 15.13, 15.32, 15.73, 15.13]}, "command": "['xs', ' [sS][A-Za-z]*k ', 'data.txt', '-j', '1', '-n']"}, "xs grep": {"data": {"wall [s]": [4.04, 4.04, 4.03, 4.0, 3.97], "usr [s]": [15.5, 15.57, 15.47, 15.39, 15.3], "sys [s]": [0.53, 0.54, 0.56, 0.55, 0.56], "cpu [s]": [16.03, 16.11, 16.03, 15.940000000000001, 15.860000000000001]}, "command": "['xs', ' [sS][A-Za-z]*k ', 'data.txt', '-n']"}, "xs grep -j": {"data": {"wall [s]": [2.04, 2.08, 2.2, 2.08, 2.16], "usr [s]": [15.57, 15.89, 15.91, 15.97, 15.77], "sys [s]": [0.62, 0.56, 0.62, 0.56, 0.58], "cpu [s]": [16.19, 16.45, 16.53, 16.53, 16.349999999999998]}, "command": "['xs', ' [sS][A-Za-z]*k ', 'data.txt', '-n', '-j']"}, "xs grep -j 1 --no-mmap": {"data": {"wall [s]": [14.89, 14.89, 15.24, 15.2, 15.23], "usr [s]": [14.73, 14.67, 15.03, 15.0, 15.08], "sys [s]": [2.12, 2.19, 2.21, 2.22, 2.15], "cpu [s]": [16.85, 16.86, 17.24, 17.22, 17.23]}, "command": "['xs', ' [sS][A-Za-z]*k ', 'data.txt', '-j', '1', '-n', '--no-mmap']"}, "xs grep --no-mmap": {"data": {"wall [s]": [4.04, 4.06, 3.98, 4.0, 4.04], "usr [s]": [15.78, 15.86, 15.61, 15.59, 15.73], "sys [s]": [2.1, 2.11, 2.09, 2.11, 2.13], "cpu [s]": [17.88, 17.97, 17.7, 17.7, 17.86]}, "command": "['xs', ' [sS][A-Za-z]*k ', 'data.txt', '-n', '--no-mmap']"}, "xs grep -j --no-mmap": {"data": {"wall [s]": [2.29, 2.29, 2.33, 2.29, 2.31], "usr [s]": [17.58, 17.55, 17.87, 17.66, 17.67], "sys [s]": [2.15, 2.14, 2.12, 2.15, 2.12], "cpu [s]": [19.729999999999997, 19.69, 19.990000000000002, 19.81, 19.790000000000003]}, "command": "['xs', ' [sS][A-Za-z]*k ', 'data.txt', '-n', '-j', '--no-mmap']"}}}