{"setup": {"name": "search lines (literal 'Sherlock' ignore case, line numbers)", "hardware": {"client": "lena", "cpu": "AMD Ryzen 7 3700X 8-Core Processor"}}, "results": {"GNU grep": {"data": {"wall [s]": [16.27, 16.35, 15.66, 16.57, 15.78], "usr [s]": [15.44, 15.47, 14.82, 15.74, 14.93], "sys [s]": [0.82, 0.87, 0.83, 0.82, 0.84], "cpu [s]": [16.259999999999998, 16.34, 15.65, 16.56, 15.77]}, "command": "['grep', 'Sherlock', 'en.txt', '-n', '-i']"}, "ripgrep": {"data": {"wall [s]": [1.98, 1.94, 1.97, 1.98, 1.95], "usr [s]": [1.5, 1.48, 1.45, 1.52, 1.45], "sys [s]": [0.47, 0.46, 0.51, 0.45, 0.49], "cpu [s]": [1.97, 1.94, 1.96, 1.97, 1.94]}, "command": "['rg', 'Sherlock', 'en.txt', '-n', '-i']"}, "xs grep -j 1": {"data": {"wall [s]": [5.47, 5.5, 5.5, 5.44, 5.52], "usr [s]": [4.91, 4.95, 4.97, 4.87, 5.03], "sys [s]": [0.57, 0.56, 0.53, 0.59, 0.5], "cpu [s]": [5.48, 5.51, 5.5, 5.46, 5.53]}, "command": "['xs', 'Sherlock', 'en.txt', '-i', '-n', '-j', '1']"}, "xs grep": {"data": {"wall [s]": [2.73, 2.62, 2.73, 2.71, 2.5], "usr [s]": [9.56, 9.3, 9.67, 9.62, 8.88], "sys [s]": [0.67, 0.63, 0.58, 0.58, 0.68], "cpu [s]": [10.23, 9.930000000000001, 10.25, 10.2, 9.56]}, "command": "['xs', 'Sherlock', 'en.txt', '-n', '-i']"}, "xs grep -j": {"data": {"wall [s]": [2.38, 2.36, 2.4, 2.37, 2.39], "usr [s]": [16.66, 16.6, 16.72, 16.55, 16.71], "sys [s]": [0.81, 0.78, 0.83, 0.87, 0.82], "cpu [s]": [17.47, 17.380000000000003, 17.549999999999997, 17.42, 17.53]}, "command": "['xs', 'Sherlock', 'en.txt', '-i', '-n', '-j']"}, "xs grep -j 1 --no-mmap": {"data": {"wall [s]": [5.19, 5.15, 5.18, 5.16, 5.15], "usr [s]": [5.11, 5.08, 5.09, 5.07, 5.07], "sys [s]": [2.1, 2.08, 2.1, 2.1, 2.09], "cpu [s]": [7.210000000000001, 7.16, 7.1899999999999995, 7.17, 7.16]}, "command": "['xs', 'Sherlock', 'en.txt', '-i', '-n', '-j', '1', '--no-mmap']"}, "xs grep --no-mmap": {"data": {"wall [s]": [3.05, 3.01, 3.02, 3.05, 3.1], "usr [s]": [8.14, 8.05, 8.35, 8.68, 8.33], "sys [s]": [3.14, 3.08, 3.07, 3.12, 3.24], "cpu [s]": [11.280000000000001, 11.13, 11.42, 11.8, 11.57]}, "command": "['xs', 'Sherlock', 'en.txt', '-i', '-n', '--no-mmap']"}, "xs grep -j --no-mmap": {"data": {"wall [s]": [3.19, 3.16, 3.16, 3.16, 3.17], "usr [s]": [11.38, 11.2, 11.23, 11.58, 11.37], "sys [s]": [3.35, 3.33, 3.35, 3.33, 3.32], "cpu [s]": [14.73, 14.53, 14.58, 14.91, 14.69]}, "command": "['xs', 'Sherlock', 'en.txt', '-i', '-n', '-j', '--no-mmap']"}, "GNU grep*": {"data": {"wall [s]": [15.78, 15.82, 16.04, 16.12, 16.01], "usr [s]": [14.93, 14.94, 15.26, 15.21, 15.17], "sys [s]": [0.84, 0.87, 0.77, 0.91, 0.84], "cpu [s]": [15.77, 15.809999999999999, 16.03, 16.12, 16.01]}, "command": "['grep', 'sherlock', 'en.txt', '-n', '-i']"}, "ripgrep*": {"data": {"wall [s]": [1.95, 1.96, 1.95, 1.98, 1.95], "usr [s]": [1.49, 1.51, 1.48, 1.54, 1.52], "sys [s]": [0.45, 0.44, 0.47, 0.44, 0.42], "cpu [s]": [1.94, 1.95, 1.95, 1.98, 1.94]}, "command": "['rg', 'sherlock', 'en.txt', '-n', '-i']"}, "xs grep -j 1*": {"data": {"wall [s]": [5.52, 5.44, 5.53, 5.44, 5.44], "usr [s]": [4.95, 4.96, 5.01, 4.99, 4.94], "sys [s]": [0.58, 0.49, 0.53, 0.46, 0.51], "cpu [s]": [5.53, 5.45, 5.54, 5.45, 5.45]}, "command": "['xs', 'sherlock', 'en.txt', '-i', '-n', '-j', '1']"}, "xs grep*": {"data": {"wall [s]": [2.71, 2.72, 2.72, 2.71, 2.35], "usr [s]": [9.58, 9.69, 9.67, 9.59, 8.4], "sys [s]": [0.62, 0.54, 0.57, 0.62, 0.71], "cpu [s]": [10.2, 10.23, 10.24, 10.209999999999999, 9.11]}, "command": "['xs', 'sherlock', 'en.txt', '-n', '-i']"}, "xs grep -j*": {"data": {"wall [s]": [2.36, 2.37, 2.36, 2.39, 2.4], "usr [s]": [16.48, 16.5, 16.48, 16.63, 16.7], "sys [s]": [0.86, 0.89, 0.9, 0.83, 0.84], "cpu [s]": [17.34, 17.39, 17.38, 17.459999999999997, 17.54]}, "command": "['xs', 'sherlock', 'en.txt', '-i', '-n', '-j']"}, "xs grep -j 1 --no-mmap*": {"data": {"wall [s]": [5.13, 5.15, 5.2, 5.18, 5.24], "usr [s]": [5.07, 5.07, 5.11, 5.09, 5.13], "sys [s]": [2.05, 2.08, 2.11, 2.08, 2.12], "cpu [s]": [7.12, 7.15, 7.220000000000001, 7.17, 7.25]}, "command": "['xs', 'sherlock', 'en.txt', '-i', '-n', '-j', '1', '--no-mmap']"}, "xs grep --no-mmap*": {"data": {"wall [s]": [3.03, 3.04, 3.01, 3.04, 3.05], "usr [s]": [8.73, 8.65, 8.05, 8.63, 8.68], "sys [s]": [3.08, 3.09, 3.07, 3.09, 3.09], "cpu [s]": [11.81, 11.74, 11.120000000000001, 11.72, 11.77]}, "command": "['xs', 'sherlock', 'en.txt', '-i', '-n', '--no-mmap']"}, "xs grep -j --no-mmap*": {"data": {"wall [s]": [3.18, 3.16, 3.16, 3.13, 3.16], "usr [s]": [11.82, 11.47, 11.09, 11.0, 11.49], "sys [s]": [3.37, 3.34, 3.36, 3.26, 3.28], "cpu [s]": [15.190000000000001, 14.81, 14.45, 14.26, 14.77]}, "command": "['xs', 'sherlock', 'en.txt', '-i', '-n', '-j', '--no-mmap']"}}}