{"setup": {"name": "search lines (regex 'She[r ]lock')", "hardware": {"client": "lena", "cpu": "AMD Ryzen 7 3700X 8-Core Processor"}}, "results": {"GNU grep": {"data": {"wall [s]": [6.65, 6.68, 6.65, 6.62, 6.7], "usr [s]": [5.92, 5.91, 5.65, 5.81, 5.81], "sys [s]": [0.72, 0.76, 0.99, 0.8, 0.88], "cpu [s]": [6.64, 6.67, 6.640000000000001, 6.609999999999999, 6.6899999999999995]}, "command": "['grep', 'She[r ]lock', 'en.txt', '-n']"}, "ripgrep": {"data": {"wall [s]": [1.7, 1.71, 1.73, 1.72, 1.71], "usr [s]": [1.22, 1.22, 1.24, 1.23, 1.22], "sys [s]": [0.48, 0.48, 0.48, 0.49, 0.48], "cpu [s]": [1.7, 1.7, 1.72, 1.72, 1.7]}, "command": "['rg', 'She[r ]lock', 'en.txt', '-n']"}, "xs grep -j 1": {"data": {"wall [s]": [4.27, 4.27, 4.23, 4.23, 4.3], "usr [s]": [3.74, 3.83, 3.79, 3.73, 3.8], "sys [s]": [0.54, 0.45, 0.44, 0.51, 0.51], "cpu [s]": [4.28, 4.28, 4.23, 4.24, 4.31]}, "command": "['xs', 'She[r ]lock', 'en.txt', '-n', '-j', '1']"}, "xs grep": {"data": {"wall [s]": [1.41, 1.41, 1.41, 1.37, 1.4], "usr [s]": [4.46, 4.46, 4.48, 4.35, 4.41], "sys [s]": [0.54, 0.55, 0.53, 0.6, 0.58], "cpu [s]": [5.0, 5.01, 5.010000000000001, 4.949999999999999, 4.99]}, "command": "['xs', 'She[r ]lock', 'en.txt', '-n']"}, "xs grep -j": {"data": {"wall [s]": [0.99, 1.0, 0.99, 1.01, 1.0], "usr [s]": [5.8, 5.93, 5.92, 5.89, 5.9], "sys [s]": [0.65, 0.56, 0.58, 0.6, 0.59], "cpu [s]": [6.45, 6.49, 6.5, 6.489999999999999, 6.49]}, "command": "['xs', 'She[r ]lock', 'en.txt', '-n', '-j']"}, "xs grep -j 1 --no-mmap": {"data": {"wall [s]": [3.9, 3.89, 3.89, 3.85, 3.86], "usr [s]": [3.84, 3.81, 3.84, 3.8, 3.77], "sys [s]": [2.08, 2.18, 2.14, 2.12, 2.19], "cpu [s]": [5.92, 5.99, 5.98, 5.92, 5.96]}, "command": "['xs', 'She[r ]lock', 'en.txt', '-n', '-j', '1', '--no-mmap']"}, "xs grep --no-mmap": {"data": {"wall [s]": [1.94, 1.96, 1.93, 1.97, 1.98], "usr [s]": [4.66, 4.56, 4.56, 4.5, 4.6], "sys [s]": [1.94, 1.96, 1.93, 1.98, 1.95], "cpu [s]": [6.6, 6.52, 6.489999999999999, 6.48, 6.55]}, "command": "['xs', 'She[r ]lock', 'en.txt', '-n', '--no-mmap']"}, "xs grep -j --no-mmap": {"data": {"wall [s]": [2.14, 2.1, 2.1, 2.15, 2.14], "usr [s]": [7.58, 7.26, 7.2, 7.6, 7.74], "sys [s]": [2.24, 2.19, 2.17, 2.23, 2.24], "cpu [s]": [9.82, 9.45, 9.370000000000001, 9.83, 9.98]}, "command": "['xs', 'She[r ]lock', 'en.txt', '-n', '-j', '--no-mmap']"}}}