{"setup": {"name": "search lines (regex ' [sS][A-Za-z]*k ', ignore case)", "hardware": {"client": "lena", "cpu": "AMD Ryzen 7 3700X 8-Core Processor"}}, "results": {"GNU grep": {"data": {"wall [s]": [35.73, 35.56, 35.83, 35.3, 35.56], "usr [s]": [34.84, 34.59, 34.98, 34.47, 34.72], "sys [s]": [0.89, 0.96, 0.85, 0.83, 0.84], "cpu [s]": [35.730000000000004, 35.550000000000004, 35.83, 35.3, 35.56]}, "command": "['grep', ' [sS][A-Za-z]*k ', 'data.txt', '-i']"}, "ripgrep": {"data": {"wall [s]": [21.7, 21.4, 21.32, 21.38, 21.37], "usr [s]": [21.11, 20.84, 20.65, 20.79, 20.65], "sys [s]": [0.59, 0.55, 0.66, 0.59, 0.71], "cpu [s]": [21.7, 21.39, 21.31, 21.38, 21.36]}, "command": "['rg', ' [sS][A-Za-z]*k ', 'data.txt', '-i']"}, "xs grep -j 1": {"data": {"wall [s]": [27.07, 27.38, 27.08, 27.49, 27.26], "usr [s]": [26.56, 26.83, 26.5, 26.91, 26.74], "sys [s]": [0.52, 0.56, 0.58, 0.59, 0.52], "cpu [s]": [27.08, 27.389999999999997, 27.08, 27.5, 27.259999999999998]}, "command": "['xs', ' [sS][A-Za-z]*k ', 'data.txt', '-j', '1', '-i']"}, "xs grep": {"data": {"wall [s]": [7.19, 7.27, 7.18, 7.25, 7.32], "usr [s]": [28.01, 28.46, 28.04, 28.36, 28.57], "sys [s]": [0.68, 0.57, 0.6, 0.58, 0.62], "cpu [s]": [28.69, 29.03, 28.64, 28.939999999999998, 29.19]}, "command": "['xs', ' [sS][A-Za-z]*k ', 'data.txt', '-i']"}, "xs grep -j": {"data": {"wall [s]": [3.72, 3.7, 3.71, 3.73, 3.7], "usr [s]": [28.94, 28.74, 28.83, 28.98, 28.73], "sys [s]": [0.57, 0.59, 0.59, 0.54, 0.56], "cpu [s]": [29.51, 29.33, 29.419999999999998, 29.52, 29.29]}, "command": "['xs', ' [sS][A-Za-z]*k ', 'data.txt', '-i', '-j']"}, "xs grep -j 1 --no-mmap": {"data": {"wall [s]": [27.26, 27.05, 27.54, 26.82, 27.02], "usr [s]": [27.02, 26.83, 27.26, 26.58, 26.82], "sys [s]": [2.22, 2.23, 2.19, 2.23, 2.19], "cpu [s]": [29.24, 29.06, 29.450000000000003, 28.81, 29.01]}, "command": "['xs', ' [sS][A-Za-z]*k ', 'data.txt', '-j', '1', '-i', '--no-mmap']"}, "xs grep --no-mmap": {"data": {"wall [s]": [7.15, 7.12, 7.05, 7.15, 7.2], "usr [s]": [28.27, 28.13, 27.84, 28.35, 28.45], "sys [s]": [1.98, 2.02, 2.07, 1.94, 2.02], "cpu [s]": [30.25, 30.15, 29.91, 30.290000000000003, 30.47]}, "command": "['xs', ' [sS][A-Za-z]*k ', 'data.txt', '-i', '--no-mmap']"}, "xs grep -j --no-mmap": {"data": {"wall [s]": [3.9, 3.89, 3.92, 3.91, 3.93], "usr [s]": [30.48, 30.53, 30.54, 30.45, 30.71], "sys [s]": [2.09, 2.06, 2.05, 2.05, 2.0], "cpu [s]": [32.57, 32.59, 32.589999999999996, 32.5, 32.71]}, "command": "['xs', ' [sS][A-Za-z]*k ', 'data.txt', '-i', '-j', '--no-mmap']"}}}