{"setup": {"name": "xs grep: search line numbers", "hardware": {"client": "lena", "cpu": "AMD Ryzen 7 3700X 8-Core Processor"}}, "results": {"xs": {"data": {"wall [s]": [0.52, 0.48, 0.5, 0.49, 0.52], "usr [s]": [1.06, 1.03, 0.99, 1.07, 0.97], "sys [s]": [0.6, 0.57, 0.6, 0.54, 0.68], "cpu [s]": [1.6600000000000001, 1.6, 1.5899999999999999, 1.61, 1.65]}, "command": "['xs', 'Sherlock', 'data.txt']"}, "xs --max-readers 2": {"data": {"wall [s]": [0.48, 0.49, 0.49, 0.48, 0.49], "usr [s]": [1.01, 0.99, 1.08, 1.04, 1.02], "sys [s]": [0.57, 0.62, 0.53, 0.57, 0.59], "cpu [s]": [1.58, 1.6099999999999999, 1.61, 1.6099999999999999, 1.6099999999999999]}, "command": "['xs', 'Sherlock', 'data.txt', '--max-readers', '2']"}, "xs --no-mmap": {"data": {"wall [s]": [1.82, 1.81, 1.83, 1.89, 1.83], "usr [s]": [1.17, 1.09, 1.21, 1.28, 1.24], "sys [s]": [1.86, 1.82, 1.83, 1.9, 1.81], "cpu [s]": [3.0300000000000002, 2.91, 3.04, 3.1799999999999997, 3.05]}, "command": "['xs', 'Sherlock', 'data.txt', '--no-mmap']"}, "xs --max-readers 2 --no-mmap": {"data": {"wall [s]": [1.77, 1.83, 1.88, 1.93, 1.8], "usr [s]": [1.1, 1.23, 1.16, 1.13, 1.1], "sys [s]": [1.78, 1.81, 1.92, 2.03, 1.8], "cpu [s]": [2.88, 3.04, 3.08, 3.1599999999999997, 2.9000000000000004]}, "command": "['xs', 'Sherlock', 'data.txt', '--max-readers', '2', '--no-mmap']"}, "xs -n": {"data": {"wall [s]": [1.3, 1.43, 1.42, 1.42, 1.41], "usr [s]": [4.19, 4.56, 4.52, 4.42, 4.49], "sys [s]": [0.55, 0.48, 0.5, 0.61, 0.51], "cpu [s]": [4.74, 5.039999999999999, 5.02, 5.03, 5.0]}, "command": "['xs', 'Sherlock', 'data.txt', '-n']"}, "xs -n --max-readers 2 --no-mmap": {"data": {"wall [s]": [1.96, 1.94, 1.99, 1.95, 2.0], "usr [s]": [4.69, 4.55, 4.64, 4.64, 4.61], "sys [s]": [1.94, 1.95, 2.03, 1.95, 2.01], "cpu [s]": [6.630000000000001, 6.5, 6.67, 6.59, 6.62]}, "command": "['xs', 'Sherlock', 'data.txt', '-n', '--max-readers', '2', '--no-mmap']"}, "xs -n --no-mmap": {"data": {"wall [s]": [1.94, 1.98, 1.96, 1.96, 1.96], "usr [s]": [4.77, 4.45, 4.84, 4.66, 4.65], "sys [s]": [1.94, 1.98, 1.95, 1.98, 1.98], "cpu [s]": [6.709999999999999, 6.43, 6.79, 6.640000000000001, 6.630000000000001]}, "command": "['xs', 'Sherlock', 'data.txt', '-n', '--no-mmap']"}, "xs -n --max-readers 2": {"data": {"wall [s]": [1.42, 1.42, 1.42, 1.42, 1.42], "usr [s]": [4.47, 4.44, 4.47, 4.48, 4.49], "sys [s]": [0.56, 0.58, 0.56, 0.55, 0.55], "cpu [s]": [5.029999999999999, 5.0200000000000005, 5.029999999999999, 5.03, 5.04]}, "command": "['xs', 'Sherlock', 'data.txt', '-n', '--max-readers', '2']"}, "xs -n -m": {"data": {"wall [s]": [2.11, 2.1, 2.0, 2.01, 2.08], "usr [s]": [1.17, 1.18, 1.2, 1.17, 1.24], "sys [s]": [2.11, 2.15, 2.02, 2.01, 2.15], "cpu [s]": [3.28, 3.33, 3.2199999999999998, 3.1799999999999997, 3.3899999999999997]}, "command": "['xs', 'Sherlock', 'data.txt', '-m', 'en.meta', '-n']"}, "xs -n -m --max-readers 2": {"data": {"wall [s]": [0.58, 0.55, 0.56, 0.57, 0.58], "usr [s]": [1.06, 1.1, 1.1, 1.1, 1.09], "sys [s]": [0.67, 0.65, 0.65, 0.66, 0.65], "cpu [s]": [1.73, 1.75, 1.75, 1.7600000000000002, 1.7400000000000002]}, "command": "['xs', 'Sherlock', 'data.txt', '-m', 'en.meta', '-n', '--max-readers', '2']"}, "xs -n -m --no-mmap": {"data": {"wall [s]": [2.11, 2.09, 2.07, 2.1, 2.02], "usr [s]": [1.18, 1.13, 1.13, 1.11, 1.1], "sys [s]": [2.15, 2.14, 2.11, 2.17, 2.07], "cpu [s]": [3.33, 3.27, 3.2399999999999998, 3.2800000000000002, 3.17]}, "command": "['xs', 'Sherlock', 'data.txt', '-m', 'en.meta', '-n', '--no-mmap']"}, "xs -n -m --max-readers 2 --no-mmap": {"data": {"wall [s]": [1.44, 1.44, 1.45, 1.46, 1.44], "usr [s]": [1.58, 1.48, 1.57, 1.61, 1.59], "sys [s]": [2.95, 3.02, 2.95, 3.0, 2.87], "cpu [s]": [4.53, 4.5, 4.5200000000000005, 4.61, 4.46]}, "command": "['xs', 'Sherlock', 'data.txt', '-m', 'en.meta', '-n', '--max-readers', '2', '--no-mmap']"}}}