{"setup": {"name": "xs grep threads (LZ4 HC compressed input)", "hardware": {"client": "lena", "cpu": "AMD Ryzen 7 3700X 8-Core Processor"}}, "results": {"xs": {"data": {"wall [s]": [1.39, 1.39, 1.39, 1.39, 1.39], "usr [s]": [5.32, 5.32, 5.3, 5.3, 5.3], "sys [s]": [1.33, 1.29, 1.31, 1.3, 1.31], "cpu [s]": [6.65, 6.61, 6.609999999999999, 6.6, 6.609999999999999]}, "command": "['xs', 'Sherlock', 'en.hc.xslz4', '-m', 'en.hc.xslz4.meta']"}, "xs -j 1": {"data": {"wall [s]": [2.79, 2.72, 2.64, 2.76, 2.77], "usr [s]": [2.8, 2.75, 2.67, 2.75, 2.65], "sys [s]": [0.49, 0.47, 0.45, 0.51, 0.63], "cpu [s]": [3.29, 3.2199999999999998, 3.12, 3.26, 3.28]}, "command": "['xs', 'Sherlock', 'en.hc.xslz4', '-j', '1', '-m', 'en.hc.xslz4.meta']"}, "xs -j 2": {"data": {"wall [s]": [1.53, 1.53, 1.52, 1.53, 1.53], "usr [s]": [2.93, 2.94, 2.92, 2.95, 2.94], "sys [s]": [0.65, 0.64, 0.64, 0.63, 0.66], "cpu [s]": [3.58, 3.58, 3.56, 3.58, 3.6]}, "command": "['xs', 'Sherlock', 'en.hc.xslz4', '-j', '2', '-m', 'en.hc.xslz4.meta']"}, "xs -j 4": {"data": {"wall [s]": [1.42, 1.39, 1.39, 1.39, 1.39], "usr [s]": [5.4, 5.32, 5.32, 5.33, 5.34], "sys [s]": [1.32, 1.28, 1.27, 1.3, 1.27], "cpu [s]": [6.720000000000001, 6.6000000000000005, 6.59, 6.63, 6.609999999999999]}, "command": "['xs', 'Sherlock', 'en.hc.xslz4', '-j', '4', '-m', 'en.hc.xslz4.meta']"}, "xs -j 6": {"data": {"wall [s]": [1.43, 1.42, 1.42, 1.42, 1.41], "usr [s]": [7.69, 7.6, 7.53, 6.51, 6.47], "sys [s]": [1.47, 1.52, 1.51, 1.53, 1.51], "cpu [s]": [9.16, 9.12, 9.040000000000001, 8.04, 7.9799999999999995]}, "command": "['xs', 'Sherlock', 'en.hc.xslz4', '-j', '6', '-m', 'en.hc.xslz4.meta']"}, "xs -j 8": {"data": {"wall [s]": [1.42, 1.42, 1.42, 1.42, 1.42], "usr [s]": [7.4, 7.69, 8.04, 7.56, 7.58], "sys [s]": [1.56, 1.6, 1.57, 1.6, 1.57], "cpu [s]": [8.96, 9.290000000000001, 9.61, 9.16, 9.15]}, "command": "['xs', 'Sherlock', 'en.hc.xslz4', '-j', '8', '-m', 'en.hc.xslz4.meta']"}, "xs -j 10": {"data": {"wall [s]": [1.43, 1.42, 1.42, 1.43, 1.43], "usr [s]": [8.08, 7.87, 7.43, 8.03, 7.4], "sys [s]": [1.59, 1.59, 1.63, 1.62, 1.62], "cpu [s]": [9.67, 9.46, 9.059999999999999, 9.649999999999999, 9.02]}, "command": "['xs', 'Sherlock', 'en.hc.xslz4', '-j', '10', '-m', 'en.hc.xslz4.meta']"}, "xs -j 12": {"data": {"wall [s]": [1.43, 1.43, 1.43, 1.43, 1.42], "usr [s]": [7.81, 7.61, 7.57, 8.05, 7.32], "sys [s]": [1.59, 1.57, 1.63, 1.6, 1.56], "cpu [s]": [9.4, 9.18, 9.2, 9.65, 8.88]}, "command": "['xs', 'Sherlock', 'en.hc.xslz4', '-j', '12', '-m', 'en.hc.xslz4.meta']"}, "xs -j 14": {"data": {"wall [s]": [1.42, 1.42, 1.43, 1.42, 1.42], "usr [s]": [7.68, 7.25, 7.91, 7.98, 7.72], "sys [s]": [1.62, 1.61, 1.57, 1.59, 1.65], "cpu [s]": [9.3, 8.86, 9.48, 9.57, 9.37]}, "command": "['xs', 'Sherlock', 'en.hc.xslz4', '-j', '14', '-m', 'en.hc.xslz4.meta']"}, "xs -j 16": {"data": {"wall [s]": [1.42, 1.42, 1.43, 1.43, 1.43], "usr [s]": [7.21, 7.87, 7.99, 8.07, 8.31], "sys [s]": [1.65, 1.54, 1.62, 1.64, 1.57], "cpu [s]": [8.86, 9.41, 9.61, 9.71, 9.88]}, "command": "['xs', 'Sherlock', 'en.hc.xslz4', '-j', '16', '-m', 'en.hc.xslz4.meta']"}}}