{"setup": {"name": "xs grep: search line numbers", "hardware": {"client": "lena", "cpu": "AMD Ryzen 7 3700X 8-Core Processor"}}, "results": {"xs": {"data": {"wall [s]": [0.49, 0.47, 0.48, 0.49, 0.47], "usr [s]": [1.09, 0.99, 0.99, 1.02, 0.99], "sys [s]": [0.54, 0.57, 0.6, 0.57, 0.62], "cpu [s]": [1.6300000000000001, 1.56, 1.5899999999999999, 1.5899999999999999, 1.6099999999999999]}, "command": "['xs', 'Sherlock', 'en.txt']"}, "xs --max-readers 2": {"data": {"wall [s]": [0.48, 0.48, 0.48, 0.48, 0.49], "usr [s]": [0.95, 1.04, 1.07, 1.07, 1.03], "sys [s]": [0.66, 0.55, 0.53, 0.55, 0.57], "cpu [s]": [1.6099999999999999, 1.59, 1.6, 1.62, 1.6]}, "command": "['xs', 'Sherlock', 'en.txt', '--max-readers', '2']"}, "xs --no-mmap": {"data": {"wall [s]": [1.85, 1.89, 1.84, 1.84, 1.82], "usr [s]": [1.25, 1.22, 1.16, 1.18, 1.15], "sys [s]": [1.86, 1.94, 1.88, 1.88, 1.81], "cpu [s]": [3.1100000000000003, 3.16, 3.04, 3.0599999999999996, 2.96]}, "command": "['xs', 'Sherlock', 'en.txt', '--no-mmap']"}, "xs --max-readers 2 --no-mmap": {"data": {"wall [s]": [1.79, 1.78, 1.95, 1.95, 1.79], "usr [s]": [1.09, 1.07, 1.27, 1.17, 1.16], "sys [s]": [1.8, 1.81, 1.99, 2.03, 1.81], "cpu [s]": [2.89, 2.88, 3.26, 3.1999999999999997, 2.9699999999999998]}, "command": "['xs', 'Sherlock', 'en.txt', '--max-readers', '2', '--no-mmap']"}, "xs -n": {"data": {"wall [s]": [1.4, 1.4, 1.41, 1.4, 1.41], "usr [s]": [4.43, 4.43, 4.45, 4.49, 4.49], "sys [s]": [0.53, 0.53, 0.55, 0.5, 0.5], "cpu [s]": [4.96, 4.96, 5.0, 4.99, 4.99]}, "command": "['xs', 'Sherlock', 'en.txt', '-n']"}, "xs -n --max-readers 2 --no-mmap": {"data": {"wall [s]": [1.97, 1.96, 1.98, 1.92, 1.96], "usr [s]": [4.46, 4.49, 4.49, 4.55, 4.79], "sys [s]": [1.97, 1.95, 1.98, 1.9, 1.97], "cpu [s]": [6.43, 6.44, 6.470000000000001, 6.449999999999999, 6.76]}, "command": "['xs', 'Sherlock', 'en.txt', '-n', '--max-readers', '2', '--no-mmap']"}, "xs -n --no-mmap": {"data": {"wall [s]": [1.93, 1.96, 1.94, 1.92, 1.96], "usr [s]": [4.48, 4.49, 4.99, 4.42, 4.78], "sys [s]": [1.92, 1.94, 1.96, 1.92, 1.97], "cpu [s]": [6.4, 6.43, 6.95, 6.34, 6.75]}, "command": "['xs', 'Sherlock', 'en.txt', '-n', '--no-mmap']"}, "xs -n --max-readers 2": {"data": {"wall [s]": [1.4, 1.4, 1.41, 1.38, 1.41], "usr [s]": [4.49, 4.46, 4.42, 4.44, 4.42], "sys [s]": [0.5, 0.51, 0.57, 0.47, 0.57], "cpu [s]": [4.99, 4.97, 4.99, 4.91, 4.99]}, "command": "['xs', 'Sherlock', 'en.txt', '-n', '--max-readers', '2']"}, "xs -n -m": {"data": {"wall [s]": [1.99, 1.99, 2.11, 2.1, 2.09], "usr [s]": [1.16, 1.25, 1.2, 1.16, 1.09], "sys [s]": [1.99, 2.0, 2.15, 2.15, 2.1], "cpu [s]": [3.15, 3.25, 3.3499999999999996, 3.3099999999999996, 3.1900000000000004]}, "command": "['xs', 'Sherlock', 'en.txt', '-m', 'en.meta', '-n']"}, "xs -n -m --max-readers 2": {"data": {"wall [s]": [0.57, 0.57, 0.57, 0.57, 0.59], "usr [s]": [1.07, 1.05, 1.07, 1.11, 1.08], "sys [s]": [0.67, 0.7, 0.67, 0.63, 0.64], "cpu [s]": [1.7400000000000002, 1.75, 1.7400000000000002, 1.7400000000000002, 1.7200000000000002]}, "command": "['xs', 'Sherlock', 'en.txt', '-m', 'en.meta', '-n', '--max-readers', '2']"}, "xs -n -m --no-mmap": {"data": {"wall [s]": [2.09, 1.98, 2.18, 1.99, 1.98], "usr [s]": [1.13, 1.2, 1.09, 1.1, 1.26], "sys [s]": [2.13, 2.01, 2.28, 2.01, 1.98], "cpu [s]": [3.26, 3.21, 3.37, 3.11, 3.24]}, "command": "['xs', 'Sherlock', 'en.txt', '-m', 'en.meta', '-n', '--no-mmap']"}, "xs -n -m --max-readers 2 --no-mmap": {"data": {"wall [s]": [1.42, 1.44, 1.43, 1.43, 1.45], "usr [s]": [1.54, 1.54, 1.54, 1.48, 1.58], "sys [s]": [2.93, 2.98, 2.95, 3.0, 2.94], "cpu [s]": [4.470000000000001, 4.52, 4.49, 4.48, 4.52]}, "command": "['xs', 'Sherlock', 'en.txt', '-m', 'en.meta', '-n', '--max-readers', '2', '--no-mmap']"}}}