{"setup": {"name": "xs grep reader threads (preprocessed input)", "hardware": {"client": "lena", "cpu": "AMD Ryzen 7 3700X 8-Core Processor"}}, "results": {"xs": {"data": {"wall [s]": [2.08, 2.11, 2.15, 2.11, 2.09], "usr [s]": [1.18, 1.17, 1.22, 1.18, 1.13], "sys [s]": [2.08, 2.19, 2.24, 2.16, 2.12], "cpu [s]": [3.26, 3.36, 3.46, 3.34, 3.25]}, "command": "['xs', 'Sherlock', 'data.txt', '-m', 'en.meta']"}, "xs --max-readers 1": {"data": {"wall [s]": [1.99, 2.09, 2.06, 1.98, 2.09], "usr [s]": [1.12, 1.16, 1.26, 1.14, 1.08], "sys [s]": [2.01, 2.15, 2.04, 2.0, 2.19], "cpu [s]": [3.13, 3.3099999999999996, 3.3, 3.1399999999999997, 3.27]}, "command": "['xs', 'Sherlock', 'data.txt', '--max-readers', '1', '-m', 'en.meta']"}, "xs --max-readers 2": {"data": {"wall [s]": [0.57, 0.57, 0.58, 0.57, 0.56], "usr [s]": [1.02, 1.12, 1.05, 1.06, 1.07], "sys [s]": [0.72, 0.61, 0.65, 0.65, 0.68], "cpu [s]": [1.74, 1.73, 1.7000000000000002, 1.71, 1.75]}, "command": "['xs', 'Sherlock', 'data.txt', '--max-readers', '2', '-m', 'en.meta']"}, "xs --max-readers 4": {"data": {"wall [s]": [0.58, 0.56, 0.56, 0.57, 0.57], "usr [s]": [0.99, 1.13, 1.04, 1.0, 1.13], "sys [s]": [0.77, 0.57, 0.69, 0.73, 0.58], "cpu [s]": [1.76, 1.6999999999999997, 1.73, 1.73, 1.71]}, "command": "['xs', 'Sherlock', 'data.txt', '--max-readers', '4', '-m', 'en.meta']"}, "xs --max-readers 6": {"data": {"wall [s]": [0.56, 0.57, 0.58, 0.58, 0.58], "usr [s]": [1.09, 1.04, 1.01, 1.01, 1.04], "sys [s]": [0.62, 0.69, 0.7, 0.71, 0.68], "cpu [s]": [1.71, 1.73, 1.71, 1.72, 1.7200000000000002]}, "command": "['xs', 'Sherlock', 'data.txt', '--max-readers', '6', '-m', 'en.meta']"}, "xs --max-readers 8": {"data": {"wall [s]": [0.57, 0.58, 0.57, 0.58, 0.58], "usr [s]": [1.06, 0.99, 1.01, 1.12, 1.01], "sys [s]": [0.64, 0.71, 0.72, 0.62, 0.71], "cpu [s]": [1.7000000000000002, 1.7, 1.73, 1.7400000000000002, 1.72]}, "command": "['xs', 'Sherlock', 'data.txt', '--max-readers', '8', '-m', 'en.meta']"}, "xs --max-readers 10": {"data": {"wall [s]": [0.57, 0.57, 0.57, 0.58, 0.56], "usr [s]": [1.06, 0.98, 1.1, 0.99, 1.03], "sys [s]": [0.66, 0.76, 0.63, 0.74, 0.7], "cpu [s]": [1.7200000000000002, 1.74, 1.73, 1.73, 1.73]}, "command": "['xs', 'Sherlock', 'data.txt', '--max-readers', '10', '-m', 'en.meta']"}, "xs --max-readers 12": {"data": {"wall [s]": [0.58, 0.59, 0.56, 0.57, 0.56], "usr [s]": [1.03, 1.07, 1.12, 1.0, 1.09], "sys [s]": [0.69, 0.64, 0.62, 0.69, 0.64], "cpu [s]": [1.72, 1.71, 1.7400000000000002, 1.69, 1.73]}, "command": "['xs', 'Sherlock', 'data.txt', '--max-readers', '12', '-m', 'en.meta']"}, "xs --max-readers 14": {"data": {"wall [s]": [0.57, 0.58, 0.57, 0.57, 0.56], "usr [s]": [1.06, 1.06, 1.04, 1.05, 1.06], "sys [s]": [0.67, 0.64, 0.69, 0.68, 0.66], "cpu [s]": [1.73, 1.7000000000000002, 1.73, 1.73, 1.7200000000000002]}, "command": "['xs', 'Sherlock', 'data.txt', '--max-readers', '14', '-m', 'en.meta']"}, "xs --max-readers 16": {"data": {"wall [s]": [0.57, 0.58, 0.56, 0.55, 0.57], "usr [s]": [1.03, 1.13, 1.09, 1.06, 1.07], "sys [s]": [0.69, 0.61, 0.63, 0.65, 0.65], "cpu [s]": [1.72, 1.7399999999999998, 1.7200000000000002, 1.71, 1.7200000000000002]}, "command": "['xs', 'Sherlock', 'data.txt', '--max-readers', '16', '-m', 'en.meta']"}}}