{"setup": {"name": "xs grep threads (LZ4 HC compressed input)", "hardware": {"client": "lena", "cpu": "AMD Ryzen 7 3700X 8-Core Processor"}}, "results": {"xs": {"data": {"wall [s]": [1.39, 1.39, 1.4, 1.39, 1.39], "usr [s]": [5.3, 5.32, 5.29, 5.31, 5.3], "sys [s]": [1.36, 1.29, 1.33, 1.31, 1.33], "cpu [s]": [6.66, 6.61, 6.62, 6.619999999999999, 6.63]}, "command": "['xs', 'Sherlock', 'en.hc.xslz4', '-m', 'en.hc.xslz4.meta']"}, "xs -j 1": {"data": {"wall [s]": [2.69, 2.61, 2.61, 2.77, 2.79], "usr [s]": [2.56, 2.53, 2.55, 2.77, 2.74], "sys [s]": [0.62, 0.58, 0.56, 0.5, 0.56], "cpu [s]": [3.18, 3.11, 3.11, 3.27, 3.3000000000000003]}, "command": "['xs', 'Sherlock', 'en.hc.xslz4', '-j', '1', '-m', 'en.hc.xslz4.meta']"}, "xs -j 2": {"data": {"wall [s]": [1.55, 1.49, 1.53, 1.53, 1.49], "usr [s]": [2.97, 2.84, 2.93, 2.94, 2.87], "sys [s]": [0.67, 0.65, 0.63, 0.63, 0.62], "cpu [s]": [3.64, 3.4899999999999998, 3.56, 3.57, 3.49]}, "command": "['xs', 'Sherlock', 'en.hc.xslz4', '-j', '2', '-m', 'en.hc.xslz4.meta']"}, "xs -j 4": {"data": {"wall [s]": [1.39, 1.39, 1.39, 1.39, 1.39], "usr [s]": [5.34, 5.32, 5.29, 5.32, 5.34], "sys [s]": [1.27, 1.3, 1.3, 1.29, 1.29], "cpu [s]": [6.609999999999999, 6.62, 6.59, 6.61, 6.63]}, "command": "['xs', 'Sherlock', 'en.hc.xslz4', '-j', '4', '-m', 'en.hc.xslz4.meta']"}, "xs -j 6": {"data": {"wall [s]": [1.43, 1.42, 1.43, 1.44, 1.42], "usr [s]": [7.38, 7.27, 6.73, 6.7, 7.09], "sys [s]": [1.51, 1.53, 1.46, 1.53, 1.51], "cpu [s]": [8.89, 8.799999999999999, 8.190000000000001, 8.23, 8.6]}, "command": "['xs', 'Sherlock', 'en.hc.xslz4', '-j', '6', '-m', 'en.hc.xslz4.meta']"}, "xs -j 8": {"data": {"wall [s]": [1.44, 1.44, 1.43, 1.43, 1.43], "usr [s]": [8.2, 7.3, 7.29, 7.95, 7.7], "sys [s]": [1.63, 1.61, 1.61, 1.62, 1.64], "cpu [s]": [9.829999999999998, 8.91, 8.9, 9.57, 9.34]}, "command": "['xs', 'Sherlock', 'en.hc.xslz4', '-j', '8', '-m', 'en.hc.xslz4.meta']"}, "xs -j 10": {"data": {"wall [s]": [1.43, 1.43, 1.43, 1.43, 1.43], "usr [s]": [7.56, 7.61, 8.18, 7.92, 7.61], "sys [s]": [1.53, 1.57, 1.58, 1.61, 1.59], "cpu [s]": [9.09, 9.18, 9.76, 9.53, 9.200000000000001]}, "command": "['xs', 'Sherlock', 'en.hc.xslz4', '-j', '10', '-m', 'en.hc.xslz4.meta']"}, "xs -j 12": {"data": {"wall [s]": [1.43, 1.43, 1.43, 1.42, 1.44], "usr [s]": [7.25, 7.56, 7.38, 7.72, 7.66], "sys [s]": [1.63, 1.55, 1.61, 1.59, 1.61], "cpu [s]": [8.879999999999999, 9.11, 8.99, 9.31, 9.27]}, "command": "['xs', 'Sherlock', 'en.hc.xslz4', '-j', '12', '-m', 'en.hc.xslz4.meta']"}, "xs -j 14": {"data": {"wall [s]": [1.43, 1.43, 1.43, 1.43, 1.43], "usr [s]": [8.15, 7.52, 7.91, 7.29, 7.65], "sys [s]": [1.6, 1.59, 1.61, 1.6, 1.63], "cpu [s]": [9.75, 9.11, 9.52, 8.89, 9.280000000000001]}, "command": "['xs', 'Sherlock', 'en.hc.xslz4', '-j', '14', '-m', 'en.hc.xslz4.meta']"}, "xs -j 16": {"data": {"wall [s]": [1.42, 1.43, 1.43, 1.43, 1.43], "usr [s]": [7.58, 7.31, 8.1, 8.16, 8.12], "sys [s]": [1.6, 1.63, 1.63, 1.54, 1.59], "cpu [s]": [9.18, 8.94, 9.73, 9.7, 9.709999999999999]}, "command": "['xs', 'Sherlock', 'en.hc.xslz4', '-j', '16', '-m', 'en.hc.xslz4.meta']"}}}