{"setup": {"name": "xsgrep mmap vs std::ifstream::read", "hardware": {"client": "lena", "cpu": "AMD Ryzen 7 3700X 8-Core Processor"}}, "results": {"xs": {"data": {"wall [s]": [0.48, 0.47, 0.48, 0.48, 0.48], "usr [s]": [1.08, 1.03, 0.97, 0.98, 1.06], "sys [s]": [0.52, 0.58, 0.63, 0.62, 0.54], "cpu [s]": [1.6, 1.6099999999999999, 1.6, 1.6, 1.6]}, "command": "['xs', 'Sherlock', 'en.txt']"}, "xs --no-mmap": {"data": {"wall [s]": [1.89, 1.82, 1.79, 1.8, 1.82], "usr [s]": [1.18, 1.12, 1.05, 1.17, 1.14], "sys [s]": [1.91, 1.9, 1.79, 1.77, 1.82], "cpu [s]": [3.09, 3.02, 2.84, 2.94, 2.96]}, "command": "['xs', 'Sherlock', 'en.txt', '--no-mmap']"}, "xs -j 1": {"data": {"wall [s]": [0.67, 0.63, 0.63, 0.66, 0.66], "usr [s]": [0.77, 0.7, 0.73, 0.73, 0.74], "sys [s]": [0.45, 0.5, 0.44, 0.47, 0.46], "cpu [s]": [1.22, 1.2, 1.17, 1.2, 1.2]}, "command": "['xs', 'Sherlock', 'en.txt', '-j', '2']"}, "xs --no-mmap -j 1": {"data": {"wall [s]": [1.8, 1.79, 1.8, 1.81, 1.82], "usr [s]": [1.12, 1.2, 1.1, 1.17, 1.11], "sys [s]": [1.81, 1.79, 1.81, 1.8, 1.83], "cpu [s]": [2.93, 2.99, 2.91, 2.9699999999999998, 2.9400000000000004]}, "command": "['xs', 'Sherlock', 'en.txt', '-j', '2', '--no-mmap']"}}}