{"setup": {"name": "xsgrep threads", "hardware": {"client": "lena", "cpu": "AMD Ryzen 7 3700X 8-Core Processor"}}, "results": {"xs": {"data": {"wall [s]": [0.49, 0.51, 0.51, 0.49, 0.51], "usr [s]": [0.97, 0.97, 1.01, 1.01, 1.08], "sys [s]": [0.66, 0.69, 0.64, 0.6, 0.57], "cpu [s]": [1.63, 1.66, 1.65, 1.6099999999999999, 1.65]}, "command": "['xs', 'Sherlock', 'data.txt']"}, "xs -j 1": {"data": {"wall [s]": [1.05, 1.16, 1.04, 1.05, 1.04], "usr [s]": [0.58, 0.64, 0.64, 0.62, 0.66], "sys [s]": [0.47, 0.53, 0.4, 0.44, 0.4], "cpu [s]": [1.0499999999999998, 1.17, 1.04, 1.06, 1.06]}, "command": "['xs', 'Sherlock', 'data.txt', '-j', '1']"}, "xs -j 2": {"data": {"wall [s]": [0.66, 0.69, 0.69, 0.69, 0.6], "usr [s]": [0.67, 0.66, 0.66, 0.66, 0.75], "sys [s]": [0.55, 0.59, 0.57, 0.6, 0.43], "cpu [s]": [1.2200000000000002, 1.25, 1.23, 1.26, 1.18]}, "command": "['xs', 'Sherlock', 'data.txt', '-j', '2']"}, "xs -j 4": {"data": {"wall [s]": [0.5, 0.51, 0.5, 0.48, 0.48], "usr [s]": [1.09, 1.04, 1.04, 1.0, 1.01], "sys [s]": [0.54, 0.59, 0.61, 0.61, 0.59], "cpu [s]": [1.6300000000000001, 1.63, 1.65, 1.6099999999999999, 1.6]}, "command": "['xs', 'Sherlock', 'data.txt', '-j', '4']"}, "xs -j 6": {"data": {"wall [s]": [0.49, 0.51, 0.54, 0.5, 0.53], "usr [s]": [1.42, 1.57, 1.44, 1.57, 1.48], "sys [s]": [0.83, 0.69, 0.86, 0.68, 0.82], "cpu [s]": [2.25, 2.26, 2.3, 2.25, 2.3]}, "command": "['xs', 'Sherlock', 'data.txt', '-j', '6']"}, "xs -j 8": {"data": {"wall [s]": [0.52, 0.51, 0.52, 0.57, 0.53], "usr [s]": [2.05, 2.05, 2.09, 2.13, 2.05], "sys [s]": [0.92, 0.9, 0.89, 0.89, 0.93], "cpu [s]": [2.9699999999999998, 2.9499999999999997, 2.98, 3.02, 2.98]}, "command": "['xs', 'Sherlock', 'data.txt', '-j', '8']"}, "xs -j 10": {"data": {"wall [s]": [0.54, 0.54, 0.52, 0.55, 0.53], "usr [s]": [1.98, 1.94, 2.03, 2.06, 1.97], "sys [s]": [1.01, 1.05, 0.94, 0.94, 1.02], "cpu [s]": [2.99, 2.99, 2.9699999999999998, 3.0, 2.99]}, "command": "['xs', 'Sherlock', 'data.txt', '-j', '10']"}, "xs -j 12": {"data": {"wall [s]": [0.56, 0.5, 0.56, 0.52, 0.52], "usr [s]": [2.07, 2.04, 2.11, 2.16, 1.99], "sys [s]": [0.95, 0.92, 0.91, 0.82, 0.98], "cpu [s]": [3.0199999999999996, 2.96, 3.02, 2.98, 2.9699999999999998]}, "command": "['xs', 'Sherlock', 'data.txt', '-j', '12']"}, "xs -j 14": {"data": {"wall [s]": [0.56, 0.53, 0.55, 0.51, 0.51], "usr [s]": [2.04, 2.02, 2.02, 2.03, 2.11], "sys [s]": [0.97, 0.96, 0.98, 0.93, 0.86], "cpu [s]": [3.01, 2.98, 3.0, 2.96, 2.9699999999999998]}, "command": "['xs', 'Sherlock', 'data.txt', '-j', '14']"}, "xs -j 16": {"data": {"wall [s]": [0.53, 0.54, 0.53, 0.56, 0.57], "usr [s]": [2.03, 2.08, 2.04, 2.13, 1.99], "sys [s]": [0.94, 0.91, 0.95, 0.89, 1.03], "cpu [s]": [2.9699999999999998, 2.99, 2.99, 3.02, 3.02]}, "command": "['xs', 'Sherlock', 'data.txt', '-j', '16']"}}}