{"setup": {"name": "xsgrep threads (regex, case insensitive, line number)", "hardware": {"client": "lena", "cpu": "AMD Ryzen 7 3700X 8-Core Processor"}}, "results": {"xs": {"data": {"wall [s]": [3.11, 3.18, 3.16, 3.14, 3.16], "usr [s]": [11.79, 11.99, 11.93, 11.76, 11.99], "sys [s]": [0.54, 0.53, 0.51, 0.52, 0.54], "cpu [s]": [12.329999999999998, 12.52, 12.44, 12.28, 12.530000000000001]}, "command": "['xs', 'She[r ]lock', 'en.txt', '-i']"}, "xs -j 1": {"data": {"wall [s]": [12.1, 11.97, 12.01, 11.91, 12.18], "usr [s]": [11.53, 11.45, 11.49, 11.39, 11.65], "sys [s]": [0.58, 0.53, 0.53, 0.53, 0.53], "cpu [s]": [12.11, 11.979999999999999, 12.02, 11.92, 12.18]}, "command": "['xs', 'She[r ]lock', 'en.txt', '-j', '1', '-i']"}, "xs -j 2": {"data": {"wall [s]": [6.22, 6.22, 6.17, 6.2, 6.22], "usr [s]": [11.74, 11.81, 11.7, 11.68, 11.69], "sys [s]": [0.56, 0.57, 0.59, 0.6, 0.61], "cpu [s]": [12.3, 12.38, 12.29, 12.28, 12.299999999999999]}, "command": "['xs', 'She[r ]lock', 'en.txt', '-j', '2', '-i']"}, "xs -j 4": {"data": {"wall [s]": [3.16, 3.16, 3.16, 3.14, 3.14], "usr [s]": [11.93, 11.98, 11.84, 11.86, 11.95], "sys [s]": [0.51, 0.51, 0.6, 0.56, 0.54], "cpu [s]": [12.44, 12.49, 12.44, 12.42, 12.489999999999998]}, "command": "['xs', 'She[r ]lock', 'en.txt', '-j', '4', '-i']"}, "xs -j 6": {"data": {"wall [s]": [2.15, 2.18, 2.19, 2.2, 2.15], "usr [s]": [11.93, 12.06, 12.03, 12.01, 12.01], "sys [s]": [0.66, 0.53, 0.55, 0.58, 0.64], "cpu [s]": [12.59, 12.59, 12.58, 12.59, 12.65]}, "command": "['xs', 'She[r ]lock', 'en.txt', '-j', '6', '-i']"}, "xs -j 8": {"data": {"wall [s]": [1.67, 1.64, 1.64, 1.66, 1.64], "usr [s]": [12.23, 12.18, 12.07, 12.22, 12.05], "sys [s]": [0.51, 0.54, 0.6, 0.53, 0.6], "cpu [s]": [12.74, 12.719999999999999, 12.67, 12.75, 12.65]}, "command": "['xs', 'She[r ]lock', 'en.txt', '-j', '8', '-i']"}, "xs -j 10": {"data": {"wall [s]": [1.65, 1.65, 1.64, 1.67, 1.64], "usr [s]": [12.23, 12.19, 12.24, 12.08, 12.18], "sys [s]": [0.59, 0.55, 0.46, 0.58, 0.49], "cpu [s]": [12.82, 12.74, 12.700000000000001, 12.66, 12.67]}, "command": "['xs', 'She[r ]lock', 'en.txt', '-j', '10', '-i']"}, "xs -j 12": {"data": {"wall [s]": [1.65, 1.63, 1.67, 1.63, 1.65], "usr [s]": [12.24, 12.18, 12.12, 12.29, 12.19], "sys [s]": [0.53, 0.46, 0.57, 0.55, 0.47], "cpu [s]": [12.77, 12.64, 12.69, 12.84, 12.66]}, "command": "['xs', 'She[r ]lock', 'en.txt', '-j', '12', '-i']"}, "xs -j 14": {"data": {"wall [s]": [1.65, 1.68, 1.68, 1.67, 1.64], "usr [s]": [12.28, 12.15, 12.08, 12.27, 12.22], "sys [s]": [0.48, 0.53, 0.57, 0.55, 0.49], "cpu [s]": [12.76, 12.68, 12.65, 12.82, 12.71]}, "command": "['xs', 'She[r ]lock', 'en.txt', '-j', '14', '-i']"}, "xs -j 16": {"data": {"wall [s]": [1.63, 1.64, 1.64, 1.64, 1.64], "usr [s]": [12.37, 12.11, 12.12, 12.2, 12.28], "sys [s]": [0.54, 0.6, 0.53, 0.47, 0.46], "cpu [s]": [12.91, 12.709999999999999, 12.649999999999999, 12.67, 12.74]}, "command": "['xs', 'She[r ]lock', 'en.txt', '-j', '16', '-i']"}}}