{"setup": {"name": "xsgrep threads (regex, case insensitive, line number)", "hardware": {"client": "lena", "cpu": "AMD Ryzen 7 3700X 8-Core Processor"}}, "results": {"xs": {"data": {"wall [s]": [4.04, 4.02, 4.09, 4.07, 4.08], "usr [s]": [15.2, 15.22, 15.13, 15.16, 15.32], "sys [s]": [0.51, 0.54, 0.55, 0.57, 0.49], "cpu [s]": [15.709999999999999, 15.760000000000002, 15.680000000000001, 15.73, 15.81]}, "command": "['xs', 'She[r ]lock', 'en.txt', '-i', '-n']"}, "xs -j 1": {"data": {"wall [s]": [15.29, 15.05, 14.95, 15.21, 15.0], "usr [s]": [14.83, 14.62, 14.51, 14.68, 14.53], "sys [s]": [0.46, 0.44, 0.45, 0.54, 0.47], "cpu [s]": [15.290000000000001, 15.059999999999999, 14.959999999999999, 15.219999999999999, 15.0]}, "command": "['xs', 'She[r ]lock', 'en.txt', '-j', '1', '-i', '-n']"}, "xs -j 2": {"data": {"wall [s]": [7.77, 7.82, 7.84, 7.73, 7.85], "usr [s]": [14.74, 14.93, 14.95, 14.74, 15.03], "sys [s]": [0.6, 0.67, 0.54, 0.69, 0.63], "cpu [s]": [15.34, 15.6, 15.489999999999998, 15.43, 15.66]}, "command": "['xs', 'She[r ]lock', 'en.txt', '-j', '2', '-i', '-n']"}, "xs -j 4": {"data": {"wall [s]": [4.05, 4.08, 4.08, 4.06, 4.09], "usr [s]": [15.18, 15.17, 15.11, 15.13, 15.24], "sys [s]": [0.53, 0.49, 0.58, 0.58, 0.49], "cpu [s]": [15.709999999999999, 15.66, 15.69, 15.71, 15.73]}, "command": "['xs', 'She[r ]lock', 'en.txt', '-j', '4', '-i', '-n']"}, "xs -j 6": {"data": {"wall [s]": [2.78, 2.83, 2.82, 2.83, 2.84], "usr [s]": [15.41, 15.36, 15.41, 15.32, 15.39], "sys [s]": [0.5, 0.52, 0.51, 0.57, 0.55], "cpu [s]": [15.91, 15.879999999999999, 15.92, 15.89, 15.940000000000001]}, "command": "['xs', 'She[r ]lock', 'en.txt', '-j', '6', '-i', '-n']"}, "xs -j 8": {"data": {"wall [s]": [2.21, 2.21, 2.2, 2.21, 2.21], "usr [s]": [15.7, 15.53, 15.62, 15.5, 15.6], "sys [s]": [0.58, 0.53, 0.57, 0.61, 0.5], "cpu [s]": [16.279999999999998, 16.06, 16.189999999999998, 16.11, 16.1]}, "command": "['xs', 'She[r ]lock', 'en.txt', '-j', '8', '-i', '-n']"}, "xs -j 10": {"data": {"wall [s]": [2.2, 2.21, 2.2, 2.21, 2.21], "usr [s]": [15.54, 15.66, 15.56, 15.6, 15.59], "sys [s]": [0.62, 0.47, 0.56, 0.52, 0.53], "cpu [s]": [16.16, 16.13, 16.12, 16.12, 16.12]}, "command": "['xs', 'She[r ]lock', 'en.txt', '-j', '10', '-i', '-n']"}, "xs -j 12": {"data": {"wall [s]": [2.2, 2.21, 2.2, 2.17, 2.21], "usr [s]": [15.62, 15.49, 15.56, 15.57, 15.6], "sys [s]": [0.55, 0.6, 0.57, 0.59, 0.58], "cpu [s]": [16.169999999999998, 16.09, 16.13, 16.16, 16.18]}, "command": "['xs', 'She[r ]lock', 'en.txt', '-j', '12', '-i', '-n']"}, "xs -j 14": {"data": {"wall [s]": [2.2, 2.21, 2.21, 2.21, 2.2], "usr [s]": [15.61, 15.55, 15.37, 15.52, 15.65], "sys [s]": [0.49, 0.53, 0.71, 0.55, 0.51], "cpu [s]": [16.099999999999998, 16.080000000000002, 16.08, 16.07, 16.16]}, "command": "['xs', 'She[r ]lock', 'en.txt', '-j', '14', '-i', '-n']"}, "xs -j 16": {"data": {"wall [s]": [2.2, 2.21, 2.19, 2.2, 2.21], "usr [s]": [15.52, 15.55, 15.72, 15.55, 15.42], "sys [s]": [0.57, 0.59, 0.54, 0.59, 0.67], "cpu [s]": [16.09, 16.14, 16.26, 16.14, 16.09]}, "command": "['xs', 'She[r ]lock', 'en.txt', '-j', '16', '-i', '-n']"}}}