{"setup": {"name": "xsgrep threads (regex)", "hardware": {"client": "lena", "cpu": "AMD Ryzen 7 3700X 8-Core Processor"}}, "results": {"xs": {"data": {"wall [s]": [7.18, 7.29, 7.28, 7.23, 7.27], "usr [s]": [27.93, 28.48, 28.39, 28.13, 28.28], "sys [s]": [0.72, 0.61, 0.64, 0.74, 0.74], "cpu [s]": [28.65, 29.09, 29.03, 28.869999999999997, 29.02]}, "command": "['xs', ' [sS][A-Za-z]*[kK] ', 'en.txt', '-i']"}, "xs -j 1": {"data": {"wall [s]": [26.99, 27.25, 27.53, 27.56, 27.24], "usr [s]": [26.46, 26.63, 26.91, 26.96, 26.62], "sys [s]": [0.54, 0.63, 0.63, 0.62, 0.62], "cpu [s]": [27.0, 27.259999999999998, 27.54, 27.580000000000002, 27.240000000000002]}, "command": "['xs', ' [sS][A-Za-z]*[kK] ', 'en.txt', '-j', '1', '-i']"}, "xs -j 2": {"data": {"wall [s]": [14.18, 14.3, 14.26, 14.42, 14.26], "usr [s]": [27.53, 27.82, 27.67, 28.11, 27.77], "sys [s]": [0.64, 0.59, 0.65, 0.55, 0.58], "cpu [s]": [28.17, 28.41, 28.32, 28.66, 28.349999999999998]}, "command": "['xs', ' [sS][A-Za-z]*[kK] ', 'en.txt', '-j', '2', '-i']"}, "xs -j 4": {"data": {"wall [s]": [7.26, 8.3, 7.17, 7.24, 7.24], "usr [s]": [28.31, 32.44, 28.11, 28.28, 28.3], "sys [s]": [0.73, 0.69, 0.56, 0.6, 0.58], "cpu [s]": [29.04, 33.129999999999995, 28.669999999999998, 28.880000000000003, 28.88]}, "command": "['xs', ' [sS][A-Za-z]*[kK] ', 'en.txt', '-j', '4', '-i']"}, "xs -j 6": {"data": {"wall [s]": [4.9, 4.91, 4.93, 4.91, 4.88], "usr [s]": [28.54, 28.76, 28.66, 28.65, 28.5], "sys [s]": [0.7, 0.57, 0.71, 0.66, 0.66], "cpu [s]": [29.24, 29.330000000000002, 29.37, 29.31, 29.16]}, "command": "['xs', ' [sS][A-Za-z]*[kK] ', 'en.txt', '-j', '6', '-i']"}, "xs -j 8": {"data": {"wall [s]": [3.71, 3.71, 3.72, 3.71, 3.73], "usr [s]": [28.85, 28.84, 28.92, 28.84, 29.01], "sys [s]": [0.64, 0.64, 0.63, 0.61, 0.57], "cpu [s]": [29.490000000000002, 29.48, 29.55, 29.45, 29.580000000000002]}, "command": "['xs', ' [sS][A-Za-z]*[kK] ', 'en.txt', '-j', '8', '-i']"}, "xs -j 10": {"data": {"wall [s]": [3.71, 3.71, 3.72, 3.72, 3.72], "usr [s]": [28.88, 28.81, 28.9, 28.89, 28.91], "sys [s]": [0.6, 0.61, 0.57, 0.61, 0.63], "cpu [s]": [29.48, 29.419999999999998, 29.47, 29.5, 29.54]}, "command": "['xs', ' [sS][A-Za-z]*[kK] ', 'en.txt', '-j', '10', '-i']"}, "xs -j 12": {"data": {"wall [s]": [3.72, 3.71, 3.73, 3.71, 3.71], "usr [s]": [28.96, 28.91, 29.0, 28.77, 28.86], "sys [s]": [0.63, 0.57, 0.6, 0.66, 0.66], "cpu [s]": [29.59, 29.48, 29.6, 29.43, 29.52]}, "command": "['xs', ' [sS][A-Za-z]*[kK] ', 'en.txt', '-j', '12', '-i']"}, "xs -j 14": {"data": {"wall [s]": [3.72, 3.74, 3.72, 3.72, 3.72], "usr [s]": [28.88, 29.22, 28.83, 29.01, 28.8], "sys [s]": [0.68, 0.57, 0.58, 0.58, 0.68], "cpu [s]": [29.56, 29.79, 29.409999999999997, 29.59, 29.48]}, "command": "['xs', ' [sS][A-Za-z]*[kK] ', 'en.txt', '-j', '14', '-i']"}, "xs -j 16": {"data": {"wall [s]": [3.73, 3.71, 3.73, 3.71, 3.72], "usr [s]": [28.89, 28.89, 28.82, 28.8, 28.93], "sys [s]": [0.67, 0.62, 0.67, 0.65, 0.63], "cpu [s]": [29.560000000000002, 29.51, 29.490000000000002, 29.45, 29.56]}, "command": "['xs', ' [sS][A-Za-z]*[kK] ', 'en.txt', '-j', '16', '-i']"}}}