{"setup": {"name": "xsgrep threads", "hardware": {"client": "lena", "cpu": "AMD Ryzen 7 3700X 8-Core Processor"}}, "results": {"xs": {"data": {"wall [s]": [0.48, 0.48, 0.48, 0.48, 0.49], "usr [s]": [1.06, 1.02, 1.06, 1.04, 1.05], "sys [s]": [0.55, 0.56, 0.53, 0.54, 0.53], "cpu [s]": [1.61, 1.58, 1.59, 1.58, 1.58]}, "command": "['xs', 'Sherlock', 'en.txt']"}, "xs -j 1": {"data": {"wall [s]": [1.05, 1.13, 1.12, 1.02, 1.02], "usr [s]": [0.71, 0.73, 0.76, 0.65, 0.62], "sys [s]": [0.35, 0.41, 0.37, 0.37, 0.42], "cpu [s]": [1.06, 1.14, 1.13, 1.02, 1.04]}, "command": "['xs', 'Sherlock', 'en.txt', '-j', '1']"}, "xs -j 2": {"data": {"wall [s]": [0.67, 0.66, 0.62, 0.65, 0.63], "usr [s]": [0.68, 0.7, 0.67, 0.58, 0.76], "sys [s]": [0.53, 0.51, 0.49, 0.61, 0.47], "cpu [s]": [1.21, 1.21, 1.1600000000000001, 1.19, 1.23]}, "command": "['xs', 'Sherlock', 'en.txt', '-j', '2']"}, "xs -j 4": {"data": {"wall [s]": [0.5, 0.48, 0.49, 0.48, 0.47], "usr [s]": [1.03, 1.02, 1.02, 1.01, 1.02], "sys [s]": [0.6, 0.58, 0.62, 0.56, 0.57], "cpu [s]": [1.63, 1.6, 1.6400000000000001, 1.57, 1.5899999999999999]}, "command": "['xs', 'Sherlock', 'en.txt', '-j', '4']"}, "xs -j 6": {"data": {"wall [s]": [0.49, 0.49, 0.5, 0.47, 0.48], "usr [s]": [1.61, 1.56, 1.49, 1.48, 1.58], "sys [s]": [0.63, 0.68, 0.76, 0.75, 0.66], "cpu [s]": [2.24, 2.24, 2.25, 2.23, 2.24]}, "command": "['xs', 'Sherlock', 'en.txt', '-j', '6']"}, "xs -j 8": {"data": {"wall [s]": [0.5, 0.51, 0.51, 0.5, 0.5], "usr [s]": [2.15, 2.12, 2.07, 2.14, 2.06], "sys [s]": [0.81, 0.86, 0.9, 0.81, 0.9], "cpu [s]": [2.96, 2.98, 2.9699999999999998, 2.95, 2.96]}, "command": "['xs', 'Sherlock', 'en.txt', '-j', '8']"}, "xs -j 10": {"data": {"wall [s]": [0.53, 0.5, 0.55, 0.52, 0.51], "usr [s]": [2.02, 2.08, 2.12, 2.08, 2.02], "sys [s]": [0.97, 0.87, 0.9, 0.89, 0.96], "cpu [s]": [2.99, 2.95, 3.02, 2.97, 2.98]}, "command": "['xs', 'Sherlock', 'en.txt', '-j', '10']"}, "xs -j 12": {"data": {"wall [s]": [0.51, 0.53, 0.52, 0.52, 0.51], "usr [s]": [2.14, 2.23, 2.16, 2.03, 2.08], "sys [s]": [0.84, 0.76, 0.82, 0.94, 0.88], "cpu [s]": [2.98, 2.99, 2.98, 2.9699999999999998, 2.96]}, "command": "['xs', 'Sherlock', 'en.txt', '-j', '12']"}, "xs -j 14": {"data": {"wall [s]": [0.52, 0.51, 0.51, 0.54, 0.51], "usr [s]": [2.03, 2.1, 2.14, 2.16, 2.12], "sys [s]": [0.94, 0.87, 0.83, 0.84, 0.85], "cpu [s]": [2.9699999999999998, 2.97, 2.97, 3.0, 2.97]}, "command": "['xs', 'Sherlock', 'en.txt', '-j', '14']"}, "xs -j 16": {"data": {"wall [s]": [0.51, 0.54, 0.53, 0.52, 0.54], "usr [s]": [2.11, 2.07, 2.07, 2.1, 2.07], "sys [s]": [0.85, 0.92, 0.93, 0.89, 0.93], "cpu [s]": [2.96, 2.9899999999999998, 3.0, 2.99, 3.0]}, "command": "['xs', 'Sherlock', 'en.txt', '-j', '16']"}}}