{"setup": {"name": "literal case insensitive search: lines", "hardware": {"client": "go", "cpu": "Intel(R) Core(TM) i7-10700K CPU @ 3.80GHz"}}, "results": {"GNU grep": {"wall [s]": [16.62, 16.64, 16.63, 16.62, 16.62], "usr [s]": [15.51, 15.46, 15.6, 15.59, 15.46], "sys [s]": [1.1, 1.17, 1.02, 1.02, 1.15], "cpu [s]": [16.61, 16.630000000000003, 16.62, 16.61, 16.61]}, "xs grep": {"wall [s]": [3.43, 3.43, 3.43, 3.43, 3.43], "usr [s]": [6.53, 6.61, 6.69, 6.53, 6.65], "sys [s]": [1.31, 1.23, 1.16, 1.2, 1.15], "cpu [s]": [7.84, 7.84, 7.8500000000000005, 7.73, 7.800000000000001]}, "xs grep meta": {"wall [s]": [3.53, 3.53, 3.53, 3.53, 3.53], "usr [s]": [6.54, 6.48, 6.47, 6.54, 6.66], "sys [s]": [1.25, 1.27, 1.38, 1.34, 1.16], "cpu [s]": [7.79, 7.75, 7.85, 7.88, 7.82]}, "xs grep -j 1": {"wall [s]": [6.72, 6.77, 6.74, 6.74, 6.73], "usr [s]": [5.58, 5.77, 5.66, 5.79, 5.65], "sys [s]": [1.01, 0.88, 0.96, 0.83, 0.96], "cpu [s]": [6.59, 6.6499999999999995, 6.62, 6.62, 6.61]}, "xs grep -j 1 meta": {"wall [s]": [6.82, 6.82, 6.84, 6.82, 6.81], "usr [s]": [5.69, 5.75, 5.68, 5.8, 5.75], "sys [s]": [0.95, 0.89, 0.99, 0.85, 0.88], "cpu [s]": [6.640000000000001, 6.64, 6.67, 6.6499999999999995, 6.63]}, "ripgrep": {"wall [s]": [3.83, 3.82, 3.83, 3.82, 3.84], "usr [s]": [2.26, 2.18, 2.12, 2.08, 2.1], "sys [s]": [0.82, 0.88, 0.94, 0.98, 0.97], "cpu [s]": [3.0799999999999996, 3.06, 3.06, 3.06, 3.0700000000000003]}, "cat": {"wall [s]": [3.62, 3.59, 3.57, 3.58, 3.59], "usr [s]": [0.0, 0.0, 0.01, 0.0, 0.0], "sys [s]": [2.83, 2.81, 2.84, 2.85, 2.8], "cpu [s]": [2.83, 2.81, 2.8499999999999996, 2.85, 2.8]}}}