{"setup": {"name": "literal search: line numbers", "hardware": {"client": "go", "cpu": "Intel(R) Core(TM) i7-10700K CPU @ 3.80GHz"}}, "results": {"GNU grep": {"wall [s]": [4.39, 4.28, 4.27, 4.27, 4.28], "usr [s]": [2.71, 2.57, 2.55, 2.46, 2.58], "sys [s]": [1.13, 1.04, 1.06, 1.14, 1.03], "cpu [s]": [3.84, 3.61, 3.61, 3.5999999999999996, 3.6100000000000003]}, "xs grep": {"wall [s]": [3.44, 3.44, 3.44, 3.44, 3.43], "usr [s]": [2.33, 2.32, 2.21, 2.27, 2.3], "sys [s]": [1.16, 1.19, 1.26, 1.24, 1.25], "cpu [s]": [3.49, 3.51, 3.4699999999999998, 3.51, 3.55]}, "xs grep meta": {"wall [s]": [3.53, 3.53, 3.53, 3.53, 3.53], "usr [s]": [0.68, 0.71, 0.55, 0.7, 0.68], "sys [s]": [1.23, 1.17, 1.37, 1.22, 1.26], "cpu [s]": [1.9100000000000001, 1.88, 1.9200000000000002, 1.92, 1.94]}, "xs grep -j 1": {"wall [s]": [4.13, 4.13, 4.13, 4.13, 4.14], "usr [s]": [1.98, 1.93, 1.94, 1.82, 1.95], "sys [s]": [0.84, 0.87, 0.87, 0.98, 0.87], "cpu [s]": [2.82, 2.8, 2.81, 2.8, 2.82]}, "xs grep -j 1 meta": {"wall [s]": [3.87, 3.88, 3.88, 3.88, 3.88], "usr [s]": [0.64, 0.52, 0.54, 0.54, 0.52], "sys [s]": [0.87, 0.99, 0.95, 0.96, 0.98], "cpu [s]": [1.51, 1.51, 1.49, 1.5, 1.5]}, "ripgrep": {"wall [s]": [3.83, 3.83, 3.83, 3.83, 3.83], "usr [s]": [0.49, 0.58, 0.55, 0.57, 0.55], "sys [s]": [1.0, 0.92, 0.94, 0.94, 0.94], "cpu [s]": [1.49, 1.5, 1.49, 1.5099999999999998, 1.49]}, "cat": {"wall [s]": [3.58, 3.59, 3.58, 3.58, 3.61], "usr [s]": [0.0, 0.01, 0.0, 0.0, 0.0], "sys [s]": [2.81, 2.81, 2.81, 2.83, 2.82], "cpu [s]": [2.81, 2.82, 2.81, 2.83, 2.82]}}}