{"setup": {"name": "literal search: byte offsets", "hardware": {"client": "go", "cpu": "Intel(R) Core(TM) i7-10700K CPU @ 3.80GHz"}}, "results": {"GNU grep": {"wall [s]": [3.84, 3.82, 3.81, 3.82, 3.82, 3.81, 3.81, 3.82, 3.83, 3.81], "usr [s]": [1.62, 1.59, 1.66, 1.63, 1.57, 1.5, 1.53, 1.6, 1.63, 1.56], "sys [s]": [1.14, 1.15, 1.06, 1.09, 1.17, 1.22, 1.18, 1.12, 1.11, 1.16], "cpu [s]": [2.76, 2.74, 2.7199999999999998, 2.7199999999999998, 2.74, 2.7199999999999998, 2.71, 2.72, 2.74, 2.7199999999999998]}, "xs grep": {"wall [s]": [3.45, 3.45, 3.45, 3.45, 3.45, 3.45, 3.45, 3.45, 3.45, 3.45], "usr [s]": [0.67, 0.69, 0.64, 0.65, 0.68, 0.68, 0.67, 0.66, 0.63, 0.61], "sys [s]": [1.24, 1.25, 1.28, 1.35, 1.28, 1.21, 1.26, 1.26, 1.3, 1.31], "cpu [s]": [1.9100000000000001, 1.94, 1.92, 2.0, 1.96, 1.8900000000000001, 1.9300000000000002, 1.92, 1.9300000000000002, 1.92]}, "xs grep meta": {"wall [s]": [0.02, 0.02, 0.02, 0.02, 0.02, 0.02, 0.02, 0.02, 0.02, 0.02], "usr [s]": [0.0, 0.0, 0.01, 0.0, 0.01, 0.0, 0.0, 0.0, 0.0, 0.0], "sys [s]": [0.01, 0.0, 0.0, 0.0, 0.0, 0.0, 0.01, 0.0, 0.01, 0.01], "cpu [s]": [0.01, 0.0, 0.01, 0.0, 0.01, 0.0, 0.01, 0.0, 0.01, 0.01]}, "xs grep -j 1": {"wall [s]": [3.62, 3.63, 3.62, 3.62, 3.62, 3.62, 3.62, 3.62, 3.62, 3.62], "usr [s]": [0.49, 0.51, 0.54, 0.48, 0.51, 0.54, 0.58, 0.56, 0.56, 0.56], "sys [s]": [1.04, 1.01, 0.95, 1.04, 1.0, 0.99, 0.93, 0.96, 0.94, 0.94], "cpu [s]": [1.53, 1.52, 1.49, 1.52, 1.51, 1.53, 1.51, 1.52, 1.5, 1.5]}, "xs grep -j 1 meta": {"wall [s]": [0.02, 0.03, 0.02, 0.02, 0.02, 0.02, 0.02, 0.02, 0.02, 0.02], "usr [s]": [0.0, 0.01, 0.0, 0.0, 0.0, 0.0, 0.0, 0.0, 0.01, 0.0], "sys [s]": [0.01, 0.0, 0.01, 0.01, 0.0, 0.01, 0.01, 0.01, 0.0, 0.0], "cpu [s]": [0.01, 0.01, 0.01, 0.01, 0.0, 0.01, 0.01, 0.01, 0.01, 0.0]}, "ripgrep": {"wall [s]": [3.67, 3.67, 3.66, 3.66, 3.66, 3.67, 3.67, 3.67, 3.67, 3.66], "usr [s]": [0.34, 0.29, 0.35, 0.3, 0.35, 0.28, 0.35, 0.31, 0.26, 0.33], "sys [s]": [1.0, 1.04, 0.96, 1.02, 0.99, 1.04, 1.0, 1.01, 1.06, 0.99], "cpu [s]": [1.34, 1.33, 1.31, 1.32, 1.3399999999999999, 1.32, 1.35, 1.32, 1.32, 1.32]}, "cat": {"wall [s]": [3.6, 3.59, 3.61, 3.6, 3.58, 3.6, 3.6, 3.59, 3.59, 3.59], "usr [s]": [0.01, 0.0, 0.01, 0.01, 0.0, 0.01, 0.01, 0.0, 0.0, 0.01], "sys [s]": [2.89, 2.92, 2.91, 2.87, 2.87, 2.87, 2.89, 2.87, 2.88, 2.86], "cpu [s]": [2.9, 2.92, 2.92, 2.88, 2.87, 2.88, 2.9, 2.87, 2.88, 2.8699999999999997]}}}