{"setup": {"name": "literal search: line numbers", "hardware": {"client": "go", "cpu": "Intel(R) Core(TM) i7-10700K CPU @ 3.80GHz"}}, "results": {"GNU grep": {"wall [s]": [4.32, 4.31, 4.31, 4.3, 4.3, 4.31, 4.32, 4.3, 4.3, 4.31], "usr [s]": [2.51, 2.43, 2.5, 2.43, 2.55, 2.48, 2.47, 2.43, 2.49, 2.56], "sys [s]": [1.16, 1.23, 1.16, 1.2, 1.09, 1.18, 1.21, 1.21, 1.14, 1.1], "cpu [s]": [3.67, 3.66, 3.66, 3.63, 3.6399999999999997, 3.66, 3.68, 3.64, 3.63, 3.66]}, "xs grep": {"wall [s]": [3.46, 3.46, 3.46, 3.46, 3.46, 3.46, 3.46, 3.46, 3.47, 3.45], "usr [s]": [2.26, 2.17, 2.23, 2.22, 2.16, 2.09, 2.28, 2.2, 2.26, 2.15], "sys [s]": [1.28, 1.34, 1.35, 1.33, 1.35, 1.44, 1.26, 1.35, 1.29, 1.34], "cpu [s]": [3.54, 3.51, 3.58, 3.5500000000000003, 3.5100000000000002, 3.53, 3.54, 3.5500000000000003, 3.55, 3.49]}, "xs grep meta": {"wall [s]": [0.02, 0.02, 0.02, 0.02, 0.02, 0.02, 0.02, 0.02, 0.02, 0.02], "usr [s]": [0.0, 0.0, 0.0, 0.0, 0.0, 0.0, 0.01, 0.0, 0.0, 0.0], "sys [s]": [0.0, 0.01, 0.0, 0.01, 0.0, 0.0, 0.0, 0.01, 0.01, 0.0], "cpu [s]": [0.0, 0.01, 0.0, 0.01, 0.0, 0.0, 0.01, 0.01, 0.01, 0.0]}, "xs grep -j 1": {"wall [s]": [4.15, 4.15, 4.14, 4.14, 4.14, 4.15, 4.15, 4.15, 4.14, 4.15], "usr [s]": [1.8, 1.88, 1.89, 1.83, 1.77, 1.86, 1.99, 1.91, 1.91, 1.86], "sys [s]": [1.08, 0.99, 0.95, 1.01, 1.08, 0.98, 0.87, 0.94, 0.92, 1.0], "cpu [s]": [2.88, 2.87, 2.84, 2.84, 2.85, 2.84, 2.86, 2.8499999999999996, 2.83, 2.8600000000000003]}, "xs grep -j 1 meta": {"wall [s]": [0.02, 0.02, 0.02, 0.02, 0.02, 0.03, 0.03, 0.02, 0.02, 0.02], "usr [s]": [0.0, 0.0, 0.0, 0.0, 0.0, 0.0, 0.01, 0.0, 0.0, 0.0], "sys [s]": [0.0, 0.0, 0.0, 0.01, 0.01, 0.01, 0.0, 0.0, 0.01, 0.0], "cpu [s]": [0.0, 0.0, 0.0, 0.01, 0.01, 0.01, 0.01, 0.0, 0.01, 0.0]}, "ripgrep": {"wall [s]": [3.85, 3.86, 3.86, 3.86, 3.86, 3.85, 3.86, 3.85, 3.86, 3.85], "usr [s]": [0.52, 0.48, 0.52, 0.53, 0.49, 0.55, 0.51, 0.45, 0.49, 0.54], "sys [s]": [1.0, 1.07, 1.04, 1.03, 1.05, 0.99, 1.03, 1.07, 1.04, 1.01], "cpu [s]": [1.52, 1.55, 1.56, 1.56, 1.54, 1.54, 1.54, 1.52, 1.53, 1.55]}, "cat": {"wall [s]": [3.6, 3.58, 3.59, 3.59, 3.6, 3.6, 3.6, 3.59, 3.59, 3.59], "usr [s]": [0.0, 0.0, 0.01, 0.02, 0.01, 0.02, 0.0, 0.0, 0.02, 0.0], "sys [s]": [2.94, 2.93, 2.86, 2.9, 2.91, 2.89, 2.9, 2.9, 2.86, 2.88], "cpu [s]": [2.94, 2.93, 2.8699999999999997, 2.92, 2.92, 2.91, 2.9, 2.9, 2.88, 2.88]}}}