{"setup": {"name": "literal search: byte offsets", "hardware": {"client": "go", "cpu": "Intel(R) Core(TM) i7-10700K CPU @ 3.80GHz"}}, "results": {"GNU grep": {"wall [s]": [3.8, 3.79, 3.8, 3.8, 3.79], "usr [s]": [1.64, 1.63, 1.59, 1.62, 1.67], "sys [s]": [1.06, 1.06, 1.12, 1.09, 1.02], "cpu [s]": [2.7, 2.69, 2.71, 2.71, 2.69]}, "xs grep": {"wall [s]": [3.43, 3.43, 3.43, 3.43, 3.43], "usr [s]": [0.64, 0.7, 0.61, 0.54, 0.59], "sys [s]": [1.28, 1.2, 1.27, 1.4, 1.28], "cpu [s]": [1.92, 1.9, 1.88, 1.94, 1.87]}, "xs grep meta": {"wall [s]": [3.53, 3.53, 3.53, 3.53, 3.53], "usr [s]": [0.59, 0.68, 0.58, 0.58, 0.59], "sys [s]": [1.29, 1.23, 1.34, 1.3, 1.33], "cpu [s]": [1.88, 1.9100000000000001, 1.92, 1.88, 1.92]}, "xs grep -j 1": {"wall [s]": [3.62, 3.61, 3.61, 3.61, 3.61], "usr [s]": [0.52, 0.56, 0.54, 0.54, 0.48], "sys [s]": [0.98, 0.91, 0.93, 0.94, 0.99], "cpu [s]": [1.5, 1.4700000000000002, 1.4700000000000002, 1.48, 1.47]}, "xs grep -j 1 meta": {"wall [s]": [3.87, 3.87, 3.87, 3.87, 3.87], "usr [s]": [0.51, 0.55, 0.56, 0.54, 0.54], "sys [s]": [1.01, 0.95, 0.95, 0.96, 0.97], "cpu [s]": [1.52, 1.5, 1.51, 1.5, 1.51]}, "ripgrep": {"wall [s]": [3.64, 3.63, 3.63, 3.64, 3.63], "usr [s]": [0.31, 0.35, 0.31, 0.34, 0.34], "sys [s]": [0.98, 0.92, 0.96, 0.93, 0.93], "cpu [s]": [1.29, 1.27, 1.27, 1.27, 1.27]}, "cat": {"wall [s]": [3.59, 3.58, 3.58, 3.59, 3.57], "usr [s]": [0.0, 0.0, 0.02, 0.0, 0.0], "sys [s]": [2.8, 2.8, 2.78, 2.83, 2.79], "cpu [s]": [2.8, 2.8, 2.8, 2.83, 2.79]}}}