{"setup": {"name": "literal search: lines", "hardware": {"client": "go", "cpu": "Intel(R) Core(TM) i7-10700K CPU @ 3.80GHz"}}, "results": {"GNU grep": {"wall [s]": [3.9, 3.86, 3.79, 3.79, 3.81], "usr [s]": [1.67, 1.68, 1.59, 1.62, 1.54], "sys [s]": [1.17, 1.1, 1.09, 1.07, 1.18], "cpu [s]": [2.84, 2.7800000000000002, 2.68, 2.6900000000000004, 2.7199999999999998]}, "xs grep": {"wall [s]": [3.43, 3.43, 3.43, 3.45, 3.43], "usr [s]": [0.69, 0.62, 0.67, 0.64, 0.66], "sys [s]": [1.3, 1.23, 1.18, 1.21, 1.21], "cpu [s]": [1.99, 1.85, 1.85, 1.85, 1.87]}, "xs grep meta": {"wall [s]": [3.53, 3.54, 3.53, 3.53, 3.53], "usr [s]": [0.54, 0.63, 0.61, 0.7, 0.62], "sys [s]": [1.36, 1.27, 1.25, 1.15, 1.23], "cpu [s]": [1.9000000000000001, 1.9, 1.8599999999999999, 1.8499999999999999, 1.85]}, "xs grep -j 1": {"wall [s]": [3.7, 3.63, 3.61, 3.61, 3.65], "usr [s]": [0.62, 0.57, 0.48, 0.55, 0.6], "sys [s]": [1.0, 0.96, 1.0, 0.92, 1.0], "cpu [s]": [1.62, 1.5299999999999998, 1.48, 1.4700000000000002, 1.6]}, "xs grep -j 1 meta": {"wall [s]": [3.89, 3.89, 3.9, 3.88, 3.89], "usr [s]": [0.46, 0.58, 0.56, 0.56, 0.58], "sys [s]": [1.11, 0.99, 1.03, 1.0, 1.02], "cpu [s]": [1.57, 1.5699999999999998, 1.59, 1.56, 1.6]}, "ripgrep": {"wall [s]": [3.63, 3.65, 3.64, 3.65, 3.63], "usr [s]": [0.34, 0.35, 0.28, 0.31, 0.3], "sys [s]": [0.96, 0.99, 1.02, 1.0, 0.97], "cpu [s]": [1.3, 1.3399999999999999, 1.3, 1.31, 1.27]}, "cat": {"wall [s]": [3.59, 3.59, 3.61, 3.6, 3.62], "usr [s]": [0.02, 0.0, 0.0, 0.0, 0.01], "sys [s]": [2.85, 2.87, 2.91, 2.86, 2.89], "cpu [s]": [2.87, 2.87, 2.91, 2.86, 2.9]}}}