{"setup": {"name": "literal case insensitive search: lines", "hardware": {"client": "go", "cpu": "Intel(R) Core(TM) i7-10700K CPU @ 3.80GHz"}}, "results": {"GNU grep": {"wall [s]": [16.73, 16.71, 16.71, 16.73, 16.69, 16.73, 16.69, 16.76, 16.71, 16.72], "usr [s]": [15.63, 15.73, 15.6, 15.67, 15.56, 15.71, 15.61, 15.61, 15.71, 15.56], "sys [s]": [1.08, 0.97, 1.1, 1.05, 1.11, 1.0, 1.07, 1.14, 0.98, 1.15], "cpu [s]": [16.71, 16.7, 16.7, 16.72, 16.67, 16.71, 16.68, 16.75, 16.69, 16.71]}, "xs grep": {"wall [s]": [3.44, 3.45, 3.44, 3.44, 3.45, 3.44, 3.44, 3.44, 3.45, 3.44], "usr [s]": [6.65, 6.68, 6.54, 6.37, 6.56, 6.54, 6.67, 6.59, 6.58, 6.67], "sys [s]": [1.2, 1.25, 1.26, 1.43, 1.39, 1.28, 1.25, 1.3, 1.34, 1.21], "cpu [s]": [7.8500000000000005, 7.93, 7.8, 7.8, 7.949999999999999, 7.82, 7.92, 7.89, 7.92, 7.88]}, "xs grep meta": {"wall [s]": [0.03, 0.03, 0.03, 0.03, 0.03, 0.03, 0.03, 0.03, 0.03, 0.03], "usr [s]": [0.04, 0.03, 0.02, 0.03, 0.04, 0.03, 0.02, 0.04, 0.03, 0.03], "sys [s]": [0.0, 0.01, 0.01, 0.0, 0.0, 0.0, 0.01, 0.0, 0.0, 0.01], "cpu [s]": [0.04, 0.04, 0.03, 0.03, 0.04, 0.03, 0.03, 0.04, 0.03, 0.04]}, "xs grep -j 1": {"wall [s]": [6.79, 6.79, 6.78, 6.79, 6.77, 6.79, 6.83, 6.78, 6.8, 6.79], "usr [s]": [5.71, 5.74, 5.84, 5.83, 5.72, 5.8, 5.83, 5.65, 5.8, 5.79], "sys [s]": [0.96, 0.93, 0.83, 0.84, 0.93, 0.88, 0.87, 1.0, 0.88, 0.88], "cpu [s]": [6.67, 6.67, 6.67, 6.67, 6.6499999999999995, 6.68, 6.7, 6.65, 6.68, 6.67]}, "xs grep -j 1 meta": {"wall [s]": [0.04, 0.04, 0.04, 0.04, 0.04, 0.04, 0.04, 0.04, 0.04, 0.04], "usr [s]": [0.03, 0.03, 0.03, 0.03, 0.03, 0.03, 0.04, 0.03, 0.03, 0.03], "sys [s]": [0.01, 0.0, 0.0, 0.0, 0.0, 0.0, 0.0, 0.0, 0.0, 0.0], "cpu [s]": [0.04, 0.03, 0.03, 0.03, 0.03, 0.03, 0.04, 0.03, 0.03, 0.03]}, "ripgrep": {"wall [s]": [3.86, 3.86, 3.87, 3.85, 3.87, 3.86, 3.86, 3.86, 3.87, 3.87], "usr [s]": [2.1, 2.24, 2.16, 2.07, 2.11, 2.11, 2.15, 2.13, 2.12, 2.12], "sys [s]": [1.01, 0.87, 0.98, 1.01, 0.99, 1.02, 0.96, 0.98, 1.0, 1.01], "cpu [s]": [3.1100000000000003, 3.1100000000000003, 3.14, 3.08, 3.0999999999999996, 3.13, 3.11, 3.11, 3.12, 3.13]}, "cat": {"wall [s]": [3.59, 3.59, 3.61, 3.6, 3.58, 3.59, 3.63, 3.6, 3.59, 3.6], "usr [s]": [0.0, 0.0, 0.02, 0.0, 0.0, 0.0, 0.0, 0.01, 0.01, 0.01], "sys [s]": [2.87, 2.91, 2.9, 2.86, 2.87, 2.93, 2.96, 2.92, 2.92, 2.88], "cpu [s]": [2.87, 2.91, 2.92, 2.86, 2.87, 2.93, 2.96, 2.9299999999999997, 2.9299999999999997, 2.8899999999999997]}}}