{"setup": {"name": "literal search: lines", "hardware": {"client": "go", "cpu": "Intel(R) Core(TM) i7-10700K CPU @ 3.80GHz"}}, "results": {"GNU grep": {"wall [s]": [3.81, 3.83, 3.82, 3.82, 3.81, 3.82, 3.81, 3.82, 3.81, 3.82], "usr [s]": [1.5, 1.64, 1.59, 1.54, 1.65, 1.49, 1.52, 1.61, 1.48, 1.59], "sys [s]": [1.22, 1.12, 1.14, 1.19, 1.06, 1.24, 1.19, 1.13, 1.22, 1.15], "cpu [s]": [2.7199999999999998, 2.76, 2.73, 2.73, 2.71, 2.73, 2.71, 2.74, 2.7, 2.74]}, "xs grep": {"wall [s]": [3.44, 3.44, 3.45, 3.44, 3.45, 3.45, 3.45, 3.45, 3.45, 3.43], "usr [s]": [0.57, 0.57, 0.62, 0.64, 0.63, 0.65, 0.62, 0.56, 0.59, 0.66], "sys [s]": [1.36, 1.36, 1.31, 1.33, 1.32, 1.25, 1.3, 1.34, 1.35, 1.25], "cpu [s]": [1.9300000000000002, 1.9300000000000002, 1.9300000000000002, 1.9700000000000002, 1.9500000000000002, 1.9, 1.92, 1.9000000000000001, 1.94, 1.9100000000000001]}, "xs grep meta": {"wall [s]": [0.02, 0.02, 0.02, 0.02, 0.02, 0.02, 0.02, 0.02, 0.02, 0.02], "usr [s]": [0.0, 0.0, 0.0, 0.0, 0.0, 0.0, 0.0, 0.0, 0.0, 0.0], "sys [s]": [0.01, 0.0, 0.01, 0.01, 0.0, 0.0, 0.01, 0.0, 0.01, 0.01], "cpu [s]": [0.01, 0.0, 0.01, 0.01, 0.0, 0.0, 0.01, 0.0, 0.01, 0.01]}, "xs grep -j 1": {"wall [s]": [3.62, 3.62, 3.62, 3.62, 3.62, 3.62, 3.62, 3.62, 3.62, 3.62], "usr [s]": [0.53, 0.52, 0.54, 0.58, 0.54, 0.52, 0.59, 0.61, 0.57, 0.49], "sys [s]": [0.98, 1.0, 0.98, 0.93, 0.97, 0.98, 0.92, 0.89, 0.92, 1.01], "cpu [s]": [1.51, 1.52, 1.52, 1.51, 1.51, 1.5, 1.51, 1.5, 1.49, 1.5]}, "xs grep -j 1 meta": {"wall [s]": [0.03, 0.02, 0.02, 0.02, 0.02, 0.02, 0.03, 0.02, 0.02, 0.02], "usr [s]": [0.01, 0.0, 0.0, 0.0, 0.0, 0.0, 0.0, 0.0, 0.0, 0.0], "sys [s]": [0.0, 0.0, 0.01, 0.01, 0.0, 0.01, 0.0, 0.0, 0.01, 0.01], "cpu [s]": [0.01, 0.0, 0.01, 0.01, 0.0, 0.01, 0.0, 0.0, 0.01, 0.01]}, "ripgrep": {"wall [s]": [3.65, 3.66, 3.65, 3.66, 3.65, 3.65, 3.65, 3.65, 3.66, 3.65], "usr [s]": [0.29, 0.39, 0.3, 0.38, 0.33, 0.33, 0.26, 0.3, 0.27, 0.38], "sys [s]": [1.04, 0.95, 1.01, 0.95, 1.0, 0.98, 1.06, 1.02, 1.04, 0.94], "cpu [s]": [1.33, 1.3399999999999999, 1.31, 1.33, 1.33, 1.31, 1.32, 1.32, 1.31, 1.3199999999999998]}, "cat": {"wall [s]": [3.59, 3.59, 3.58, 3.59, 3.58, 3.59, 3.59, 3.62, 3.58, 3.6], "usr [s]": [0.0, 0.02, 0.0, 0.01, 0.01, 0.02, 0.0, 0.01, 0.02, 0.0], "sys [s]": [2.88, 2.86, 2.87, 2.89, 2.87, 2.91, 2.91, 2.86, 2.85, 2.92], "cpu [s]": [2.88, 2.88, 2.87, 2.9, 2.88, 2.93, 2.91, 2.8699999999999997, 2.87, 2.92]}}}