{"setup": {"name": "literal case insensitive search: lines", "hardware": {"client": "go", "cpu": "Intel(R) Core(TM) i7-10700K CPU @ 3.80GHz"}}, "results": {"GNU grep": {"wall [s]": [15.85, 16.14, 16.61, 16.42, 15.97], "usr [s]": [15.43, 15.7, 16.27, 16.03, 15.6], "sys [s]": [0.41, 0.43, 0.33, 0.38, 0.36], "cpu [s]": [15.84, 16.13, 16.599999999999998, 16.41, 15.959999999999999]}, "xs grep": {"wall [s]": [0.86, 0.84, 0.85, 0.87, 0.84], "usr [s]": [6.13, 6.3, 6.16, 6.49, 6.29], "sys [s]": [0.24, 0.22, 0.25, 0.3, 0.23], "cpu [s]": [6.37, 6.52, 6.41, 6.79, 6.5200000000000005]}, "xs grep meta": {"wall [s]": [0.85, 0.87, 0.86, 0.85, 0.85], "usr [s]": [6.1, 6.27, 6.2, 6.12, 6.22], "sys [s]": [0.29, 0.25, 0.24, 0.27, 0.27], "cpu [s]": [6.39, 6.52, 6.44, 6.390000000000001, 6.49]}, "xs grep -j 1": {"wall [s]": [5.85, 5.99, 5.9, 5.93, 6.27], "usr [s]": [5.59, 5.75, 5.67, 5.69, 6.02], "sys [s]": [0.25, 0.24, 0.22, 0.23, 0.25], "cpu [s]": [5.84, 5.99, 5.89, 5.920000000000001, 6.27]}, "xs grep -j 1 meta": {"wall [s]": [5.87, 6.16, 5.99, 6.19, 6.0], "usr [s]": [5.6, 5.94, 5.7, 5.91, 5.74], "sys [s]": [0.27, 0.21, 0.28, 0.27, 0.25], "cpu [s]": [5.869999999999999, 6.15, 5.98, 6.18, 5.99]}, "ripgrep": {"wall [s]": [2.26, 2.39, 2.29, 2.41, 2.33], "usr [s]": [2.05, 2.19, 2.09, 2.15, 2.06], "sys [s]": [0.21, 0.19, 0.19, 0.26, 0.27], "cpu [s]": [2.26, 2.38, 2.28, 2.41, 2.33]}, "cat": {"wall [s]": [2.12, 2.23, 2.16, 2.11, 2.26], "usr [s]": [0.0, 0.0, 0.0, 0.0, 0.0], "sys [s]": [2.12, 2.22, 2.16, 2.11, 2.26], "cpu [s]": [2.12, 2.22, 2.16, 2.11, 2.26]}}}