{"setup": {"name": "literal search: line numbers", "hardware": {"client": "go", "cpu": "Intel(R) Core(TM) i7-10700K CPU @ 3.80GHz"}}, "results": {"GNU grep": {"wall [s]": [2.82, 2.82, 2.81, 2.83, 2.84, 2.83, 2.83, 2.82, 2.85, 2.84], "usr [s]": [2.43, 2.45, 2.46, 2.48, 2.53, 2.44, 2.39, 2.47, 2.41, 2.43], "sys [s]": [0.39, 0.37, 0.35, 0.34, 0.31, 0.37, 0.44, 0.34, 0.43, 0.39], "cpu [s]": [2.8200000000000003, 2.8200000000000003, 2.81, 2.82, 2.84, 2.81, 2.83, 2.81, 2.8400000000000003, 2.8200000000000003]}, "xs grep": {"wall [s]": [0.43, 0.44, 0.44, 0.45, 0.45, 0.43, 0.44, 0.44, 0.44, 0.43], "usr [s]": [2.53, 2.62, 2.58, 2.64, 2.6, 2.55, 2.6, 2.6, 2.57, 2.57], "sys [s]": [0.33, 0.25, 0.31, 0.25, 0.29, 0.31, 0.27, 0.29, 0.3, 0.29], "cpu [s]": [2.86, 2.87, 2.89, 2.89, 2.89, 2.86, 2.87, 2.89, 2.8699999999999997, 2.86]}, "xs grep meta": {"wall [s]": [0.0, 0.0, 0.0, 0.0, 0.0, 0.0, 0.0, 0.0, 0.0, 0.0], "usr [s]": [0.0, 0.0, 0.0, 0.0, 0.0, 0.0, 0.0, 0.0, 0.0, 0.0], "sys [s]": [0.0, 0.0, 0.0, 0.0, 0.0, 0.0, 0.0, 0.0, 0.0, 0.0], "cpu [s]": [0.0, 0.0, 0.0, 0.0, 0.0, 0.0, 0.0, 0.0, 0.0, 0.0]}, "xs grep -j 1": {"wall [s]": [2.03, 2.03, 2.04, 2.03, 2.04, 2.02, 2.03, 2.03, 2.02, 2.03], "usr [s]": [1.83, 1.85, 1.81, 1.77, 1.79, 1.79, 1.78, 1.81, 1.77, 1.72], "sys [s]": [0.2, 0.17, 0.22, 0.26, 0.24, 0.23, 0.24, 0.21, 0.24, 0.3], "cpu [s]": [2.0300000000000002, 2.02, 2.0300000000000002, 2.0300000000000002, 2.0300000000000002, 2.02, 2.02, 2.02, 2.01, 2.02]}, "xs grep -j 1 meta": {"wall [s]": [0.0, 0.0, 0.0, 0.0, 0.0, 0.0, 0.0, 0.0, 0.0, 0.0], "usr [s]": [0.0, 0.0, 0.0, 0.0, 0.0, 0.0, 0.0, 0.0, 0.0, 0.0], "sys [s]": [0.0, 0.0, 0.0, 0.0, 0.0, 0.0, 0.0, 0.0, 0.0, 0.0], "cpu [s]": [0.0, 0.0, 0.0, 0.0, 0.0, 0.0, 0.0, 0.0, 0.0, 0.0]}, "ripgrep": {"wall [s]": [0.73, 0.72, 0.73, 0.71, 0.73, 0.74, 0.72, 0.72, 0.71, 0.72], "usr [s]": [0.49, 0.46, 0.5, 0.49, 0.51, 0.55, 0.48, 0.5, 0.49, 0.5], "sys [s]": [0.23, 0.25, 0.22, 0.22, 0.21, 0.18, 0.23, 0.22, 0.21, 0.21], "cpu [s]": [0.72, 0.71, 0.72, 0.71, 0.72, 0.73, 0.71, 0.72, 0.7, 0.71]}, "cat": {"wall [s]": [2.18, 2.15, 2.17, 2.19, 2.15, 2.18, 2.17, 2.13, 2.16, 2.17], "usr [s]": [0.01, 0.0, 0.01, 0.0, 0.01, 0.0, 0.0, 0.01, 0.0, 0.0], "sys [s]": [2.17, 2.15, 2.15, 2.19, 2.14, 2.17, 2.16, 2.12, 2.16, 2.17], "cpu [s]": [2.1799999999999997, 2.15, 2.1599999999999997, 2.19, 2.15, 2.17, 2.16, 2.13, 2.16, 2.17]}}}