{"setup": {"name": "literal search: byte offsets", "hardware": {"client": "go", "cpu": "Intel(R) Core(TM) i7-10700K CPU @ 3.80GHz"}}, "results": {"GNU grep": {"wall [s]": [1.95, 1.99, 1.92, 1.93, 1.9], "usr [s]": [1.6, 1.63, 1.53, 1.53, 1.51], "sys [s]": [0.34, 0.36, 0.38, 0.38, 0.39], "cpu [s]": [1.9400000000000002, 1.9899999999999998, 1.9100000000000001, 1.9100000000000001, 1.9]}, "xs grep": {"wall [s]": [0.21, 0.21, 0.2, 0.21, 0.2], "usr [s]": [1.01, 0.99, 0.95, 1.01, 1.02], "sys [s]": [0.27, 0.32, 0.33, 0.29, 0.26], "cpu [s]": [1.28, 1.31, 1.28, 1.3, 1.28]}, "xs grep meta": {"wall [s]": [0.22, 0.22, 0.22, 0.22, 0.22], "usr [s]": [1.09, 1.05, 1.07, 1.03, 0.99], "sys [s]": [0.24, 0.28, 0.28, 0.3, 0.34], "cpu [s]": [1.33, 1.33, 1.35, 1.33, 1.33]}, "xs grep -j 1": {"wall [s]": [0.71, 0.7, 0.7, 0.7, 0.7], "usr [s]": [0.47, 0.51, 0.47, 0.5, 0.48], "sys [s]": [0.23, 0.18, 0.23, 0.19, 0.22], "cpu [s]": [0.7, 0.69, 0.7, 0.69, 0.7]}, "xs grep -j 1 meta": {"wall [s]": [0.73, 0.71, 0.71, 0.72, 0.72], "usr [s]": [0.49, 0.48, 0.51, 0.46, 0.5], "sys [s]": [0.23, 0.23, 0.19, 0.25, 0.22], "cpu [s]": [0.72, 0.71, 0.7, 0.71, 0.72]}, "ripgrep": {"wall [s]": [0.52, 0.51, 0.53, 0.51, 0.51], "usr [s]": [0.31, 0.29, 0.32, 0.32, 0.28], "sys [s]": [0.2, 0.21, 0.2, 0.18, 0.23], "cpu [s]": [0.51, 0.5, 0.52, 0.5, 0.51]}, "cat": {"wall [s]": [2.11, 2.1, 2.11, 2.12, 2.13], "usr [s]": [0.01, 0.0, 0.0, 0.0, 0.0], "sys [s]": [2.1, 2.1, 2.11, 2.09, 2.13], "cpu [s]": [2.11, 2.1, 2.11, 2.09, 2.13]}}}