{"setup": {"name": "literal search: lines", "hardware": {"client": "go", "cpu": "Intel(R) Core(TM) i7-10700K CPU @ 3.80GHz"}}, "results": {"GNU grep": {"wall [s]": [2.08, 1.91, 1.92, 1.92, 1.91, 1.92, 1.91, 1.92, 1.91, 1.92], "usr [s]": [1.48, 1.56, 1.55, 1.56, 1.54, 1.57, 1.54, 1.49, 1.55, 1.55], "sys [s]": [0.6, 0.35, 0.36, 0.36, 0.37, 0.35, 0.37, 0.42, 0.35, 0.36], "cpu [s]": [2.08, 1.9100000000000001, 1.9100000000000001, 1.92, 1.9100000000000001, 1.92, 1.9100000000000001, 1.91, 1.9, 1.9100000000000001]}, "xs grep": {"wall [s]": [0.22, 0.21, 0.23, 0.21, 0.22, 0.22, 0.23, 0.22, 0.22, 0.21], "usr [s]": [1.03, 0.98, 1.03, 1.02, 1.05, 0.98, 1.06, 0.97, 1.05, 0.93], "sys [s]": [0.28, 0.31, 0.32, 0.29, 0.27, 0.33, 0.34, 0.35, 0.27, 0.36], "cpu [s]": [1.31, 1.29, 1.35, 1.31, 1.32, 1.31, 1.4000000000000001, 1.3199999999999998, 1.32, 1.29]}, "xs grep meta": {"wall [s]": [0.0, 0.0, 0.0, 0.0, 0.0, 0.0, 0.0, 0.0, 0.0, 0.0], "usr [s]": [0.0, 0.0, 0.0, 0.0, 0.0, 0.0, 0.0, 0.0, 0.0, 0.0], "sys [s]": [0.0, 0.0, 0.0, 0.0, 0.0, 0.0, 0.0, 0.0, 0.0, 0.0], "cpu [s]": [0.0, 0.0, 0.0, 0.0, 0.0, 0.0, 0.0, 0.0, 0.0, 0.0]}, "xs grep -j 1": {"wall [s]": [0.71, 0.71, 0.72, 0.7, 0.71, 0.71, 0.72, 0.71, 0.71, 0.71], "usr [s]": [0.47, 0.47, 0.47, 0.51, 0.51, 0.51, 0.51, 0.55, 0.48, 0.5], "sys [s]": [0.23, 0.24, 0.24, 0.19, 0.19, 0.19, 0.21, 0.16, 0.22, 0.2], "cpu [s]": [0.7, 0.71, 0.71, 0.7, 0.7, 0.7, 0.72, 0.7100000000000001, 0.7, 0.7]}, "xs grep -j 1 meta": {"wall [s]": [0.0, 0.0, 0.0, 0.0, 0.0, 0.0, 0.0, 0.0, 0.0, 0.0], "usr [s]": [0.0, 0.0, 0.0, 0.0, 0.0, 0.0, 0.0, 0.0, 0.0, 0.0], "sys [s]": [0.0, 0.0, 0.0, 0.0, 0.0, 0.0, 0.0, 0.0, 0.0, 0.0], "cpu [s]": [0.0, 0.0, 0.0, 0.0, 0.0, 0.0, 0.0, 0.0, 0.0, 0.0]}, "ripgrep": {"wall [s]": [0.56, 0.52, 0.52, 0.52, 0.52, 0.51, 0.52, 0.51, 0.52, 0.52], "usr [s]": [0.33, 0.27, 0.29, 0.33, 0.29, 0.29, 0.28, 0.32, 0.3, 0.29], "sys [s]": [0.19, 0.25, 0.22, 0.18, 0.22, 0.22, 0.23, 0.18, 0.22, 0.23], "cpu [s]": [0.52, 0.52, 0.51, 0.51, 0.51, 0.51, 0.51, 0.5, 0.52, 0.52]}, "cat": {"wall [s]": [2.18, 2.16, 2.16, 2.16, 2.15, 2.17, 2.16, 2.14, 2.17, 2.17], "usr [s]": [0.0, 0.0, 0.0, 0.01, 0.0, 0.0, 0.01, 0.0, 0.01, 0.0], "sys [s]": [2.17, 2.15, 2.16, 2.14, 2.15, 2.17, 2.14, 2.13, 2.16, 2.16], "cpu [s]": [2.17, 2.15, 2.16, 2.15, 2.15, 2.17, 2.15, 2.13, 2.17, 2.16]}}}