{"setup": {"name": "literal case insensitive search: lines", "hardware": {"client": "go", "cpu": "Intel(R) Core(TM) i7-10700K CPU @ 3.80GHz"}}, "results": {"GNU grep": {"wall [s]": [15.91, 15.9, 15.91, 15.98, 15.93, 15.9, 15.9, 15.89, 15.91, 15.92], "usr [s]": [15.53, 15.54, 15.53, 15.56, 15.57, 15.57, 15.47, 15.5, 15.54, 15.56], "sys [s]": [0.37, 0.35, 0.38, 0.4, 0.35, 0.33, 0.43, 0.38, 0.36, 0.35], "cpu [s]": [15.899999999999999, 15.889999999999999, 15.91, 15.96, 15.92, 15.9, 15.9, 15.88, 15.899999999999999, 15.91]}, "xs grep": {"wall [s]": [0.88, 0.86, 0.83, 0.83, 0.84, 0.85, 0.85, 0.82, 0.84, 0.82], "usr [s]": [6.35, 6.28, 6.28, 6.18, 6.19, 6.15, 6.31, 6.1, 6.13, 6.17], "sys [s]": [0.26, 0.31, 0.18, 0.23, 0.24, 0.25, 0.28, 0.28, 0.27, 0.23], "cpu [s]": [6.609999999999999, 6.59, 6.46, 6.41, 6.430000000000001, 6.4, 6.59, 6.38, 6.4, 6.4]}, "xs grep meta": {"wall [s]": [0.02, 0.02, 0.02, 0.02, 0.02, 0.02, 0.02, 0.02, 0.02, 0.02], "usr [s]": [0.03, 0.03, 0.03, 0.03, 0.03, 0.02, 0.03, 0.03, 0.03, 0.03], "sys [s]": [0.0, 0.0, 0.0, 0.0, 0.0, 0.01, 0.0, 0.0, 0.0, 0.0], "cpu [s]": [0.03, 0.03, 0.03, 0.03, 0.03, 0.03, 0.03, 0.03, 0.03, 0.03]}, "xs grep -j 1": {"wall [s]": [5.9, 5.89, 5.9, 5.9, 5.9, 5.92, 5.9, 5.91, 5.9, 5.91], "usr [s]": [5.64, 5.7, 5.69, 5.69, 5.67, 5.68, 5.7, 5.65, 5.67, 5.66], "sys [s]": [0.26, 0.18, 0.19, 0.2, 0.22, 0.22, 0.19, 0.25, 0.22, 0.24], "cpu [s]": [5.8999999999999995, 5.88, 5.880000000000001, 5.890000000000001, 5.89, 5.8999999999999995, 5.890000000000001, 5.9, 5.89, 5.9]}, "xs grep -j 1 meta": {"wall [s]": [0.03, 0.03, 0.03, 0.03, 0.03, 0.03, 0.03, 0.03, 0.03, 0.03], "usr [s]": [0.03, 0.03, 0.03, 0.03, 0.03, 0.02, 0.03, 0.03, 0.03, 0.03], "sys [s]": [0.0, 0.0, 0.0, 0.0, 0.0, 0.0, 0.0, 0.0, 0.0, 0.0], "cpu [s]": [0.03, 0.03, 0.03, 0.03, 0.03, 0.02, 0.03, 0.03, 0.03, 0.03]}, "ripgrep": {"wall [s]": [2.28, 2.27, 2.28, 2.27, 2.28, 2.27, 2.28, 2.28, 2.27, 2.27], "usr [s]": [2.04, 2.07, 2.08, 2.09, 2.05, 2.07, 2.05, 2.06, 2.04, 2.08], "sys [s]": [0.24, 0.2, 0.2, 0.17, 0.22, 0.19, 0.22, 0.21, 0.22, 0.19], "cpu [s]": [2.2800000000000002, 2.27, 2.2800000000000002, 2.26, 2.27, 2.26, 2.27, 2.27, 2.2600000000000002, 2.27]}, "cat": {"wall [s]": [2.17, 2.19, 2.15, 2.16, 2.16, 2.15, 2.15, 2.17, 2.18, 2.14], "usr [s]": [0.0, 0.0, 0.0, 0.0, 0.0, 0.0, 0.0, 0.0, 0.0, 0.0], "sys [s]": [2.17, 2.19, 2.14, 2.15, 2.15, 2.14, 2.14, 2.16, 2.18, 2.14], "cpu [s]": [2.17, 2.19, 2.14, 2.15, 2.15, 2.14, 2.14, 2.16, 2.18, 2.14]}}}