{"setup": {"name": "literal search: byte offsets", "hardware": {"client": "go", "cpu": "Intel(R) Core(TM) i7-10700K CPU @ 3.80GHz"}}, "results": {"GNU grep": {"wall [s]": [1.91, 1.93, 1.93, 1.91, 1.91, 1.91, 1.91, 1.93, 1.92, 1.92], "usr [s]": [1.5, 1.54, 1.48, 1.59, 1.52, 1.52, 1.55, 1.57, 1.55, 1.52], "sys [s]": [0.41, 0.39, 0.45, 0.32, 0.38, 0.39, 0.36, 0.35, 0.37, 0.39], "cpu [s]": [1.91, 1.9300000000000002, 1.93, 1.9100000000000001, 1.9, 1.9100000000000001, 1.9100000000000001, 1.92, 1.92, 1.9100000000000001]}, "xs grep": {"wall [s]": [0.21, 0.21, 0.23, 0.23, 0.2, 0.22, 0.23, 0.21, 0.22, 0.21], "usr [s]": [0.97, 0.94, 1.06, 1.0, 1.03, 1.02, 1.07, 0.98, 1.05, 0.98], "sys [s]": [0.32, 0.36, 0.24, 0.34, 0.27, 0.3, 0.29, 0.34, 0.26, 0.33], "cpu [s]": [1.29, 1.2999999999999998, 1.3, 1.34, 1.3, 1.32, 1.36, 1.32, 1.31, 1.31]}, "xs grep meta": {"wall [s]": [0.0, 0.0, 0.0, 0.0, 0.0, 0.0, 0.0, 0.0, 0.0, 0.0], "usr [s]": [0.0, 0.0, 0.0, 0.0, 0.0, 0.0, 0.0, 0.0, 0.0, 0.0], "sys [s]": [0.0, 0.0, 0.0, 0.0, 0.0, 0.0, 0.0, 0.0, 0.0, 0.0], "cpu [s]": [0.0, 0.0, 0.0, 0.0, 0.0, 0.0, 0.0, 0.0, 0.0, 0.0]}, "xs grep -j 1": {"wall [s]": [0.71, 0.71, 0.71, 0.71, 0.71, 0.71, 0.72, 0.71, 0.71, 0.72], "usr [s]": [0.46, 0.52, 0.5, 0.5, 0.47, 0.48, 0.49, 0.48, 0.46, 0.5], "sys [s]": [0.24, 0.19, 0.21, 0.2, 0.24, 0.22, 0.23, 0.22, 0.24, 0.22], "cpu [s]": [0.7, 0.71, 0.71, 0.7, 0.71, 0.7, 0.72, 0.7, 0.7, 0.72]}, "xs grep -j 1 meta": {"wall [s]": [0.0, 0.0, 0.0, 0.0, 0.0, 0.0, 0.0, 0.0, 0.0, 0.0], "usr [s]": [0.0, 0.0, 0.0, 0.0, 0.0, 0.0, 0.0, 0.0, 0.0, 0.0], "sys [s]": [0.0, 0.0, 0.0, 0.0, 0.0, 0.0, 0.0, 0.0, 0.0, 0.0], "cpu [s]": [0.0, 0.0, 0.0, 0.0, 0.0, 0.0, 0.0, 0.0, 0.0, 0.0]}, "ripgrep": {"wall [s]": [0.53, 0.52, 0.53, 0.52, 0.52, 0.53, 0.51, 0.52, 0.52, 0.52], "usr [s]": [0.29, 0.32, 0.28, 0.31, 0.31, 0.3, 0.31, 0.33, 0.3, 0.3], "sys [s]": [0.23, 0.2, 0.25, 0.2, 0.2, 0.22, 0.2, 0.19, 0.22, 0.22], "cpu [s]": [0.52, 0.52, 0.53, 0.51, 0.51, 0.52, 0.51, 0.52, 0.52, 0.52]}, "cat": {"wall [s]": [2.14, 2.14, 2.17, 2.15, 2.18, 2.16, 2.19, 2.16, 2.17, 2.18], "usr [s]": [0.0, 0.0, 0.0, 0.01, 0.0, 0.0, 0.0, 0.0, 0.0, 0.0], "sys [s]": [2.13, 2.13, 2.16, 2.14, 2.17, 2.15, 2.18, 2.15, 2.17, 2.17], "cpu [s]": [2.13, 2.13, 2.16, 2.15, 2.17, 2.15, 2.18, 2.15, 2.17, 2.17]}}}