{"setup": {"name": "literal search: lines", "hardware": {"client": "go", "cpu": "Intel(R) Core(TM) i7-10700K CPU @ 3.80GHz"}}, "results": {"GNU grep": {"wall [s]": [1.92, 1.9, 1.9, 1.92, 1.91], "usr [s]": [1.55, 1.52, 1.53, 1.5, 1.46], "sys [s]": [0.36, 0.38, 0.36, 0.42, 0.45], "cpu [s]": [1.9100000000000001, 1.9, 1.8900000000000001, 1.92, 1.91]}, "xs grep": {"wall [s]": [0.21, 0.21, 0.2, 0.21, 0.2], "usr [s]": [1.0, 1.05, 0.97, 0.99, 1.04], "sys [s]": [0.28, 0.23, 0.31, 0.29, 0.24], "cpu [s]": [1.28, 1.28, 1.28, 1.28, 1.28]}, "xs grep meta": {"wall [s]": [0.22, 0.22, 0.22, 0.22, 0.22], "usr [s]": [1.09, 1.03, 0.98, 1.0, 1.08], "sys [s]": [0.23, 0.29, 0.34, 0.35, 0.26], "cpu [s]": [1.32, 1.32, 1.32, 1.35, 1.34]}, "xs grep -j 1": {"wall [s]": [0.7, 0.7, 0.71, 0.71, 0.7], "usr [s]": [0.51, 0.47, 0.47, 0.52, 0.47], "sys [s]": [0.19, 0.23, 0.23, 0.18, 0.23], "cpu [s]": [0.7, 0.7, 0.7, 0.7, 0.7]}, "xs grep -j 1 meta": {"wall [s]": [0.73, 0.72, 0.72, 0.71, 0.72], "usr [s]": [0.45, 0.51, 0.48, 0.46, 0.49], "sys [s]": [0.28, 0.2, 0.23, 0.25, 0.22], "cpu [s]": [0.73, 0.71, 0.71, 0.71, 0.71]}, "ripgrep": {"wall [s]": [0.53, 0.51, 0.51, 0.52, 0.52], "usr [s]": [0.27, 0.27, 0.31, 0.3, 0.3], "sys [s]": [0.23, 0.24, 0.19, 0.22, 0.22], "cpu [s]": [0.5, 0.51, 0.5, 0.52, 0.52]}, "cat": {"wall [s]": [2.11, 2.1, 2.1, 2.13, 2.13], "usr [s]": [0.0, 0.0, 0.0, 0.01, 0.01], "sys [s]": [2.11, 2.1, 2.09, 2.12, 2.11], "cpu [s]": [2.11, 2.1, 2.09, 2.13, 2.1199999999999997]}}}