{"setup": {"name": "literal search: line numbers", "hardware": {"client": "go", "cpu": "Intel(R) Core(TM) i7-10700K CPU @ 3.80GHz"}}, "results": {"GNU grep": {"wall [s]": [2.83, 2.83, 2.88, 2.9, 2.86], "usr [s]": [2.46, 2.42, 2.5, 2.47, 2.5], "sys [s]": [0.36, 0.41, 0.37, 0.43, 0.35], "cpu [s]": [2.82, 2.83, 2.87, 2.9000000000000004, 2.85]}, "xs grep": {"wall [s]": [0.44, 0.44, 0.45, 0.44, 0.44], "usr [s]": [2.56, 2.63, 2.63, 2.66, 2.61], "sys [s]": [0.33, 0.27, 0.27, 0.27, 0.27], "cpu [s]": [2.89, 2.9, 2.9, 2.93, 2.88]}, "xs grep meta": {"wall [s]": [0.22, 0.22, 0.22, 0.22, 0.23], "usr [s]": [1.01, 1.06, 1.07, 1.09, 1.11], "sys [s]": [0.34, 0.31, 0.26, 0.29, 0.27], "cpu [s]": [1.35, 1.37, 1.33, 1.3800000000000001, 1.3800000000000001]}, "xs grep -j 1": {"wall [s]": [2.02, 2.04, 2.01, 2.01, 2.02], "usr [s]": [1.81, 1.86, 1.8, 1.78, 1.81], "sys [s]": [0.2, 0.18, 0.21, 0.23, 0.2], "cpu [s]": [2.0100000000000002, 2.04, 2.0100000000000002, 2.0100000000000002, 2.0100000000000002]}, "xs grep -j 1 meta": {"wall [s]": [0.73, 0.72, 0.74, 0.72, 0.73], "usr [s]": [0.47, 0.49, 0.52, 0.5, 0.5], "sys [s]": [0.25, 0.22, 0.21, 0.22, 0.22], "cpu [s]": [0.72, 0.71, 0.73, 0.72, 0.72]}, "ripgrep": {"wall [s]": [0.74, 0.71, 0.71, 0.71, 0.71], "usr [s]": [0.54, 0.5, 0.48, 0.51, 0.52], "sys [s]": [0.19, 0.21, 0.23, 0.2, 0.19], "cpu [s]": [0.73, 0.71, 0.71, 0.71, 0.71]}, "cat": {"wall [s]": [2.12, 2.12, 2.12, 2.12, 2.12], "usr [s]": [0.01, 0.0, 0.01, 0.0, 0.0], "sys [s]": [2.11, 2.12, 2.11, 2.12, 2.11], "cpu [s]": [2.1199999999999997, 2.12, 2.1199999999999997, 2.12, 2.11]}}}