{"setup": {"name": "literal search: byte offsets", "hardware": {"client": "go", "cpu": "Intel(R) Core(TM) i7-10700K CPU @ 3.80GHz"}}, "results": {"GNU grep": {"wall [s]": [4.05, 3.96, 3.97, 3.94, 3.97, 4.0, 3.98, 3.99, 3.99, 3.95], "usr [s]": [3.42, 3.37, 3.34, 3.4, 3.38, 3.32, 3.37, 3.33, 3.3, 3.25], "sys [s]": [0.62, 0.59, 0.62, 0.54, 0.59, 0.67, 0.6, 0.65, 0.69, 0.69], "cpu [s]": [4.04, 3.96, 3.96, 3.94, 3.9699999999999998, 3.9899999999999998, 3.97, 3.98, 3.9899999999999998, 3.94]}, "xs grep": {"wall [s]": [0.36, 0.36, 0.35, 0.35, 0.35, 0.35, 0.36, 0.35, 0.36, 0.36], "usr [s]": [1.66, 1.67, 1.66, 1.69, 1.69, 1.55, 1.64, 1.61, 1.62, 1.64], "sys [s]": [0.52, 0.52, 0.48, 0.44, 0.44, 0.58, 0.5, 0.51, 0.5, 0.51], "cpu [s]": [2.1799999999999997, 2.19, 2.1399999999999997, 2.13, 2.13, 2.13, 2.1399999999999997, 2.12, 2.12, 2.15]}, "xs grep meta": {"wall [s]": [0.36, 0.35, 0.35, 0.36, 0.36, 0.35, 0.36, 0.36, 0.35, 0.35], "usr [s]": [1.69, 1.6, 1.64, 1.67, 1.68, 1.7, 1.71, 1.69, 1.69, 1.72], "sys [s]": [0.53, 0.6, 0.58, 0.59, 0.55, 0.5, 0.52, 0.52, 0.52, 0.5], "cpu [s]": [2.2199999999999998, 2.2, 2.2199999999999998, 2.26, 2.23, 2.2, 2.23, 2.21, 2.21, 2.2199999999999998]}, "xs grep -j 1": {"wall [s]": [1.1, 1.1, 1.1, 1.09, 1.1, 1.1, 1.11, 1.11, 1.1, 1.1], "usr [s]": [0.74, 0.79, 0.79, 0.78, 0.76, 0.78, 0.8, 0.75, 0.75, 0.79], "sys [s]": [0.36, 0.31, 0.3, 0.31, 0.33, 0.32, 0.3, 0.35, 0.35, 0.3], "cpu [s]": [1.1, 1.1, 1.09, 1.09, 1.09, 1.1, 1.1, 1.1, 1.1, 1.09]}, "xs grep -j 1 meta": {"wall [s]": [1.15, 1.13, 1.13, 1.12, 1.12, 1.13, 1.13, 1.13, 1.13, 1.14], "usr [s]": [0.77, 0.75, 0.76, 0.74, 0.76, 0.76, 0.8, 0.76, 0.79, 0.74], "sys [s]": [0.37, 0.38, 0.37, 0.38, 0.36, 0.36, 0.33, 0.36, 0.34, 0.39], "cpu [s]": [1.1400000000000001, 1.13, 1.13, 1.12, 1.12, 1.12, 1.1300000000000001, 1.12, 1.1300000000000001, 1.13]}, "ripgrep": {"wall [s]": [1.28, 1.29, 1.27, 1.27, 1.28, 1.28, 1.28, 1.27, 1.29, 1.27], "usr [s]": [0.95, 0.93, 0.9, 0.88, 0.96, 0.92, 0.98, 0.93, 0.98, 0.92], "sys [s]": [0.33, 0.35, 0.37, 0.39, 0.32, 0.36, 0.3, 0.34, 0.3, 0.34], "cpu [s]": [1.28, 1.28, 1.27, 1.27, 1.28, 1.28, 1.28, 1.27, 1.28, 1.26]}, "cat": {"wall [s]": [3.94, 3.95, 3.88, 3.92, 3.92, 3.87, 4.04, 3.86, 3.97, 3.86], "usr [s]": [0.0, 0.01, 0.01, 0.01, 0.02, 0.02, 0.0, 0.02, 0.02, 0.01], "sys [s]": [3.92, 3.92, 3.85, 3.9, 3.88, 3.84, 3.93, 3.83, 3.93, 3.84], "cpu [s]": [3.92, 3.9299999999999997, 3.86, 3.9099999999999997, 3.9, 3.86, 3.93, 3.85, 3.95, 3.8499999999999996]}}}