{"setup": {"name": "literal search: byte offsets", "hardware": {"client": "go", "cpu": "Intel(R) Core(TM) i7-10700K CPU @ 3.80GHz"}}, "results": {"GNU grep": {"wall [s]": [10.52, 10.5, 10.53, 10.49, 10.48, 10.49, 10.47, 10.47, 10.5, 10.45], "usr [s]": [9.86, 9.95, 9.88, 9.81, 9.83, 9.75, 9.89, 9.88, 9.88, 9.8], "sys [s]": [0.65, 0.55, 0.64, 0.67, 0.63, 0.73, 0.57, 0.59, 0.62, 0.65], "cpu [s]": [10.51, 10.5, 10.520000000000001, 10.48, 10.46, 10.48, 10.46, 10.47, 10.5, 10.450000000000001]}, "xs grep": {"wall [s]": [1.45, 1.45, 1.44, 1.45, 1.44, 1.47, 1.45, 1.44, 1.46, 1.45], "usr [s]": [10.93, 10.83, 10.81, 10.86, 10.9, 10.91, 10.88, 10.99, 10.96, 10.9], "sys [s]": [0.4, 0.45, 0.46, 0.45, 0.4, 0.41, 0.4, 0.38, 0.42, 0.38], "cpu [s]": [11.33, 11.28, 11.270000000000001, 11.309999999999999, 11.3, 11.32, 11.280000000000001, 11.370000000000001, 11.38, 11.280000000000001]}, "xs grep meta": {"wall [s]": [1.45, 1.47, 1.49, 1.47, 1.44, 1.48, 1.52, 1.46, 1.5, 1.46], "usr [s]": [10.82, 10.69, 11.11, 10.9, 10.86, 11.04, 11.27, 10.86, 11.11, 10.82], "sys [s]": [0.46, 0.55, 0.4, 0.43, 0.4, 0.41, 0.5, 0.48, 0.44, 0.45], "cpu [s]": [11.280000000000001, 11.24, 11.51, 11.33, 11.26, 11.45, 11.77, 11.34, 11.549999999999999, 11.27]}, "xs grep -j 1": {"wall [s]": [10.45, 10.43, 10.42, 10.44, 10.43, 10.42, 10.42, 10.41, 10.43, 10.42], "usr [s]": [10.15, 10.01, 10.06, 10.08, 10.03, 10.09, 10.09, 10.07, 10.03, 10.07], "sys [s]": [0.29, 0.41, 0.35, 0.35, 0.39, 0.32, 0.33, 0.34, 0.4, 0.34], "cpu [s]": [10.44, 10.42, 10.41, 10.43, 10.42, 10.41, 10.42, 10.41, 10.43, 10.41]}, "xs grep -j 1 meta": {"wall [s]": [10.42, 10.4, 10.39, 10.4, 10.4, 10.43, 10.39, 10.41, 10.39, 10.41], "usr [s]": [10.01, 10.0, 10.02, 10.03, 10.01, 10.09, 9.91, 10.04, 10.03, 10.04], "sys [s]": [0.41, 0.4, 0.37, 0.35, 0.38, 0.33, 0.48, 0.36, 0.35, 0.36], "cpu [s]": [10.42, 10.4, 10.389999999999999, 10.379999999999999, 10.39, 10.42, 10.39, 10.399999999999999, 10.379999999999999, 10.399999999999999]}, "ripgrep": {"wall [s]": [2.63, 2.64, 2.65, 2.63, 2.64, 2.63, 2.62, 2.63, 2.66, 2.63], "usr [s]": [2.32, 2.29, 2.35, 2.3, 2.3, 2.32, 2.3, 2.26, 2.31, 2.29], "sys [s]": [0.3, 0.34, 0.29, 0.33, 0.33, 0.3, 0.32, 0.37, 0.35, 0.34], "cpu [s]": [2.6199999999999997, 2.63, 2.64, 2.63, 2.63, 2.6199999999999997, 2.6199999999999997, 2.63, 2.66, 2.63]}, "cat": {"wall [s]": [3.95, 3.9, 3.9, 3.9, 3.97, 3.9, 3.87, 3.87, 3.9, 3.89], "usr [s]": [0.0, 0.0, 0.01, 0.02, 0.0, 0.0, 0.01, 0.01, 0.01, 0.01], "sys [s]": [3.94, 3.89, 3.88, 3.88, 3.89, 3.88, 3.85, 3.84, 3.88, 3.87], "cpu [s]": [3.94, 3.89, 3.8899999999999997, 3.9, 3.89, 3.88, 3.86, 3.8499999999999996, 3.8899999999999997, 3.88]}}}