{"setup": {"name": "literal search: line numbers", "hardware": {"client": "go", "cpu": "Intel(R) Core(TM) i7-10700K CPU @ 3.80GHz"}}, "results": {"GNU grep": {"wall [s]": [6.5, 6.53, 6.47, 6.54, 6.48], "usr [s]": [5.86, 5.83, 5.81, 5.85, 5.8], "sys [s]": [0.64, 0.7, 0.66, 0.69, 0.68], "cpu [s]": [6.5, 6.53, 6.47, 6.539999999999999, 6.4799999999999995]}, "xs grep": {"wall [s]": [0.83, 0.83, 0.82, 0.83, 0.8], "usr [s]": [5.28, 5.34, 5.3, 5.23, 5.27], "sys [s]": [0.43, 0.36, 0.37, 0.47, 0.35], "cpu [s]": [5.71, 5.7, 5.67, 5.7, 5.619999999999999]}, "xs grep meta": {"wall [s]": [0.35, 0.35, 0.35, 0.35, 0.35], "usr [s]": [1.73, 1.75, 1.77, 1.71, 1.7], "sys [s]": [0.48, 0.47, 0.45, 0.5, 0.52], "cpu [s]": [2.21, 2.2199999999999998, 2.22, 2.21, 2.2199999999999998]}, "xs grep -j 1": {"wall [s]": [4.31, 4.33, 4.31, 4.32, 4.33], "usr [s]": [3.99, 3.95, 3.94, 4.02, 3.96], "sys [s]": [0.32, 0.36, 0.37, 0.3, 0.36], "cpu [s]": [4.3100000000000005, 4.3100000000000005, 4.31, 4.319999999999999, 4.32]}, "xs grep -j 1 meta": {"wall [s]": [1.15, 1.13, 1.12, 1.13, 1.13], "usr [s]": [0.82, 0.83, 0.75, 0.74, 0.8], "sys [s]": [0.32, 0.29, 0.36, 0.38, 0.33], "cpu [s]": [1.14, 1.1199999999999999, 1.1099999999999999, 1.12, 1.1300000000000001]}, "ripgrep": {"wall [s]": [1.58, 1.58, 1.59, 1.59, 1.59], "usr [s]": [1.29, 1.26, 1.24, 1.27, 1.28], "sys [s]": [0.29, 0.32, 0.34, 0.31, 0.3], "cpu [s]": [1.58, 1.58, 1.58, 1.58, 1.58]}, "cat": {"wall [s]": [3.74, 3.76, 3.74, 3.8, 3.78], "usr [s]": [0.01, 0.0, 0.0, 0.01, 0.0], "sys [s]": [3.7, 3.73, 3.72, 3.77, 3.75], "cpu [s]": [3.71, 3.73, 3.72, 3.78, 3.75]}}}