{"setup": {"name": "regex search: lines", "hardware": {"client": "go", "cpu": "Intel(R) Core(TM) i7-10700K CPU @ 3.80GHz"}}, "results": {"GNU grep": {"wall [s]": [4.04, 3.98, 4.0, 3.99, 4.0], "usr [s]": [3.37, 3.19, 3.28, 3.33, 3.35], "sys [s]": [0.66, 0.79, 0.71, 0.65, 0.65], "cpu [s]": [4.03, 3.98, 3.9899999999999998, 3.98, 4.0]}, "xs grep": {"wall [s]": [0.35, 0.33, 0.34, 0.33, 0.34], "usr [s]": [1.58, 1.64, 1.67, 1.63, 1.64], "sys [s]": [0.51, 0.44, 0.43, 0.45, 0.47], "cpu [s]": [2.09, 2.08, 2.1, 2.08, 2.11]}, "xs grep meta": {"wall [s]": [0.35, 0.34, 0.35, 0.35, 0.35], "usr [s]": [1.73, 1.66, 1.7, 1.65, 1.71], "sys [s]": [0.49, 0.54, 0.51, 0.58, 0.48], "cpu [s]": [2.2199999999999998, 2.2, 2.21, 2.23, 2.19]}, "xs grep -j 1": {"wall [s]": [1.08, 1.08, 1.08, 1.08, 1.08], "usr [s]": [0.73, 0.78, 0.76, 0.79, 0.72], "sys [s]": [0.34, 0.3, 0.32, 0.28, 0.35], "cpu [s]": [1.07, 1.08, 1.08, 1.07, 1.0699999999999998]}, "xs grep -j 1 meta": {"wall [s]": [1.13, 1.11, 1.11, 1.11, 1.12], "usr [s]": [0.81, 0.73, 0.69, 0.78, 0.71], "sys [s]": [0.31, 0.38, 0.41, 0.32, 0.4], "cpu [s]": [1.12, 1.1099999999999999, 1.0999999999999999, 1.1, 1.1099999999999999]}, "ripgrep": {"wall [s]": [1.29, 1.25, 1.25, 1.25, 1.28], "usr [s]": [0.96, 0.87, 0.94, 0.89, 0.98], "sys [s]": [0.3, 0.38, 0.31, 0.36, 0.3], "cpu [s]": [1.26, 1.25, 1.25, 1.25, 1.28]}, "cat": {"wall [s]": [3.71, 3.79, 3.83, 3.76, 3.89], "usr [s]": [0.0, 0.0, 0.0, 0.01, 0.0], "sys [s]": [3.69, 3.78, 3.75, 3.74, 3.81], "cpu [s]": [3.69, 3.78, 3.75, 3.75, 3.81]}}}