{"setup": {"name": "regex search: lines", "hardware": {"client": "go", "cpu": "Intel(R) Core(TM) i7-10700K CPU @ 3.80GHz"}}, "results": {"GNU grep": {"wall [s]": [3.96, 3.94, 3.94, 3.94, 3.96, 3.98, 3.94, 3.96, 3.96, 3.93], "usr [s]": [3.31, 3.32, 3.4, 3.32, 3.27, 3.31, 3.36, 3.37, 3.29, 3.28], "sys [s]": [0.62, 0.61, 0.54, 0.61, 0.69, 0.66, 0.57, 0.58, 0.67, 0.64], "cpu [s]": [3.93, 3.9299999999999997, 3.94, 3.9299999999999997, 3.96, 3.97, 3.9299999999999997, 3.95, 3.96, 3.92]}, "xs grep": {"wall [s]": [0.35, 0.35, 0.35, 0.35, 0.35, 0.35, 0.35, 0.36, 0.35, 0.35], "usr [s]": [1.63, 1.65, 1.68, 1.61, 1.63, 1.65, 1.6, 1.68, 1.59, 1.64], "sys [s]": [0.48, 0.51, 0.49, 0.51, 0.49, 0.48, 0.54, 0.46, 0.55, 0.49], "cpu [s]": [2.11, 2.16, 2.17, 2.12, 2.12, 2.13, 2.14, 2.14, 2.14, 2.13]}, "xs grep meta": {"wall [s]": [0.36, 0.35, 0.35, 0.35, 0.36, 0.36, 0.35, 0.36, 0.36, 0.35], "usr [s]": [1.66, 1.68, 1.71, 1.74, 1.69, 1.66, 1.65, 1.68, 1.71, 1.7], "sys [s]": [0.55, 0.53, 0.47, 0.47, 0.51, 0.53, 0.55, 0.51, 0.51, 0.52], "cpu [s]": [2.21, 2.21, 2.1799999999999997, 2.21, 2.2, 2.19, 2.2, 2.19, 2.2199999999999998, 2.2199999999999998]}, "xs grep -j 1": {"wall [s]": [1.11, 1.1, 1.11, 1.1, 1.11, 1.1, 1.09, 1.11, 1.12, 1.1], "usr [s]": [0.75, 0.76, 0.79, 0.75, 0.72, 0.78, 0.77, 0.71, 0.76, 0.73], "sys [s]": [0.35, 0.34, 0.31, 0.34, 0.38, 0.32, 0.32, 0.39, 0.35, 0.36], "cpu [s]": [1.1, 1.1, 1.1, 1.09, 1.1, 1.1, 1.09, 1.1, 1.1099999999999999, 1.0899999999999999]}, "xs grep -j 1 meta": {"wall [s]": [1.14, 1.14, 1.12, 1.12, 1.12, 1.13, 1.12, 1.13, 1.13, 1.12], "usr [s]": [0.78, 0.78, 0.73, 0.78, 0.78, 0.81, 0.74, 0.73, 0.78, 0.78], "sys [s]": [0.36, 0.35, 0.38, 0.34, 0.34, 0.32, 0.38, 0.4, 0.35, 0.34], "cpu [s]": [1.1400000000000001, 1.13, 1.1099999999999999, 1.12, 1.12, 1.1300000000000001, 1.12, 1.13, 1.13, 1.12]}, "ripgrep": {"wall [s]": [1.3, 1.27, 1.28, 1.27, 1.27, 1.28, 1.27, 1.28, 1.28, 1.28], "usr [s]": [0.92, 0.92, 0.97, 0.92, 0.91, 0.95, 0.93, 0.92, 0.96, 0.98], "sys [s]": [0.36, 0.35, 0.31, 0.34, 0.36, 0.33, 0.33, 0.35, 0.32, 0.29], "cpu [s]": [1.28, 1.27, 1.28, 1.26, 1.27, 1.28, 1.26, 1.27, 1.28, 1.27]}, "cat": {"wall [s]": [3.92, 3.89, 3.95, 3.88, 3.99, 3.93, 3.94, 3.85, 3.93, 3.88], "usr [s]": [0.01, 0.0, 0.01, 0.0, 0.01, 0.01, 0.0, 0.01, 0.0, 0.01], "sys [s]": [3.83, 3.86, 3.89, 3.87, 3.91, 3.91, 3.88, 3.84, 3.9, 3.85], "cpu [s]": [3.84, 3.86, 3.9, 3.87, 3.92, 3.92, 3.88, 3.8499999999999996, 3.9, 3.86]}}}