{"setup": {"name": "literal search: byte offsets", "hardware": {"client": "go", "cpu": "Intel(R) Core(TM) i7-10700K CPU @ 3.80GHz"}}, "results": {"GNU grep": {"wall [s]": [4.03, 4.02, 3.97, 4.02, 3.97], "usr [s]": [3.36, 3.37, 3.32, 3.41, 3.28], "sys [s]": [0.67, 0.65, 0.64, 0.61, 0.68], "cpu [s]": [4.03, 4.0200000000000005, 3.96, 4.0200000000000005, 3.96]}, "xs grep": {"wall [s]": [0.33, 0.34, 0.34, 0.33, 0.34], "usr [s]": [1.64, 1.66, 1.66, 1.66, 1.6], "sys [s]": [0.44, 0.44, 0.45, 0.42, 0.47], "cpu [s]": [2.08, 2.1, 2.11, 2.08, 2.0700000000000003]}, "xs grep meta": {"wall [s]": [0.36, 0.35, 0.35, 0.35, 0.35], "usr [s]": [1.7, 1.75, 1.75, 1.72, 1.76], "sys [s]": [0.54, 0.47, 0.44, 0.51, 0.44], "cpu [s]": [2.24, 2.2199999999999998, 2.19, 2.23, 2.2]}, "xs grep -j 1": {"wall [s]": [1.08, 1.08, 1.09, 1.08, 1.08], "usr [s]": [0.74, 0.74, 0.79, 0.71, 0.73], "sys [s]": [0.34, 0.33, 0.29, 0.37, 0.35], "cpu [s]": [1.08, 1.07, 1.08, 1.08, 1.08]}, "xs grep -j 1 meta": {"wall [s]": [1.12, 1.12, 1.12, 1.11, 1.12], "usr [s]": [0.8, 0.77, 0.74, 0.78, 0.78], "sys [s]": [0.31, 0.35, 0.38, 0.32, 0.33], "cpu [s]": [1.11, 1.12, 1.12, 1.1, 1.11]}, "ripgrep": {"wall [s]": [1.25, 1.26, 1.25, 1.26, 1.25], "usr [s]": [0.92, 0.92, 0.97, 0.94, 0.89], "sys [s]": [0.32, 0.34, 0.28, 0.31, 0.35], "cpu [s]": [1.24, 1.26, 1.25, 1.25, 1.24]}, "cat": {"wall [s]": [3.74, 3.76, 3.77, 3.74, 3.73], "usr [s]": [0.01, 0.01, 0.02, 0.0, 0.01], "sys [s]": [3.71, 3.75, 3.74, 3.73, 3.71], "cpu [s]": [3.7199999999999998, 3.76, 3.7600000000000002, 3.73, 3.7199999999999998]}}}