{"setup": {"name": "literal search: byte offsets", "hardware": {"client": "go", "cpu": "Intel(R) Core(TM) i7-10700K CPU @ 3.80GHz"}}, "results": {"GNU grep": {"wall [s]": [10.39, 10.45, 10.42, 10.44, 10.54], "usr [s]": [9.79, 9.76, 9.83, 9.78, 9.95], "sys [s]": [0.6, 0.68, 0.59, 0.64, 0.58], "cpu [s]": [10.389999999999999, 10.44, 10.42, 10.42, 10.53]}, "xs grep": {"wall [s]": [1.46, 1.46, 1.44, 1.44, 1.44], "usr [s]": [10.88, 10.88, 10.87, 10.93, 10.97], "sys [s]": [0.37, 0.38, 0.41, 0.31, 0.33], "cpu [s]": [11.25, 11.260000000000002, 11.28, 11.24, 11.3]}, "xs grep meta": {"wall [s]": [1.47, 1.48, 1.5, 1.47, 1.49], "usr [s]": [10.98, 11.02, 10.88, 10.87, 10.86], "sys [s]": [0.35, 0.31, 0.4, 0.41, 0.42], "cpu [s]": [11.33, 11.33, 11.280000000000001, 11.28, 11.28]}, "xs grep -j 1": {"wall [s]": [10.34, 10.34, 10.33, 10.34, 10.51], "usr [s]": [9.97, 10.01, 10.01, 9.98, 10.19], "sys [s]": [0.37, 0.32, 0.31, 0.35, 0.32], "cpu [s]": [10.34, 10.33, 10.32, 10.33, 10.51]}, "xs grep -j 1 meta": {"wall [s]": [10.39, 10.38, 10.37, 10.37, 10.45], "usr [s]": [10.04, 10.0, 10.03, 10.0, 10.06], "sys [s]": [0.34, 0.38, 0.34, 0.36, 0.38], "cpu [s]": [10.379999999999999, 10.38, 10.37, 10.36, 10.440000000000001]}, "ripgrep": {"wall [s]": [2.61, 2.64, 2.62, 2.66, 2.71], "usr [s]": [2.29, 2.29, 2.28, 2.32, 2.36], "sys [s]": [0.31, 0.34, 0.34, 0.33, 0.35], "cpu [s]": [2.6, 2.63, 2.6199999999999997, 2.65, 2.71]}, "cat": {"wall [s]": [3.74, 3.76, 3.78, 3.73, 4.0], "usr [s]": [0.01, 0.0, 0.01, 0.01, 0.0], "sys [s]": [3.71, 3.74, 3.72, 3.71, 3.98], "cpu [s]": [3.7199999999999998, 3.74, 3.73, 3.7199999999999998, 3.98]}}}