{"setup": {"name": "literal search: line numbers", "hardware": {"client": "go", "cpu": "Intel(R) Core(TM) i7-10700K CPU @ 3.80GHz"}}, "results": {"GNU grep": {"wall [s]": [6.43, 6.41, 6.38, 6.46, 6.39, 6.42, 6.41, 6.41, 6.42, 6.42], "usr [s]": [5.8, 5.79, 5.67, 5.81, 5.79, 5.8, 5.79, 5.77, 5.85, 5.85], "sys [s]": [0.62, 0.61, 0.71, 0.64, 0.59, 0.61, 0.62, 0.64, 0.56, 0.56], "cpu [s]": [6.42, 6.4, 6.38, 6.449999999999999, 6.38, 6.41, 6.41, 6.409999999999999, 6.41, 6.41]}, "xs grep": {"wall [s]": [0.83, 0.83, 0.8, 0.85, 0.84, 0.83, 0.81, 0.83, 0.83, 0.85], "usr [s]": [5.29, 5.16, 5.1, 5.25, 5.32, 5.32, 5.2, 5.26, 5.23, 5.29], "sys [s]": [0.4, 0.49, 0.51, 0.47, 0.4, 0.41, 0.44, 0.45, 0.45, 0.46], "cpu [s]": [5.69, 5.65, 5.609999999999999, 5.72, 5.720000000000001, 5.73, 5.640000000000001, 5.71, 5.680000000000001, 5.75]}, "xs grep meta": {"wall [s]": [0.36, 0.36, 0.36, 0.36, 0.35, 0.36, 0.35, 0.36, 0.36, 0.35], "usr [s]": [1.69, 1.72, 1.66, 1.7, 1.65, 1.76, 1.59, 1.66, 1.69, 1.69], "sys [s]": [0.53, 0.5, 0.55, 0.55, 0.55, 0.46, 0.62, 0.59, 0.52, 0.52], "cpu [s]": [2.2199999999999998, 2.2199999999999998, 2.21, 2.25, 2.2, 2.22, 2.21, 2.25, 2.21, 2.21]}, "xs grep -j 1": {"wall [s]": [4.35, 4.36, 4.36, 4.36, 4.35, 4.36, 4.37, 4.35, 4.36, 4.36], "usr [s]": [3.99, 4.01, 3.91, 4.03, 3.99, 4.01, 4.05, 4.05, 4.1, 4.04], "sys [s]": [0.36, 0.34, 0.44, 0.32, 0.36, 0.35, 0.31, 0.3, 0.26, 0.32], "cpu [s]": [4.3500000000000005, 4.35, 4.3500000000000005, 4.3500000000000005, 4.3500000000000005, 4.359999999999999, 4.359999999999999, 4.35, 4.359999999999999, 4.36]}, "xs grep -j 1 meta": {"wall [s]": [1.15, 1.15, 1.14, 1.14, 1.15, 1.13, 1.14, 1.14, 1.14, 1.14], "usr [s]": [0.8, 0.8, 0.85, 0.8, 0.77, 0.73, 0.73, 0.78, 0.81, 0.71], "sys [s]": [0.34, 0.35, 0.29, 0.34, 0.38, 0.4, 0.41, 0.36, 0.33, 0.42], "cpu [s]": [1.1400000000000001, 1.15, 1.14, 1.1400000000000001, 1.15, 1.13, 1.14, 1.1400000000000001, 1.1400000000000001, 1.13]}, "ripgrep": {"wall [s]": [1.62, 1.61, 1.62, 1.62, 1.65, 1.62, 1.62, 1.63, 1.61, 1.6], "usr [s]": [1.27, 1.26, 1.33, 1.28, 1.32, 1.3, 1.26, 1.29, 1.25, 1.24], "sys [s]": [0.34, 0.35, 0.29, 0.34, 0.32, 0.32, 0.36, 0.32, 0.36, 0.36], "cpu [s]": [1.61, 1.6099999999999999, 1.62, 1.62, 1.6400000000000001, 1.62, 1.62, 1.61, 1.6099999999999999, 1.6]}, "cat": {"wall [s]": [3.9, 3.87, 3.92, 3.93, 3.92, 3.96, 3.92, 3.96, 3.97, 3.91], "usr [s]": [0.02, 0.02, 0.01, 0.0, 0.0, 0.0, 0.01, 0.01, 0.01, 0.01], "sys [s]": [3.88, 3.84, 3.85, 3.88, 3.9, 3.94, 3.89, 3.88, 3.94, 3.89], "cpu [s]": [3.9, 3.86, 3.86, 3.88, 3.9, 3.94, 3.9, 3.8899999999999997, 3.9499999999999997, 3.9]}}}