{"setup": {"name": "literal search: byte offsets", "hardware": {"client": "go", "cpu": "Intel(R) Core(TM) i7-10700K CPU @ 3.80GHz"}}, "results": {"GNU grep": {"wall [s]": [11.81, 11.81, 11.81, 11.81, 11.8], "usr [s]": [9.86, 9.94, 9.87, 9.88, 9.94], "sys [s]": [1.92, 1.83, 1.9, 1.89, 1.82], "cpu [s]": [11.78, 11.77, 11.77, 11.770000000000001, 11.76]}, "xs grep": {"wall [s]": [6.08, 6.08, 6.08, 6.08, 6.08], "usr [s]": [11.5, 11.53, 11.72, 11.6, 11.44], "sys [s]": [2.28, 2.24, 2.14, 2.27, 2.27], "cpu [s]": [13.78, 13.77, 13.860000000000001, 13.87, 13.709999999999999]}, "xs grep meta": {"wall [s]": [6.27, 6.26, 6.26, 6.26, 6.26], "usr [s]": [11.49, 11.55, 11.56, 11.59, 11.58], "sys [s]": [2.31, 2.21, 2.29, 2.3, 2.19], "cpu [s]": [13.8, 13.760000000000002, 13.850000000000001, 13.89, 13.77]}, "xs grep -j 1": {"wall [s]": [11.89, 11.92, 11.9, 11.89, 11.9], "usr [s]": [9.89, 10.09, 9.94, 10.02, 10.03], "sys [s]": [1.79, 1.62, 1.76, 1.66, 1.66], "cpu [s]": [11.68, 11.71, 11.7, 11.68, 11.69]}, "xs grep -j 1 meta": {"wall [s]": [12.06, 12.05, 12.06, 12.13, 12.07], "usr [s]": [10.07, 10.28, 10.28, 10.22, 10.12], "sys [s]": [1.71, 1.47, 1.47, 1.6, 1.64], "cpu [s]": [11.780000000000001, 11.75, 11.75, 11.82, 11.76]}, "ripgrep": {"wall [s]": [6.48, 6.49, 6.49, 6.49, 6.49], "usr [s]": [2.36, 2.55, 2.32, 2.46, 2.51], "sys [s]": [1.71, 1.56, 1.76, 1.62, 1.6], "cpu [s]": [4.07, 4.109999999999999, 4.08, 4.08, 4.109999999999999]}, "cat": {"wall [s]": [7.64, 7.58, 7.61, 7.59, 7.6], "usr [s]": [0.02, 0.0, 0.01, 0.02, 0.01], "sys [s]": [5.09, 5.08, 5.15, 5.08, 5.1], "cpu [s]": [5.109999999999999, 5.08, 5.16, 5.1, 5.109999999999999]}}}