{"setup": {"name": "literal search: line numbers", "hardware": {"client": "go", "cpu": "Intel(R) Core(TM) i7-10700K CPU @ 3.80GHz"}}, "results": {"GNU grep": {"wall [s]": [8.58, 8.37, 8.35, 8.38, 8.34, 8.31, 8.34, 8.35, 8.34, 8.34], "usr [s]": [6.07, 6.02, 5.99, 5.95, 5.88, 5.73, 5.94, 5.88, 5.7, 5.86], "sys [s]": [1.98, 1.92, 1.92, 2.01, 2.02, 2.13, 1.95, 2.03, 2.2, 2.04], "cpu [s]": [8.05, 7.9399999999999995, 7.91, 7.96, 7.9, 7.86, 7.890000000000001, 7.91, 7.9, 7.9]}, "xs grep": {"wall [s]": [6.13, 6.13, 6.13, 6.13, 6.13, 6.14, 6.13, 6.12, 6.12, 6.13], "usr [s]": [4.73, 4.77, 4.76, 4.87, 4.82, 4.9, 4.81, 4.81, 4.71, 4.98], "sys [s]": [2.35, 2.33, 2.38, 2.22, 2.31, 2.25, 2.29, 2.29, 2.32, 2.17], "cpu [s]": [7.08, 7.1, 7.14, 7.09, 7.130000000000001, 7.15, 7.1, 7.1, 7.029999999999999, 7.15]}, "xs grep meta": {"wall [s]": [6.26, 6.27, 6.24, 6.24, 6.25, 6.24, 6.26, 6.23, 6.25, 6.23], "usr [s]": [1.08, 1.05, 1.04, 1.04, 1.02, 1.02, 1.02, 1.13, 0.99, 1.04], "sys [s]": [2.18, 2.19, 2.24, 2.21, 2.25, 2.25, 2.22, 2.09, 2.24, 2.2], "cpu [s]": [3.2600000000000002, 3.24, 3.2800000000000002, 3.25, 3.27, 3.27, 3.24, 3.2199999999999998, 3.2300000000000004, 3.24]}, "xs grep -j 1": {"wall [s]": [7.35, 7.3, 7.34, 7.33, 7.34, 7.33, 7.33, 7.33, 7.33, 7.33], "usr [s]": [4.14, 4.1, 4.17, 4.1, 4.1, 4.06, 4.17, 4.12, 4.0, 4.2], "sys [s]": [1.71, 1.72, 1.67, 1.72, 1.72, 1.75, 1.64, 1.68, 1.83, 1.62], "cpu [s]": [5.85, 5.819999999999999, 5.84, 5.819999999999999, 5.819999999999999, 5.81, 5.81, 5.8, 5.83, 5.82]}, "xs grep -j 1 meta": {"wall [s]": [6.8, 6.82, 6.82, 6.82, 6.82, 6.82, 6.82, 6.82, 6.83, 6.83], "usr [s]": [0.89, 0.79, 0.93, 0.87, 0.75, 0.91, 0.8, 0.78, 0.82, 0.85], "sys [s]": [1.7, 1.79, 1.65, 1.73, 1.84, 1.66, 1.79, 1.78, 1.81, 1.77], "cpu [s]": [2.59, 2.58, 2.58, 2.6, 2.59, 2.57, 2.59, 2.56, 2.63, 2.62]}, "ripgrep": {"wall [s]": [6.79, 6.78, 6.77, 6.78, 6.78, 6.77, 6.77, 6.77, 6.78, 6.78], "usr [s]": [1.37, 1.43, 1.33, 1.44, 1.39, 1.42, 1.44, 1.38, 1.43, 1.37], "sys [s]": [1.76, 1.66, 1.76, 1.68, 1.74, 1.64, 1.66, 1.69, 1.67, 1.74], "cpu [s]": [3.13, 3.09, 3.09, 3.12, 3.13, 3.0599999999999996, 3.0999999999999996, 3.07, 3.0999999999999996, 3.1100000000000003]}, "cat": {"wall [s]": [7.55, 7.69, 7.6, 7.61, 7.67, 7.65, 7.58, 7.6, 7.69, 7.62], "usr [s]": [0.02, 0.02, 0.02, 0.03, 0.02, 0.02, 0.02, 0.03, 0.01, 0.02], "sys [s]": [5.18, 5.23, 5.25, 5.2, 5.23, 5.17, 5.26, 5.16, 5.23, 5.31], "cpu [s]": [5.199999999999999, 5.25, 5.27, 5.23, 5.25, 5.1899999999999995, 5.279999999999999, 5.19, 5.24, 5.329999999999999]}}}