{"setup": {"name": "regex search: lines", "hardware": {"client": "go", "cpu": "Intel(R) Core(TM) i7-10700K CPU @ 3.80GHz"}}, "results": {"GNU grep": {"wall [s]": [7.08, 6.91, 6.93, 6.91, 6.91, 6.91, 6.93, 6.94, 6.92, 6.92], "usr [s]": [3.45, 3.43, 3.43, 3.44, 3.46, 3.43, 3.4, 3.41, 3.46, 3.45], "sys [s]": [1.99, 1.97, 2.03, 1.96, 1.95, 1.97, 2.04, 2.06, 1.97, 1.97], "cpu [s]": [5.44, 5.4, 5.46, 5.4, 5.41, 5.4, 5.4399999999999995, 5.470000000000001, 5.43, 5.42]}, "xs grep": {"wall [s]": [6.1, 6.12, 6.12, 6.12, 6.12, 6.13, 6.12, 6.11, 6.11, 6.11], "usr [s]": [0.91, 1.07, 1.06, 1.04, 1.0, 1.02, 0.91, 0.99, 1.15, 1.06], "sys [s]": [2.37, 2.2, 2.26, 2.24, 2.32, 2.35, 2.35, 2.27, 2.09, 2.15], "cpu [s]": [3.2800000000000002, 3.2700000000000005, 3.32, 3.2800000000000002, 3.32, 3.37, 3.2600000000000002, 3.26, 3.2399999999999998, 3.21]}, "xs grep meta": {"wall [s]": [6.23, 6.26, 6.23, 6.25, 6.25, 6.24, 6.24, 6.26, 6.24, 6.25], "usr [s]": [0.98, 0.92, 1.03, 1.07, 0.93, 0.99, 1.16, 1.0, 0.98, 1.01], "sys [s]": [2.3, 2.3, 2.2, 2.16, 2.29, 2.27, 2.11, 2.18, 2.32, 2.23], "cpu [s]": [3.28, 3.2199999999999998, 3.2300000000000004, 3.2300000000000004, 3.22, 3.26, 3.2699999999999996, 3.18, 3.3, 3.24]}, "xs grep -j 1": {"wall [s]": [6.39, 6.39, 6.39, 6.39, 6.39, 6.39, 6.39, 6.39, 6.39, 6.39], "usr [s]": [0.85, 0.78, 0.8, 0.87, 0.84, 0.77, 0.85, 0.87, 0.86, 0.81], "sys [s]": [1.66, 1.74, 1.74, 1.67, 1.7, 1.74, 1.66, 1.65, 1.68, 1.74], "cpu [s]": [2.51, 2.52, 2.54, 2.54, 2.54, 2.51, 2.51, 2.52, 2.54, 2.55]}, "xs grep -j 1 meta": {"wall [s]": [6.79, 6.81, 6.81, 6.81, 6.81, 6.81, 6.81, 6.82, 6.81, 6.81], "usr [s]": [0.78, 0.82, 0.81, 0.9, 0.83, 0.84, 0.84, 0.8, 0.87, 0.9], "sys [s]": [1.8, 1.75, 1.76, 1.67, 1.71, 1.73, 1.7, 1.79, 1.69, 1.68], "cpu [s]": [2.58, 2.57, 2.5700000000000003, 2.57, 2.54, 2.57, 2.54, 2.59, 2.56, 2.58]}, "ripgrep": {"wall [s]": [6.44, 6.44, 6.44, 6.44, 6.44, 6.44, 6.44, 6.45, 6.44, 6.44], "usr [s]": [1.0, 0.93, 1.03, 0.97, 1.04, 1.02, 1.04, 1.0, 0.99, 1.03], "sys [s]": [1.72, 1.8, 1.72, 1.78, 1.7, 1.74, 1.64, 1.72, 1.72, 1.69], "cpu [s]": [2.7199999999999998, 2.73, 2.75, 2.75, 2.74, 2.76, 2.6799999999999997, 2.7199999999999998, 2.71, 2.7199999999999998]}, "cat": {"wall [s]": [7.6, 7.58, 7.57, 7.6, 7.67, 7.59, 7.55, 7.57, 7.61, 7.58], "usr [s]": [0.01, 0.01, 0.02, 0.02, 0.02, 0.01, 0.02, 0.05, 0.02, 0.02], "sys [s]": [5.2, 5.18, 5.25, 5.19, 5.24, 5.24, 5.14, 5.15, 5.21, 5.19], "cpu [s]": [5.21, 5.1899999999999995, 5.27, 5.21, 5.26, 5.25, 5.159999999999999, 5.2, 5.2299999999999995, 5.21]}}}