{"setup": {"name": "regex search: lines", "hardware": {"client": "go", "cpu": "Intel(R) Core(TM) i7-10700K CPU @ 3.80GHz"}}, "results": {"GNU grep": {"wall [s]": [7.09, 7.02, 7.13, 7.05, 6.88], "usr [s]": [3.44, 3.57, 3.62, 3.56, 3.44], "sys [s]": [2.02, 2.0, 1.97, 2.04, 1.91], "cpu [s]": [5.46, 5.57, 5.59, 5.6, 5.35]}, "xs grep": {"wall [s]": [6.08, 6.08, 6.08, 6.08, 6.08], "usr [s]": [1.03, 1.13, 1.01, 0.98, 0.85], "sys [s]": [2.18, 2.01, 2.32, 2.36, 2.35], "cpu [s]": [3.21, 3.1399999999999997, 3.33, 3.34, 3.2]}, "xs grep meta": {"wall [s]": [6.26, 6.26, 6.26, 6.26, 6.28], "usr [s]": [1.02, 1.1, 0.95, 1.06, 0.99], "sys [s]": [2.14, 2.27, 2.2, 2.14, 2.19], "cpu [s]": [3.16, 3.37, 3.1500000000000004, 3.2, 3.1799999999999997]}, "xs grep -j 1": {"wall [s]": [6.43, 6.49, 6.38, 6.39, 6.4], "usr [s]": [0.84, 0.99, 0.78, 0.86, 0.77], "sys [s]": [1.75, 1.79, 1.72, 1.65, 1.8], "cpu [s]": [2.59, 2.7800000000000002, 2.5, 2.51, 2.5700000000000003]}, "xs grep -j 1 meta": {"wall [s]": [6.84, 6.85, 6.84, 6.89, 6.83], "usr [s]": [0.85, 0.84, 0.85, 0.79, 0.82], "sys [s]": [1.71, 1.74, 1.69, 1.84, 1.73], "cpu [s]": [2.56, 2.58, 2.54, 2.63, 2.55]}, "ripgrep": {"wall [s]": [6.45, 6.44, 6.45, 6.45, 6.41], "usr [s]": [1.06, 1.0, 1.02, 1.11, 0.91], "sys [s]": [1.69, 1.74, 1.73, 1.69, 1.75], "cpu [s]": [2.75, 2.74, 2.75, 2.8, 2.66]}, "cat": {"wall [s]": [7.68, 7.69, 7.66, 7.63, 7.67], "usr [s]": [0.01, 0.01, 0.02, 0.0, 0.02], "sys [s]": [5.6, 5.59, 5.38, 5.38, 5.1], "cpu [s]": [5.609999999999999, 5.6, 5.3999999999999995, 5.38, 5.119999999999999]}}}