{"setup": {"name": "literal search: byte offsets", "hardware": {"client": "go", "cpu": "Intel(R) Core(TM) i7-10700K CPU @ 3.80GHz"}}, "results": {"GNU grep": {"wall [s]": [6.9, 6.9, 6.88, 6.89, 6.89], "usr [s]": [3.42, 3.37, 3.43, 3.5, 3.42], "sys [s]": [1.98, 2.02, 1.92, 1.88, 1.93], "cpu [s]": [5.4, 5.390000000000001, 5.35, 5.38, 5.35]}, "xs grep": {"wall [s]": [6.08, 6.09, 6.08, 6.08, 6.08], "usr [s]": [0.93, 0.9, 0.95, 1.09, 1.04], "sys [s]": [2.29, 2.34, 2.29, 2.16, 2.27], "cpu [s]": [3.22, 3.2399999999999998, 3.24, 3.25, 3.31]}, "xs grep meta": {"wall [s]": [6.26, 6.26, 6.26, 6.27, 6.26], "usr [s]": [1.03, 0.94, 1.04, 1.16, 1.02], "sys [s]": [2.24, 2.33, 2.18, 2.11, 2.24], "cpu [s]": [3.2700000000000005, 3.27, 3.22, 3.2699999999999996, 3.2600000000000002]}, "xs grep -j 1": {"wall [s]": [6.37, 6.37, 6.37, 6.37, 6.37], "usr [s]": [0.8, 0.81, 0.76, 0.91, 0.7], "sys [s]": [1.67, 1.66, 1.73, 1.56, 1.79], "cpu [s]": [2.4699999999999998, 2.4699999999999998, 2.49, 2.47, 2.49]}, "xs grep -j 1 meta": {"wall [s]": [6.8, 6.82, 6.82, 6.82, 6.83], "usr [s]": [0.84, 0.91, 0.85, 0.8, 0.81], "sys [s]": [1.69, 1.63, 1.67, 1.74, 1.73], "cpu [s]": [2.53, 2.54, 2.52, 2.54, 2.54]}, "ripgrep": {"wall [s]": [6.41, 6.42, 6.41, 6.41, 6.4], "usr [s]": [1.05, 0.94, 1.04, 0.98, 0.93], "sys [s]": [1.63, 1.72, 1.61, 1.68, 1.71], "cpu [s]": [2.6799999999999997, 2.66, 2.6500000000000004, 2.66, 2.64]}, "cat": {"wall [s]": [7.71, 7.67, 7.65, 7.63, 7.52], "usr [s]": [0.01, 0.01, 0.03, 0.02, 0.01], "sys [s]": [5.2, 5.13, 5.14, 5.09, 5.04], "cpu [s]": [5.21, 5.14, 5.17, 5.109999999999999, 5.05]}}}