{"setup": {"name": "literal search: line numbers", "hardware": {"client": "go", "cpu": "Intel(R) Core(TM) i7-10700K CPU @ 3.80GHz"}}, "results": {"GNU grep": {"wall [s]": [8.34, 8.32, 8.3, 8.3, 8.24], "usr [s]": [5.95, 5.92, 5.99, 5.93, 5.96], "sys [s]": [1.98, 1.96, 1.85, 1.92, 1.79], "cpu [s]": [7.93, 7.88, 7.84, 7.85, 7.75]}, "xs grep": {"wall [s]": [6.09, 6.1, 6.1, 6.1, 6.12], "usr [s]": [4.69, 4.81, 4.94, 4.81, 4.81], "sys [s]": [2.37, 2.31, 2.11, 2.27, 2.32], "cpu [s]": [7.0600000000000005, 7.119999999999999, 7.050000000000001, 7.08, 7.129999999999999]}, "xs grep meta": {"wall [s]": [6.26, 6.26, 6.26, 6.26, 6.26], "usr [s]": [1.07, 1.0, 0.95, 1.06, 1.05], "sys [s]": [2.21, 2.25, 2.29, 2.22, 2.22], "cpu [s]": [3.2800000000000002, 3.25, 3.24, 3.2800000000000002, 3.2700000000000005]}, "xs grep -j 1": {"wall [s]": [7.3, 7.3, 7.29, 7.31, 7.29], "usr [s]": [4.04, 3.97, 4.24, 4.11, 4.07], "sys [s]": [1.71, 1.77, 1.5, 1.65, 1.65], "cpu [s]": [5.75, 5.74, 5.74, 5.76, 5.720000000000001]}, "xs grep -j 1 meta": {"wall [s]": [6.81, 6.85, 6.85, 6.85, 6.85], "usr [s]": [0.83, 0.77, 0.77, 0.77, 0.78], "sys [s]": [1.71, 1.79, 1.76, 1.78, 1.77], "cpu [s]": [2.54, 2.56, 2.5300000000000002, 2.55, 2.55]}, "ripgrep": {"wall [s]": [6.75, 6.75, 6.76, 6.75, 6.75], "usr [s]": [1.39, 1.39, 1.32, 1.35, 1.43], "sys [s]": [1.64, 1.63, 1.72, 1.69, 1.59], "cpu [s]": [3.03, 3.0199999999999996, 3.04, 3.04, 3.02]}, "cat": {"wall [s]": [7.59, 7.66, 7.64, 7.68, 7.54], "usr [s]": [0.01, 0.01, 0.02, 0.02, 0.0], "sys [s]": [5.09, 5.12, 5.16, 5.12, 5.06], "cpu [s]": [5.1, 5.13, 5.18, 5.14, 5.06]}}}