{"setup": {"name": "literal search: byte offsets", "hardware": {"client": "go", "cpu": "Intel(R) Core(TM) i7-10700K CPU @ 3.80GHz"}}, "results": {"GNU grep": {"wall [s]": [7.12, 6.94, 6.92, 6.92, 6.9, 6.95, 6.94, 6.92, 6.93, 6.92], "usr [s]": [3.62, 3.39, 3.4, 3.41, 3.46, 3.4, 3.49, 3.48, 3.51, 3.46], "sys [s]": [1.94, 2.06, 2.03, 2.03, 1.93, 2.1, 1.97, 1.94, 1.96, 1.98], "cpu [s]": [5.5600000000000005, 5.45, 5.43, 5.4399999999999995, 5.39, 5.5, 5.46, 5.42, 5.47, 5.4399999999999995]}, "xs grep": {"wall [s]": [6.11, 6.12, 6.11, 6.12, 6.11, 6.11, 6.12, 6.12, 6.11, 6.11], "usr [s]": [1.07, 1.06, 1.1, 0.95, 1.05, 1.09, 1.08, 0.99, 1.03, 1.04], "sys [s]": [2.26, 2.21, 2.21, 2.36, 2.25, 2.2, 2.21, 2.34, 2.27, 2.25], "cpu [s]": [3.33, 3.27, 3.31, 3.3099999999999996, 3.3, 3.29, 3.29, 3.33, 3.3, 3.29]}, "xs grep meta": {"wall [s]": [6.24, 6.24, 6.22, 6.24, 6.22, 6.24, 6.24, 6.25, 6.25, 6.23], "usr [s]": [1.0, 1.03, 0.95, 0.96, 1.01, 0.88, 1.04, 1.16, 1.03, 0.99], "sys [s]": [2.21, 2.28, 2.26, 2.3, 2.23, 2.4, 2.2, 2.07, 2.21, 2.27], "cpu [s]": [3.21, 3.3099999999999996, 3.21, 3.26, 3.24, 3.28, 3.24, 3.2299999999999995, 3.24, 3.26]}, "xs grep -j 1": {"wall [s]": [6.39, 6.39, 6.4, 6.39, 6.39, 6.39, 6.39, 6.39, 6.39, 6.39], "usr [s]": [0.82, 0.79, 0.84, 0.83, 0.78, 0.71, 0.78, 0.87, 0.92, 0.84], "sys [s]": [1.75, 1.77, 1.68, 1.67, 1.78, 1.82, 1.77, 1.67, 1.6, 1.71], "cpu [s]": [2.57, 2.56, 2.52, 2.5, 2.56, 2.5300000000000002, 2.55, 2.54, 2.52, 2.55]}, "xs grep -j 1 meta": {"wall [s]": [6.81, 6.82, 6.81, 6.82, 6.81, 6.82, 6.82, 6.82, 6.83, 6.82], "usr [s]": [0.92, 0.84, 0.83, 0.78, 0.85, 0.8, 0.84, 0.81, 0.81, 0.79], "sys [s]": [1.7, 1.77, 1.76, 1.81, 1.72, 1.78, 1.77, 1.8, 1.79, 1.79], "cpu [s]": [2.62, 2.61, 2.59, 2.59, 2.57, 2.58, 2.61, 2.6100000000000003, 2.6, 2.58]}, "ripgrep": {"wall [s]": [6.45, 6.43, 6.44, 6.44, 6.44, 6.44, 6.44, 6.45, 6.45, 6.45], "usr [s]": [0.98, 1.07, 0.98, 1.04, 1.01, 0.94, 0.96, 0.95, 1.06, 1.02], "sys [s]": [1.77, 1.67, 1.75, 1.69, 1.74, 1.8, 1.77, 1.8, 1.66, 1.74], "cpu [s]": [2.75, 2.74, 2.73, 2.73, 2.75, 2.74, 2.73, 2.75, 2.7199999999999998, 2.76]}, "cat": {"wall [s]": [7.58, 7.67, 7.59, 7.56, 7.56, 7.6, 7.58, 7.58, 7.58, 7.58], "usr [s]": [0.01, 0.01, 0.01, 0.02, 0.02, 0.01, 0.01, 0.02, 0.01, 0.01], "sys [s]": [5.21, 5.33, 5.21, 5.18, 5.27, 5.31, 5.22, 5.27, 5.16, 5.22], "cpu [s]": [5.22, 5.34, 5.22, 5.199999999999999, 5.289999999999999, 5.319999999999999, 5.2299999999999995, 5.289999999999999, 5.17, 5.2299999999999995]}}}