{"setup": {"name": "literal search: byte offsets", "hardware": {"client": "go", "cpu": "Intel(R) Core(TM) i7-10700K CPU @ 3.80GHz"}}, "results": {"GNU grep": {"wall [s]": [12.02, 11.9, 11.99, 11.92, 11.95, 11.97, 11.89, 11.94, 11.89, 11.93], "usr [s]": [9.93, 10.07, 10.15, 10.1, 10.02, 10.11, 9.91, 10.09, 9.94, 10.06], "sys [s]": [1.97, 1.8, 1.81, 1.79, 1.9, 1.82, 1.95, 1.81, 1.91, 1.83], "cpu [s]": [11.9, 11.870000000000001, 11.96, 11.89, 11.92, 11.93, 11.86, 11.9, 11.85, 11.89]}, "xs grep": {"wall [s]": [6.11, 6.11, 6.11, 6.1, 6.1, 6.11, 6.11, 6.09, 6.1, 6.09], "usr [s]": [11.7, 11.76, 11.67, 11.58, 11.42, 11.64, 11.91, 11.72, 11.87, 11.78], "sys [s]": [2.28, 2.17, 2.29, 2.29, 2.47, 2.4, 2.07, 2.23, 2.14, 2.13], "cpu [s]": [13.979999999999999, 13.93, 13.96, 13.870000000000001, 13.89, 14.040000000000001, 13.98, 13.950000000000001, 14.01, 13.91]}, "xs grep meta": {"wall [s]": [6.23, 6.22, 6.24, 6.24, 6.26, 6.23, 6.23, 6.24, 6.23, 6.25], "usr [s]": [11.33, 11.5, 11.85, 11.32, 11.43, 11.45, 11.56, 11.61, 11.72, 11.76], "sys [s]": [2.42, 2.2, 2.17, 2.46, 2.27, 2.29, 2.24, 2.26, 2.11, 2.16], "cpu [s]": [13.75, 13.7, 14.02, 13.780000000000001, 13.7, 13.739999999999998, 13.8, 13.87, 13.83, 13.92]}, "xs grep -j 1": {"wall [s]": [12.01, 11.96, 12.0, 12.0, 12.02, 11.96, 11.95, 12.03, 11.95, 11.94], "usr [s]": [10.27, 10.24, 10.27, 10.34, 10.27, 10.28, 10.35, 10.07, 10.29, 10.24], "sys [s]": [1.56, 1.54, 1.55, 1.46, 1.56, 1.51, 1.43, 1.77, 1.49, 1.52], "cpu [s]": [11.83, 11.780000000000001, 11.82, 11.8, 11.83, 11.79, 11.78, 11.84, 11.78, 11.76]}, "xs grep -j 1 meta": {"wall [s]": [12.03, 12.08, 12.07, 12.06, 12.1, 12.09, 12.09, 12.07, 12.12, 12.08], "usr [s]": [10.07, 10.24, 10.03, 10.19, 10.21, 10.16, 10.15, 10.11, 10.17, 10.11], "sys [s]": [1.67, 1.54, 1.75, 1.56, 1.59, 1.62, 1.64, 1.66, 1.64, 1.66], "cpu [s]": [11.74, 11.780000000000001, 11.78, 11.75, 11.8, 11.780000000000001, 11.790000000000001, 11.77, 11.81, 11.77]}, "ripgrep": {"wall [s]": [6.52, 6.52, 6.52, 6.52, 6.53, 6.52, 6.52, 6.52, 6.53, 6.53], "usr [s]": [2.34, 2.5, 2.46, 2.31, 2.51, 2.29, 2.41, 2.37, 2.38, 2.46], "sys [s]": [1.82, 1.63, 1.69, 1.84, 1.71, 1.87, 1.74, 1.81, 1.83, 1.74], "cpu [s]": [4.16, 4.13, 4.15, 4.15, 4.22, 4.16, 4.15, 4.18, 4.21, 4.2]}, "cat": {"wall [s]": [7.56, 7.51, 7.57, 7.59, 7.55, 7.65, 7.62, 7.54, 7.64, 7.7], "usr [s]": [0.01, 0.01, 0.01, 0.04, 0.01, 0.0, 0.02, 0.02, 0.02, 0.03], "sys [s]": [5.19, 5.14, 5.17, 5.18, 5.2, 5.2, 5.18, 5.23, 5.22, 5.21], "cpu [s]": [5.2, 5.1499999999999995, 5.18, 5.22, 5.21, 5.2, 5.199999999999999, 5.25, 5.239999999999999, 5.24]}}}