{"setup": {"name": "literal search: byte offsets", "hardware": {"client": "go", "cpu": "Intel(R) Core(TM) i7-10700K CPU @ 3.80GHz"}}, "results": {"GNU grep": {"wall [s]": [3.23, 3.2, 3.22, 3.19, 3.22], "usr [s]": [2.63, 2.56, 2.53, 2.53, 2.49], "sys [s]": [0.6, 0.63, 0.68, 0.65, 0.73], "cpu [s]": [3.23, 3.19, 3.21, 3.1799999999999997, 3.22]}, "xs grep": {"wall [s]": [0.33, 0.34, 0.34, 0.34, 0.35], "usr [s]": [1.56, 1.59, 1.63, 1.58, 1.62], "sys [s]": [0.53, 0.51, 0.49, 0.52, 0.51], "cpu [s]": [2.09, 2.1, 2.12, 2.1, 2.13]}, "xs grep meta": {"wall [s]": [0.36, 0.36, 0.36, 0.36, 0.36], "usr [s]": [1.7, 1.74, 1.75, 1.62, 1.67], "sys [s]": [0.5, 0.47, 0.46, 0.59, 0.52], "cpu [s]": [2.2, 2.21, 2.21, 2.21, 2.19]}, "xs grep -j 1": {"wall [s]": [0.88, 0.89, 0.88, 0.89, 0.88], "usr [s]": [0.56, 0.51, 0.6, 0.52, 0.54], "sys [s]": [0.31, 0.38, 0.28, 0.36, 0.34], "cpu [s]": [0.8700000000000001, 0.89, 0.88, 0.88, 0.8800000000000001]}, "xs grep -j 1 meta": {"wall [s]": [0.92, 0.91, 0.9, 0.91, 0.9], "usr [s]": [0.56, 0.54, 0.51, 0.56, 0.55], "sys [s]": [0.36, 0.37, 0.39, 0.34, 0.34], "cpu [s]": [0.92, 0.91, 0.9, 0.9000000000000001, 0.8900000000000001]}, "ripgrep": {"wall [s]": [0.86, 0.86, 0.86, 0.86, 0.86], "usr [s]": [0.52, 0.55, 0.58, 0.48, 0.55], "sys [s]": [0.34, 0.3, 0.27, 0.37, 0.3], "cpu [s]": [0.8600000000000001, 0.8500000000000001, 0.85, 0.85, 0.8500000000000001]}, "cat": {"wall [s]": [3.86, 3.84, 3.76, 3.85, 3.82], "usr [s]": [0.0, 0.02, 0.0, 0.01, 0.01], "sys [s]": [3.85, 3.82, 3.75, 3.83, 3.8], "cpu [s]": [3.85, 3.84, 3.75, 3.84, 3.8099999999999996]}}}