{"setup": {"name": "literal search: line numbers", "hardware": {"client": "go", "cpu": "Intel(R) Core(TM) i7-10700K CPU @ 3.80GHz"}}, "results": {"GNU grep": {"wall [s]": [5.63, 5.64, 5.63, 5.62, 5.63], "usr [s]": [4.96, 4.99, 5.07, 4.99, 5.11], "sys [s]": [0.66, 0.64, 0.56, 0.63, 0.52], "cpu [s]": [5.62, 5.63, 5.630000000000001, 5.62, 5.630000000000001]}, "xs grep": {"wall [s]": [0.81, 0.81, 0.82, 0.81, 0.83], "usr [s]": [5.17, 5.13, 5.17, 5.14, 5.28], "sys [s]": [0.41, 0.48, 0.44, 0.46, 0.39], "cpu [s]": [5.58, 5.609999999999999, 5.61, 5.6, 5.67]}, "xs grep meta": {"wall [s]": [0.36, 0.36, 0.36, 0.36, 0.36], "usr [s]": [1.72, 1.73, 1.77, 1.7, 1.75], "sys [s]": [0.48, 0.47, 0.43, 0.49, 0.48], "cpu [s]": [2.2, 2.2, 2.2, 2.19, 2.23]}, "xs grep -j 1": {"wall [s]": [4.11, 4.11, 4.11, 4.11, 4.11], "usr [s]": [3.74, 3.79, 3.82, 3.78, 3.79], "sys [s]": [0.37, 0.31, 0.29, 0.33, 0.31], "cpu [s]": [4.11, 4.1, 4.109999999999999, 4.109999999999999, 4.1]}, "xs grep -j 1 meta": {"wall [s]": [0.94, 0.92, 0.91, 0.92, 0.91], "usr [s]": [0.6, 0.59, 0.54, 0.59, 0.55], "sys [s]": [0.34, 0.32, 0.37, 0.32, 0.35], "cpu [s]": [0.94, 0.9099999999999999, 0.91, 0.9099999999999999, 0.9]}, "ripgrep": {"wall [s]": [1.19, 1.2, 1.19, 1.19, 1.19], "usr [s]": [0.85, 0.86, 0.82, 0.88, 0.83], "sys [s]": [0.34, 0.34, 0.37, 0.3, 0.35], "cpu [s]": [1.19, 1.2, 1.19, 1.18, 1.18]}, "cat": {"wall [s]": [3.74, 3.77, 3.74, 3.72, 3.77], "usr [s]": [0.02, 0.0, 0.02, 0.0, 0.0], "sys [s]": [3.71, 3.74, 3.71, 3.71, 3.75], "cpu [s]": [3.73, 3.74, 3.73, 3.71, 3.75]}}}