{"setup": {"name": "literal search: byte offsets", "hardware": {"client": "go", "cpu": "Intel(R) Core(TM) i7-10700K CPU @ 3.80GHz"}}, "results": {"GNU grep": {"wall [s]": [3.22, 3.25, 3.22, 3.21, 3.23, 3.22, 3.22, 3.22, 3.26, 3.21], "usr [s]": [2.59, 2.51, 2.59, 2.55, 2.64, 2.54, 2.63, 2.63, 2.63, 2.56], "sys [s]": [0.63, 0.73, 0.63, 0.65, 0.58, 0.68, 0.59, 0.59, 0.63, 0.65], "cpu [s]": [3.2199999999999998, 3.2399999999999998, 3.2199999999999998, 3.1999999999999997, 3.22, 3.22, 3.2199999999999998, 3.2199999999999998, 3.26, 3.21]}, "xs grep": {"wall [s]": [0.37, 0.35, 0.37, 0.35, 0.35, 0.35, 0.35, 0.35, 0.35, 0.35], "usr [s]": [1.61, 1.64, 1.63, 1.7, 1.62, 1.63, 1.7, 1.59, 1.64, 1.69], "sys [s]": [0.54, 0.51, 0.55, 0.45, 0.53, 0.49, 0.43, 0.55, 0.5, 0.46], "cpu [s]": [2.1500000000000004, 2.15, 2.1799999999999997, 2.15, 2.1500000000000004, 2.12, 2.13, 2.14, 2.1399999999999997, 2.15]}, "xs grep meta": {"wall [s]": [0.37, 0.37, 0.37, 0.35, 0.36, 0.37, 0.36, 0.36, 0.37, 0.36], "usr [s]": [1.71, 1.68, 1.66, 1.68, 1.7, 1.78, 1.76, 1.7, 1.75, 1.72], "sys [s]": [0.49, 0.53, 0.54, 0.53, 0.52, 0.43, 0.45, 0.55, 0.46, 0.49], "cpu [s]": [2.2, 2.21, 2.2, 2.21, 2.2199999999999998, 2.21, 2.21, 2.25, 2.21, 2.21]}, "xs grep -j 1": {"wall [s]": [0.9, 0.9, 0.9, 0.9, 0.91, 0.9, 0.9, 0.9, 0.91, 0.9], "usr [s]": [0.57, 0.58, 0.52, 0.54, 0.6, 0.54, 0.61, 0.58, 0.55, 0.55], "sys [s]": [0.33, 0.31, 0.37, 0.36, 0.31, 0.35, 0.28, 0.31, 0.35, 0.35], "cpu [s]": [0.8999999999999999, 0.8899999999999999, 0.89, 0.9, 0.9099999999999999, 0.89, 0.89, 0.8899999999999999, 0.9, 0.9]}, "xs grep -j 1 meta": {"wall [s]": [0.93, 0.92, 0.93, 0.92, 0.92, 0.93, 0.92, 0.94, 0.93, 0.92], "usr [s]": [0.54, 0.56, 0.55, 0.52, 0.56, 0.55, 0.5, 0.57, 0.53, 0.57], "sys [s]": [0.38, 0.35, 0.37, 0.39, 0.35, 0.37, 0.41, 0.37, 0.39, 0.35], "cpu [s]": [0.92, 0.91, 0.92, 0.91, 0.91, 0.92, 0.9099999999999999, 0.94, 0.92, 0.9199999999999999]}, "ripgrep": {"wall [s]": [0.88, 0.88, 0.89, 0.88, 0.9, 0.9, 0.88, 0.88, 0.89, 0.89], "usr [s]": [0.5, 0.54, 0.57, 0.55, 0.5, 0.5, 0.51, 0.52, 0.51, 0.56], "sys [s]": [0.38, 0.34, 0.32, 0.32, 0.4, 0.4, 0.36, 0.35, 0.38, 0.33], "cpu [s]": [0.88, 0.8800000000000001, 0.8899999999999999, 0.8700000000000001, 0.9, 0.9, 0.87, 0.87, 0.89, 0.8900000000000001]}, "cat": {"wall [s]": [3.93, 3.91, 3.83, 3.86, 3.88, 3.89, 3.86, 3.9, 3.9, 3.86], "usr [s]": [0.03, 0.01, 0.0, 0.03, 0.01, 0.01, 0.03, 0.01, 0.0, 0.0], "sys [s]": [3.85, 3.88, 3.81, 3.82, 3.84, 3.86, 3.82, 3.87, 3.88, 3.83], "cpu [s]": [3.88, 3.8899999999999997, 3.81, 3.8499999999999996, 3.8499999999999996, 3.8699999999999997, 3.8499999999999996, 3.88, 3.88, 3.83]}}}