{"setup": {"name": "literal search: lines", "hardware": {"client": "go", "cpu": "Intel(R) Core(TM) i7-10700K CPU @ 3.80GHz"}}, "results": {"GNU grep": {"wall [s]": [3.29, 3.21, 3.22, 3.21, 3.22, 3.2, 3.22, 3.24, 3.21, 3.21], "usr [s]": [2.64, 2.61, 2.58, 2.54, 2.58, 2.62, 2.58, 2.59, 2.5, 2.56], "sys [s]": [0.63, 0.6, 0.64, 0.66, 0.63, 0.58, 0.64, 0.65, 0.7, 0.64], "cpu [s]": [3.27, 3.21, 3.22, 3.2, 3.21, 3.2, 3.22, 3.2399999999999998, 3.2, 3.2]}, "xs grep": {"wall [s]": [0.37, 0.35, 0.37, 0.36, 0.35, 0.36, 0.35, 0.35, 0.35, 0.35], "usr [s]": [1.68, 1.73, 1.68, 1.67, 1.74, 1.66, 1.64, 1.57, 1.7, 1.68], "sys [s]": [0.47, 0.42, 0.51, 0.51, 0.4, 0.51, 0.48, 0.55, 0.44, 0.47], "cpu [s]": [2.15, 2.15, 2.19, 2.1799999999999997, 2.14, 2.17, 2.12, 2.12, 2.14, 2.15]}, "xs grep meta": {"wall [s]": [0.37, 0.36, 0.37, 0.37, 0.36, 0.38, 0.37, 0.36, 0.37, 0.36], "usr [s]": [1.69, 1.6, 1.67, 1.75, 1.67, 1.59, 1.67, 1.69, 1.66, 1.74], "sys [s]": [0.54, 0.62, 0.54, 0.46, 0.54, 0.69, 0.55, 0.52, 0.57, 0.47], "cpu [s]": [2.23, 2.22, 2.21, 2.21, 2.21, 2.2800000000000002, 2.2199999999999998, 2.21, 2.23, 2.21]}, "xs grep -j 1": {"wall [s]": [0.9, 0.89, 0.9, 0.91, 0.89, 0.92, 0.9, 0.9, 0.92, 0.9], "usr [s]": [0.54, 0.56, 0.54, 0.56, 0.59, 0.57, 0.53, 0.54, 0.56, 0.59], "sys [s]": [0.36, 0.32, 0.36, 0.34, 0.3, 0.35, 0.36, 0.35, 0.36, 0.3], "cpu [s]": [0.9, 0.8800000000000001, 0.9, 0.9000000000000001, 0.8899999999999999, 0.9199999999999999, 0.89, 0.89, 0.92, 0.8899999999999999]}, "xs grep -j 1 meta": {"wall [s]": [0.92, 0.92, 0.93, 0.91, 0.92, 0.92, 0.92, 0.92, 0.92, 0.91], "usr [s]": [0.54, 0.55, 0.6, 0.55, 0.55, 0.52, 0.52, 0.49, 0.62, 0.56], "sys [s]": [0.38, 0.36, 0.33, 0.35, 0.35, 0.4, 0.39, 0.43, 0.29, 0.35], "cpu [s]": [0.92, 0.91, 0.9299999999999999, 0.9, 0.9, 0.92, 0.91, 0.9199999999999999, 0.9099999999999999, 0.91]}, "ripgrep": {"wall [s]": [0.95, 0.88, 0.88, 0.89, 0.88, 0.88, 0.88, 0.9, 0.88, 0.87], "usr [s]": [0.55, 0.5, 0.55, 0.52, 0.52, 0.49, 0.56, 0.58, 0.52, 0.49], "sys [s]": [0.37, 0.37, 0.32, 0.37, 0.35, 0.38, 0.31, 0.31, 0.35, 0.38], "cpu [s]": [0.92, 0.87, 0.8700000000000001, 0.89, 0.87, 0.87, 0.8700000000000001, 0.8899999999999999, 0.87, 0.87]}, "cat": {"wall [s]": [3.87, 3.93, 3.89, 3.84, 3.89, 3.9, 3.92, 3.88, 3.88, 3.96], "usr [s]": [0.02, 0.0, 0.0, 0.01, 0.0, 0.02, 0.01, 0.01, 0.01, 0.0], "sys [s]": [3.85, 3.91, 3.88, 3.83, 3.87, 3.87, 3.9, 3.86, 3.86, 3.94], "cpu [s]": [3.87, 3.91, 3.88, 3.84, 3.87, 3.89, 3.9099999999999997, 3.8699999999999997, 3.8699999999999997, 3.94]}}}