{"setup": {"name": "literal search: lines", "hardware": {"client": "go", "cpu": "Intel(R) Core(TM) i7-10700K CPU @ 3.80GHz"}}, "results": {"GNU grep": {"wall [s]": [3.22, 3.22, 3.18, 3.16, 3.17], "usr [s]": [2.57, 2.48, 2.58, 2.59, 2.56], "sys [s]": [0.64, 0.73, 0.6, 0.57, 0.61], "cpu [s]": [3.21, 3.21, 3.18, 3.1599999999999997, 3.17]}, "xs grep": {"wall [s]": [0.37, 0.35, 0.34, 0.35, 0.34], "usr [s]": [1.66, 1.6, 1.6, 1.62, 1.65], "sys [s]": [0.47, 0.5, 0.52, 0.51, 0.49], "cpu [s]": [2.13, 2.1, 2.12, 2.13, 2.1399999999999997]}, "xs grep meta": {"wall [s]": [0.35, 0.35, 0.35, 0.36, 0.35], "usr [s]": [1.77, 1.77, 1.71, 1.73, 1.71], "sys [s]": [0.44, 0.45, 0.5, 0.49, 0.48], "cpu [s]": [2.21, 2.22, 2.21, 2.2199999999999998, 2.19]}, "xs grep -j 1": {"wall [s]": [0.88, 0.89, 0.88, 0.88, 0.88], "usr [s]": [0.56, 0.57, 0.58, 0.53, 0.56], "sys [s]": [0.31, 0.31, 0.29, 0.34, 0.32], "cpu [s]": [0.8700000000000001, 0.8799999999999999, 0.8699999999999999, 0.8700000000000001, 0.8800000000000001]}, "xs grep -j 1 meta": {"wall [s]": [0.91, 0.91, 0.91, 0.91, 0.91], "usr [s]": [0.53, 0.5, 0.52, 0.51, 0.55], "sys [s]": [0.38, 0.41, 0.38, 0.39, 0.35], "cpu [s]": [0.91, 0.9099999999999999, 0.9, 0.9, 0.9]}, "ripgrep": {"wall [s]": [0.88, 0.85, 0.86, 0.87, 0.87], "usr [s]": [0.5, 0.51, 0.5, 0.52, 0.5], "sys [s]": [0.36, 0.34, 0.35, 0.34, 0.37], "cpu [s]": [0.86, 0.8500000000000001, 0.85, 0.8600000000000001, 0.87]}, "cat": {"wall [s]": [3.78, 3.75, 3.8, 3.74, 3.75], "usr [s]": [0.01, 0.0, 0.02, 0.0, 0.01], "sys [s]": [3.72, 3.73, 3.75, 3.73, 3.73], "cpu [s]": [3.73, 3.73, 3.77, 3.73, 3.7399999999999998]}}}