{"setup": {"name": "literal case insensitive search: lines", "hardware": {"client": "go", "cpu": "Intel(R) Core(TM) i7-10700K CPU @ 3.80GHz"}}, "results": {"GNU grep": {"wall [s]": [10.39, 10.37, 10.39, 10.4, 10.37], "usr [s]": [9.74, 9.73, 9.74, 9.7, 9.79], "sys [s]": [0.65, 0.64, 0.64, 0.69, 0.57], "cpu [s]": [10.39, 10.370000000000001, 10.38, 10.389999999999999, 10.36]}, "xs grep": {"wall [s]": [1.38, 1.36, 1.4, 1.41, 1.4], "usr [s]": [9.25, 9.18, 9.22, 9.19, 9.27], "sys [s]": [0.83, 0.87, 0.89, 0.96, 0.83], "cpu [s]": [10.08, 10.049999999999999, 10.110000000000001, 10.149999999999999, 10.1]}, "xs grep meta": {"wall [s]": [1.39, 1.41, 1.4, 1.43, 1.44], "usr [s]": [9.37, 9.53, 9.48, 9.44, 9.37], "sys [s]": [0.92, 0.79, 0.86, 0.89, 0.96], "cpu [s]": [10.29, 10.32, 10.34, 10.33, 10.329999999999998]}, "xs grep -j 1": {"wall [s]": [2.1, 2.09, 2.08, 2.08, 2.08], "usr [s]": [1.77, 1.73, 1.69, 1.72, 1.76], "sys [s]": [0.33, 0.36, 0.38, 0.36, 0.32], "cpu [s]": [2.1, 2.09, 2.07, 2.08, 2.08]}, "xs grep -j 1 meta": {"wall [s]": [2.16, 2.15, 2.16, 2.14, 2.15], "usr [s]": [1.81, 1.75, 1.79, 1.76, 1.74], "sys [s]": [0.34, 0.39, 0.37, 0.38, 0.41], "cpu [s]": [2.15, 2.14, 2.16, 2.14, 2.15]}, "ripgrep": {"wall [s]": [1.61, 1.61, 1.61, 1.62, 1.62], "usr [s]": [1.28, 1.24, 1.25, 1.26, 1.28], "sys [s]": [0.32, 0.37, 0.35, 0.36, 0.34], "cpu [s]": [1.6, 1.6099999999999999, 1.6, 1.62, 1.62]}, "cat": {"wall [s]": [3.86, 3.78, 3.81, 3.75, 3.74], "usr [s]": [0.0, 0.01, 0.01, 0.01, 0.0], "sys [s]": [3.83, 3.72, 3.79, 3.73, 3.73], "cpu [s]": [3.83, 3.73, 3.8, 3.7399999999999998, 3.73]}}}