{"setup": {"name": "literal case insensitive search: lines", "hardware": {"client": "go", "cpu": "Intel(R) Core(TM) i7-10700K CPU @ 3.80GHz"}}, "results": {"GNU grep": {"wall [s]": [10.44, 10.43, 10.44, 10.45, 10.41, 10.45, 10.43, 10.43, 10.42, 10.45], "usr [s]": [9.74, 9.79, 9.83, 9.78, 9.8, 9.82, 9.77, 9.79, 9.76, 9.82], "sys [s]": [0.67, 0.63, 0.61, 0.67, 0.61, 0.62, 0.65, 0.64, 0.65, 0.62], "cpu [s]": [10.41, 10.42, 10.44, 10.45, 10.41, 10.44, 10.42, 10.43, 10.41, 10.44]}, "xs grep": {"wall [s]": [1.4, 1.4, 1.41, 1.41, 1.39, 1.4, 1.41, 1.4, 1.37, 1.38], "usr [s]": [9.23, 9.36, 9.24, 9.28, 9.28, 9.27, 9.21, 9.24, 9.26, 9.24], "sys [s]": [0.89, 0.79, 0.91, 0.88, 0.83, 0.84, 0.92, 0.91, 0.84, 0.87], "cpu [s]": [10.120000000000001, 10.149999999999999, 10.15, 10.16, 10.11, 10.11, 10.13, 10.15, 10.1, 10.11]}, "xs grep meta": {"wall [s]": [1.44, 1.41, 1.44, 1.42, 1.43, 1.44, 1.41, 1.41, 1.42, 1.43], "usr [s]": [9.37, 9.49, 9.37, 9.38, 9.37, 9.37, 9.41, 9.3, 9.41, 9.31], "sys [s]": [0.94, 0.81, 0.94, 0.9, 0.94, 0.95, 0.86, 0.96, 0.86, 1.0], "cpu [s]": [10.309999999999999, 10.3, 10.309999999999999, 10.280000000000001, 10.309999999999999, 10.319999999999999, 10.27, 10.260000000000002, 10.27, 10.31]}, "xs grep -j 1": {"wall [s]": [2.12, 2.14, 2.14, 2.12, 2.11, 2.1, 2.11, 2.14, 2.13, 2.1], "usr [s]": [1.76, 1.77, 1.77, 1.76, 1.77, 1.81, 1.73, 1.77, 1.74, 1.78], "sys [s]": [0.36, 0.37, 0.36, 0.35, 0.33, 0.29, 0.37, 0.36, 0.39, 0.32], "cpu [s]": [2.12, 2.14, 2.13, 2.11, 2.1, 2.1, 2.1, 2.13, 2.13, 2.1]}, "xs grep -j 1 meta": {"wall [s]": [2.17, 2.19, 2.2, 2.21, 2.18, 2.15, 2.2, 2.19, 2.16, 2.16], "usr [s]": [1.74, 1.8, 1.86, 1.87, 1.74, 1.77, 1.85, 1.83, 1.76, 1.78], "sys [s]": [0.43, 0.38, 0.33, 0.34, 0.43, 0.37, 0.34, 0.35, 0.4, 0.37], "cpu [s]": [2.17, 2.18, 2.19, 2.21, 2.17, 2.14, 2.19, 2.18, 2.16, 2.15]}, "ripgrep": {"wall [s]": [1.63, 1.65, 1.66, 1.65, 1.66, 1.62, 1.63, 1.63, 1.63, 1.63], "usr [s]": [1.26, 1.31, 1.3, 1.27, 1.27, 1.29, 1.31, 1.29, 1.27, 1.3], "sys [s]": [0.37, 0.33, 0.35, 0.38, 0.39, 0.33, 0.31, 0.33, 0.36, 0.32], "cpu [s]": [1.63, 1.6400000000000001, 1.65, 1.65, 1.6600000000000001, 1.62, 1.62, 1.62, 1.63, 1.62]}, "cat": {"wall [s]": [3.95, 3.93, 3.93, 3.84, 3.92, 3.86, 3.88, 3.9, 3.84, 3.93], "usr [s]": [0.0, 0.0, 0.0, 0.01, 0.01, 0.0, 0.0, 0.01, 0.02, 0.01], "sys [s]": [3.91, 3.91, 3.91, 3.82, 3.89, 3.85, 3.87, 3.87, 3.81, 3.89], "cpu [s]": [3.91, 3.91, 3.91, 3.8299999999999996, 3.9, 3.85, 3.87, 3.88, 3.83, 3.9]}}}