{"setup": {"name": "literal search: line numbers", "hardware": {"client": "go", "cpu": "Intel(R) Core(TM) i7-10700K CPU @ 3.80GHz"}}, "results": {"GNU grep": {"wall [s]": [5.65, 5.65, 5.7, 5.7, 5.67, 5.68, 5.7, 5.65, 5.72, 5.65], "usr [s]": [4.92, 4.95, 5.0, 5.11, 5.01, 4.96, 5.06, 5.0, 5.08, 5.02], "sys [s]": [0.73, 0.7, 0.67, 0.58, 0.64, 0.71, 0.64, 0.65, 0.64, 0.63], "cpu [s]": [5.65, 5.65, 5.67, 5.69, 5.6499999999999995, 5.67, 5.699999999999999, 5.65, 5.72, 5.6499999999999995]}, "xs grep": {"wall [s]": [0.82, 0.81, 0.82, 0.83, 0.83, 0.81, 0.81, 0.82, 0.81, 0.83], "usr [s]": [5.14, 5.09, 5.23, 5.21, 5.21, 5.09, 5.1, 5.15, 5.18, 5.21], "sys [s]": [0.48, 0.51, 0.41, 0.47, 0.49, 0.48, 0.49, 0.46, 0.44, 0.47], "cpu [s]": [5.619999999999999, 5.6, 5.640000000000001, 5.68, 5.7, 5.57, 5.59, 5.61, 5.62, 5.68]}, "xs grep meta": {"wall [s]": [0.36, 0.36, 0.37, 0.36, 0.36, 0.37, 0.36, 0.36, 0.36, 0.36], "usr [s]": [1.74, 1.68, 1.72, 1.77, 1.72, 1.71, 1.73, 1.77, 1.72, 1.61], "sys [s]": [0.5, 0.55, 0.5, 0.48, 0.51, 0.51, 0.49, 0.46, 0.5, 0.61], "cpu [s]": [2.24, 2.23, 2.2199999999999998, 2.25, 2.23, 2.2199999999999998, 2.2199999999999998, 2.23, 2.2199999999999998, 2.22]}, "xs grep -j 1": {"wall [s]": [4.14, 4.14, 4.15, 4.15, 4.14, 4.16, 4.14, 4.15, 4.14, 4.14], "usr [s]": [3.79, 3.78, 3.77, 3.81, 3.84, 3.76, 3.73, 3.82, 3.81, 3.76], "sys [s]": [0.35, 0.35, 0.37, 0.34, 0.3, 0.4, 0.4, 0.32, 0.32, 0.37], "cpu [s]": [4.14, 4.13, 4.14, 4.15, 4.14, 4.16, 4.13, 4.14, 4.13, 4.13]}, "xs grep -j 1 meta": {"wall [s]": [0.93, 0.93, 0.93, 0.93, 0.93, 0.93, 0.93, 0.94, 0.93, 0.93], "usr [s]": [0.59, 0.58, 0.59, 0.57, 0.56, 0.57, 0.54, 0.61, 0.6, 0.52], "sys [s]": [0.33, 0.35, 0.34, 0.36, 0.36, 0.35, 0.38, 0.33, 0.33, 0.41], "cpu [s]": [0.9199999999999999, 0.9299999999999999, 0.9299999999999999, 0.9299999999999999, 0.92, 0.9199999999999999, 0.92, 0.94, 0.9299999999999999, 0.9299999999999999]}, "ripgrep": {"wall [s]": [1.23, 1.24, 1.23, 1.22, 1.22, 1.24, 1.23, 1.22, 1.23, 1.22], "usr [s]": [0.87, 0.83, 0.89, 0.91, 0.82, 0.84, 0.86, 0.85, 0.89, 0.81], "sys [s]": [0.36, 0.4, 0.34, 0.3, 0.39, 0.4, 0.36, 0.36, 0.32, 0.41], "cpu [s]": [1.23, 1.23, 1.23, 1.21, 1.21, 1.24, 1.22, 1.21, 1.21, 1.22]}, "cat": {"wall [s]": [3.82, 3.88, 3.89, 3.89, 3.96, 3.87, 3.87, 3.85, 3.97, 3.89], "usr [s]": [0.03, 0.01, 0.01, 0.01, 0.01, 0.02, 0.02, 0.0, 0.0, 0.01], "sys [s]": [3.78, 3.86, 3.87, 3.85, 3.9, 3.84, 3.83, 3.84, 3.91, 3.87], "cpu [s]": [3.8099999999999996, 3.8699999999999997, 3.88, 3.86, 3.9099999999999997, 3.86, 3.85, 3.84, 3.91, 3.88]}}}