{"setup": {"name": "literal search: byte offsets", "hardware": {"client": "go", "cpu": "Intel(R) Core(TM) i7-10700K CPU @ 3.80GHz"}}, "results": {"GNU grep": {"wall [s]": [6.48, 6.46, 6.47, 6.46, 6.47], "usr [s]": [2.77, 2.82, 2.63, 2.67, 2.47], "sys [s]": [1.87, 1.79, 2.0, 1.95, 2.15], "cpu [s]": [4.640000000000001, 4.609999999999999, 4.63, 4.62, 4.62]}, "xs grep": {"wall [s]": [6.08, 6.14, 6.08, 6.08, 6.09], "usr [s]": [0.81, 0.73, 0.67, 0.77, 0.74], "sys [s]": [2.24, 2.43, 2.41, 2.23, 2.36], "cpu [s]": [3.0500000000000003, 3.16, 3.08, 3.0, 3.0999999999999996]}, "xs grep meta": {"wall [s]": [6.26, 6.26, 6.26, 6.26, 6.28], "usr [s]": [0.8, 0.77, 0.75, 0.79, 0.77], "sys [s]": [2.16, 2.3, 2.25, 2.22, 2.3], "cpu [s]": [2.96, 3.07, 3.0, 3.0100000000000002, 3.07]}, "xs grep -j 1": {"wall [s]": [6.38, 6.36, 6.36, 6.36, 6.36], "usr [s]": [0.6, 0.6, 0.6, 0.58, 0.61], "sys [s]": [1.68, 1.68, 1.65, 1.68, 1.64], "cpu [s]": [2.28, 2.28, 2.25, 2.26, 2.25]}, "xs grep -j 1 meta": {"wall [s]": [6.77, 6.81, 6.8, 6.81, 6.81], "usr [s]": [0.65, 0.64, 0.63, 0.66, 0.65], "sys [s]": [1.64, 1.68, 1.69, 1.68, 1.65], "cpu [s]": [2.29, 2.32, 2.32, 2.34, 2.3]}, "ripgrep": {"wall [s]": [6.39, 6.39, 6.39, 6.38, 6.39], "usr [s]": [0.57, 0.56, 0.54, 0.57, 0.59], "sys [s]": [1.64, 1.71, 1.7, 1.65, 1.63], "cpu [s]": [2.21, 2.27, 2.24, 2.2199999999999998, 2.2199999999999998]}, "cat": {"wall [s]": [7.71, 7.62, 7.64, 7.62, 7.56], "usr [s]": [0.02, 0.01, 0.01, 0.01, 0.01], "sys [s]": [5.08, 5.12, 5.13, 5.15, 5.11], "cpu [s]": [5.1, 5.13, 5.14, 5.16, 5.12]}}}