{"setup": {"name": "literal search: line numbers", "hardware": {"client": "go", "cpu": "Intel(R) Core(TM) i7-10700K CPU @ 3.80GHz"}}, "results": {"GNU grep": {"wall [s]": [7.85, 7.72, 7.72, 7.76, 7.76], "usr [s]": [5.26, 5.07, 5.15, 5.09, 5.23], "sys [s]": [1.98, 1.98, 1.89, 1.99, 1.87], "cpu [s]": [7.24, 7.050000000000001, 7.04, 7.08, 7.1000000000000005]}, "xs grep": {"wall [s]": [6.09, 6.09, 6.09, 6.09, 6.1], "usr [s]": [4.52, 4.57, 4.69, 4.76, 4.68], "sys [s]": [2.33, 2.27, 2.22, 2.14, 2.23], "cpu [s]": [6.85, 6.84, 6.91, 6.9, 6.91]}, "xs grep meta": {"wall [s]": [6.26, 6.26, 6.26, 6.29, 6.27], "usr [s]": [0.71, 0.7, 0.8, 0.79, 0.78], "sys [s]": [2.37, 2.26, 2.21, 2.33, 2.24], "cpu [s]": [3.08, 2.96, 3.01, 3.12, 3.0200000000000005]}, "xs grep -j 1": {"wall [s]": [7.07, 7.1, 7.06, 7.06, 7.07], "usr [s]": [3.79, 3.85, 3.93, 3.8, 3.91], "sys [s]": [1.73, 1.71, 1.57, 1.71, 1.6], "cpu [s]": [5.52, 5.5600000000000005, 5.5, 5.51, 5.51]}, "xs grep -j 1 meta": {"wall [s]": [6.77, 6.82, 6.82, 6.82, 6.82], "usr [s]": [0.61, 0.63, 0.66, 0.63, 0.57], "sys [s]": [1.69, 1.71, 1.66, 1.69, 1.76], "cpu [s]": [2.3, 2.34, 2.32, 2.32, 2.33]}, "ripgrep": {"wall [s]": [6.72, 6.72, 6.72, 6.72, 6.71], "usr [s]": [1.05, 0.94, 0.93, 0.97, 0.99], "sys [s]": [1.53, 1.67, 1.65, 1.64, 1.62], "cpu [s]": [2.58, 2.61, 2.58, 2.61, 2.6100000000000003]}, "cat": {"wall [s]": [7.7, 7.62, 7.65, 7.71, 7.58], "usr [s]": [0.01, 0.01, 0.02, 0.02, 0.0], "sys [s]": [5.1, 5.08, 5.11, 5.05, 5.07], "cpu [s]": [5.109999999999999, 5.09, 5.13, 5.069999999999999, 5.07]}}}