{"setup": {"name": "literal search: lines", "hardware": {"client": "go", "cpu": "Intel(R) Core(TM) i7-10700K CPU @ 3.80GHz"}}, "results": {"GNU grep": {"wall [s]": [6.67, 6.51, 6.51, 6.49, 6.49, 6.49, 6.48, 6.52, 6.74, 6.51], "usr [s]": [2.73, 2.74, 2.74, 2.72, 2.74, 2.55, 2.66, 2.69, 2.74, 2.76], "sys [s]": [1.99, 1.96, 1.95, 1.93, 1.92, 2.11, 1.99, 1.97, 1.92, 1.93], "cpu [s]": [4.72, 4.7, 4.69, 4.65, 4.66, 4.66, 4.65, 4.66, 4.66, 4.6899999999999995]}, "xs grep": {"wall [s]": [6.11, 6.13, 6.12, 6.12, 6.11, 6.12, 6.12, 6.12, 6.11, 6.12], "usr [s]": [0.75, 0.7, 0.74, 0.73, 0.71, 0.73, 0.77, 0.71, 0.78, 0.74], "sys [s]": [2.29, 2.35, 2.35, 2.34, 2.31, 2.3, 2.24, 2.35, 2.12, 2.33], "cpu [s]": [3.04, 3.05, 3.09, 3.07, 3.02, 3.03, 3.0100000000000002, 3.06, 2.9000000000000004, 3.0700000000000003]}, "xs grep meta": {"wall [s]": [6.25, 6.26, 6.26, 6.25, 6.25, 6.26, 6.26, 6.26, 6.24, 6.25], "usr [s]": [0.8, 0.71, 0.75, 0.68, 0.74, 0.75, 0.73, 0.75, 0.76, 0.78], "sys [s]": [2.2, 2.28, 2.26, 2.27, 2.28, 2.28, 2.27, 2.27, 2.21, 2.23], "cpu [s]": [3.0, 2.9899999999999998, 3.01, 2.95, 3.0199999999999996, 3.03, 3.0, 3.02, 2.9699999999999998, 3.01]}, "xs grep -j 1": {"wall [s]": [6.38, 6.37, 6.37, 6.37, 6.37, 6.37, 6.37, 6.37, 6.37, 6.38], "usr [s]": [0.55, 0.62, 0.62, 0.68, 0.64, 0.65, 0.55, 0.57, 0.64, 0.7], "sys [s]": [1.76, 1.7, 1.66, 1.6, 1.67, 1.66, 1.75, 1.74, 1.66, 1.61], "cpu [s]": [2.31, 2.32, 2.28, 2.2800000000000002, 2.31, 2.31, 2.3, 2.31, 2.3, 2.31]}, "xs grep -j 1 meta": {"wall [s]": [6.74, 6.78, 6.78, 6.78, 6.77, 6.78, 6.78, 6.78, 6.78, 6.78], "usr [s]": [0.55, 0.53, 0.65, 0.63, 0.65, 0.57, 0.59, 0.48, 0.57, 0.57], "sys [s]": [1.78, 1.81, 1.66, 1.73, 1.66, 1.77, 1.74, 1.89, 1.75, 1.8], "cpu [s]": [2.33, 2.34, 2.31, 2.36, 2.31, 2.34, 2.33, 2.37, 2.32, 2.37]}, "ripgrep": {"wall [s]": [6.41, 6.41, 6.41, 6.41, 6.41, 6.4, 6.41, 6.41, 6.41, 6.41], "usr [s]": [0.61, 0.6, 0.56, 0.58, 0.64, 0.56, 0.58, 0.58, 0.62, 0.62], "sys [s]": [1.69, 1.7, 1.74, 1.67, 1.62, 1.72, 1.71, 1.71, 1.68, 1.71], "cpu [s]": [2.3, 2.3, 2.3, 2.25, 2.2600000000000002, 2.2800000000000002, 2.29, 2.29, 2.3, 2.33]}, "cat": {"wall [s]": [7.57, 7.64, 7.71, 7.63, 7.64, 7.62, 7.58, 7.57, 7.57, 7.68], "usr [s]": [0.02, 0.03, 0.0, 0.01, 0.02, 0.0, 0.02, 0.02, 0.01, 0.03], "sys [s]": [5.23, 5.25, 5.2, 5.16, 5.18, 5.17, 5.23, 5.13, 5.18, 5.23], "cpu [s]": [5.25, 5.28, 5.2, 5.17, 5.199999999999999, 5.17, 5.25, 5.1499999999999995, 5.1899999999999995, 5.260000000000001]}}}