{"setup": {"name": "literal case insensitive search: lines", "hardware": {"client": "go", "cpu": "Intel(R) Core(TM) i7-10700K CPU @ 3.80GHz"}}, "results": {"GNU grep": {"wall [s]": [11.85, 11.76, 11.76, 11.76, 11.85], "usr [s]": [9.72, 9.86, 9.75, 9.91, 9.92], "sys [s]": [2.1, 1.87, 1.98, 1.81, 1.89], "cpu [s]": [11.82, 11.73, 11.73, 11.72, 11.81]}, "xs grep": {"wall [s]": [6.12, 6.11, 6.12, 6.18, 6.11], "usr [s]": [2.75, 2.57, 2.68, 2.65, 2.69], "sys [s]": [2.34, 2.45, 2.39, 2.43, 2.29], "cpu [s]": [5.09, 5.02, 5.07, 5.08, 4.98]}, "xs grep meta": {"wall [s]": [6.27, 6.27, 6.27, 6.27, 6.28], "usr [s]": [2.48, 2.31, 2.5, 2.42, 2.72], "sys [s]": [2.32, 2.48, 2.35, 2.47, 2.26], "cpu [s]": [4.8, 4.79, 4.85, 4.890000000000001, 4.98]}, "xs grep -j 1": {"wall [s]": [7.55, 7.58, 7.55, 7.55, 7.56], "usr [s]": [1.82, 1.82, 1.85, 1.81, 1.75], "sys [s]": [1.61, 1.7, 1.57, 1.66, 1.72], "cpu [s]": [3.43, 3.52, 3.42, 3.4699999999999998, 3.4699999999999998]}, "xs grep -j 1 meta": {"wall [s]": [8.03, 8.04, 8.04, 8.05, 8.07], "usr [s]": [1.86, 1.92, 1.88, 1.79, 2.0], "sys [s]": [1.73, 1.62, 1.65, 1.77, 1.59], "cpu [s]": [3.59, 3.54, 3.53, 3.56, 3.59]}, "ripgrep": {"wall [s]": [6.42, 6.43, 6.42, 6.42, 6.42], "usr [s]": [1.5, 1.4, 1.5, 1.38, 1.49], "sys [s]": [1.53, 1.66, 1.54, 1.66, 1.59], "cpu [s]": [3.0300000000000002, 3.0599999999999996, 3.04, 3.04, 3.08]}, "cat": {"wall [s]": [7.61, 7.67, 7.73, 7.66, 7.54], "usr [s]": [0.0, 0.01, 0.02, 0.01, 0.05], "sys [s]": [5.14, 5.07, 5.07, 5.08, 5.14], "cpu [s]": [5.14, 5.08, 5.09, 5.09, 5.1899999999999995]}}}