{"setup": {"name": "literal search: line numbers", "hardware": {"client": "go", "cpu": "Intel(R) Core(TM) i7-10700K CPU @ 3.80GHz"}}, "results": {"GNU grep": {"wall [s]": [8.02, 7.76, 7.77, 7.79, 7.75, 7.76, 7.77, 7.75, 7.76, 7.75], "usr [s]": [5.28, 5.17, 5.1, 5.14, 5.13, 5.1, 4.97, 5.13, 5.12, 5.13], "sys [s]": [1.98, 1.93, 2.01, 1.99, 1.94, 1.99, 2.14, 1.96, 1.99, 1.95], "cpu [s]": [7.26, 7.1, 7.109999999999999, 7.13, 7.07, 7.09, 7.109999999999999, 7.09, 7.11, 7.08]}, "xs grep": {"wall [s]": [6.13, 6.13, 6.14, 6.13, 6.15, 6.14, 6.14, 6.13, 6.14, 6.13], "usr [s]": [4.66, 4.65, 4.72, 4.81, 4.67, 4.74, 4.72, 4.68, 4.59, 4.67], "sys [s]": [2.26, 2.19, 2.26, 2.17, 2.21, 2.21, 2.23, 2.29, 2.3, 2.26], "cpu [s]": [6.92, 6.84, 6.9799999999999995, 6.9799999999999995, 6.88, 6.95, 6.949999999999999, 6.97, 6.89, 6.93]}, "xs grep meta": {"wall [s]": [6.25, 6.25, 6.24, 6.24, 6.23, 6.24, 6.23, 6.25, 6.26, 6.27], "usr [s]": [0.68, 0.75, 0.71, 0.76, 0.79, 0.77, 0.83, 0.71, 0.78, 0.78], "sys [s]": [2.31, 2.23, 2.28, 2.25, 2.24, 2.27, 2.22, 2.38, 2.24, 2.22], "cpu [s]": [2.99, 2.98, 2.9899999999999998, 3.01, 3.0300000000000002, 3.04, 3.0500000000000003, 3.09, 3.0200000000000005, 3.0]}, "xs grep -j 1": {"wall [s]": [7.11, 7.1, 7.11, 7.1, 7.11, 7.11, 7.11, 7.1, 7.11, 7.1], "usr [s]": [3.98, 3.94, 3.89, 3.97, 3.83, 3.92, 3.93, 3.8, 3.75, 4.03], "sys [s]": [1.59, 1.62, 1.7, 1.6, 1.76, 1.66, 1.64, 1.78, 1.83, 1.53], "cpu [s]": [5.57, 5.5600000000000005, 5.59, 5.57, 5.59, 5.58, 5.57, 5.58, 5.58, 5.5600000000000005]}, "xs grep -j 1 meta": {"wall [s]": [6.78, 6.79, 6.79, 6.79, 6.79, 6.79, 6.79, 6.8, 6.8, 6.79], "usr [s]": [0.57, 0.65, 0.67, 0.59, 0.56, 0.63, 0.59, 0.62, 0.72, 0.61], "sys [s]": [1.79, 1.71, 1.69, 1.76, 1.8, 1.73, 1.76, 1.78, 1.69, 1.76], "cpu [s]": [2.36, 2.36, 2.36, 2.35, 2.3600000000000003, 2.36, 2.35, 2.4, 2.41, 2.37]}, "ripgrep": {"wall [s]": [6.75, 6.75, 6.76, 6.75, 6.75, 6.76, 6.75, 6.75, 6.75, 6.75], "usr [s]": [0.95, 0.98, 0.95, 0.95, 1.03, 0.86, 0.97, 1.01, 0.9, 0.94], "sys [s]": [1.73, 1.7, 1.76, 1.71, 1.65, 1.83, 1.69, 1.67, 1.79, 1.75], "cpu [s]": [2.6799999999999997, 2.6799999999999997, 2.71, 2.66, 2.6799999999999997, 2.69, 2.66, 2.6799999999999997, 2.69, 2.69]}, "cat": {"wall [s]": [7.71, 7.65, 7.7, 7.68, 7.58, 7.64, 7.57, 7.77, 7.56, 7.55], "usr [s]": [0.02, 0.01, 0.01, 0.01, 0.01, 0.02, 0.01, 0.01, 0.02, 0.0], "sys [s]": [5.16, 5.19, 5.2, 5.18, 5.18, 5.27, 5.14, 5.26, 5.21, 5.18], "cpu [s]": [5.18, 5.2, 5.21, 5.1899999999999995, 5.1899999999999995, 5.289999999999999, 5.1499999999999995, 5.27, 5.2299999999999995, 5.18]}}}