{"setup": {"name": "literal search: byte offsets", "hardware": {"client": "go", "cpu": "Intel(R) Core(TM) i7-10700K CPU @ 3.80GHz"}}, "results": {"GNU grep": {"wall [s]": [6.65, 6.49, 6.5, 6.5, 6.5, 6.5, 6.5, 6.5, 6.5, 6.49], "usr [s]": [2.78, 2.64, 2.69, 2.75, 2.63, 2.71, 2.63, 2.63, 2.68, 2.66], "sys [s]": [1.89, 2.03, 1.98, 1.92, 2.03, 1.97, 2.05, 2.03, 1.98, 2.01], "cpu [s]": [4.67, 4.67, 4.67, 4.67, 4.66, 4.68, 4.68, 4.66, 4.66, 4.67]}, "xs grep": {"wall [s]": [6.12, 6.12, 6.12, 6.12, 6.11, 6.13, 6.12, 6.12, 6.13, 6.13], "usr [s]": [0.73, 0.66, 0.75, 0.8, 0.78, 0.71, 0.72, 0.77, 0.77, 0.68], "sys [s]": [2.26, 2.36, 2.35, 2.25, 2.28, 2.33, 2.27, 2.31, 2.33, 2.42], "cpu [s]": [2.9899999999999998, 3.02, 3.1, 3.05, 3.0599999999999996, 3.04, 2.99, 3.08, 3.1, 3.1]}, "xs grep meta": {"wall [s]": [6.25, 6.27, 6.24, 6.25, 6.25, 6.25, 6.26, 6.24, 6.25, 6.24], "usr [s]": [0.79, 0.68, 0.73, 0.74, 0.8, 0.73, 0.7, 0.73, 0.74, 0.76], "sys [s]": [2.22, 2.33, 2.3, 2.3, 2.21, 2.27, 2.38, 2.22, 2.28, 2.27], "cpu [s]": [3.0100000000000002, 3.0100000000000002, 3.03, 3.04, 3.01, 3.0, 3.08, 2.95, 3.0199999999999996, 3.0300000000000002]}, "xs grep -j 1": {"wall [s]": [6.37, 6.34, 6.37, 6.37, 6.37, 6.37, 6.37, 6.37, 6.37, 6.38], "usr [s]": [0.69, 0.61, 0.54, 0.64, 0.7, 0.63, 0.66, 0.6, 0.56, 0.62], "sys [s]": [1.62, 1.67, 1.77, 1.65, 1.59, 1.69, 1.66, 1.71, 1.73, 1.66], "cpu [s]": [2.31, 2.28, 2.31, 2.29, 2.29, 2.32, 2.32, 2.31, 2.29, 2.28]}, "xs grep -j 1 meta": {"wall [s]": [6.75, 6.79, 6.78, 6.78, 6.79, 6.78, 6.78, 6.78, 6.79, 6.79], "usr [s]": [0.59, 0.66, 0.68, 0.59, 0.61, 0.63, 0.56, 0.63, 0.58, 0.64], "sys [s]": [1.79, 1.66, 1.68, 1.75, 1.77, 1.73, 1.81, 1.73, 1.8, 1.76], "cpu [s]": [2.38, 2.32, 2.36, 2.34, 2.38, 2.36, 2.37, 2.36, 2.38, 2.4]}, "ripgrep": {"wall [s]": [6.4, 6.42, 6.41, 6.41, 6.42, 6.4, 6.42, 6.41, 6.41, 6.41], "usr [s]": [0.6, 0.54, 0.63, 0.53, 0.57, 0.55, 0.63, 0.53, 0.63, 0.64], "sys [s]": [1.7, 1.73, 1.66, 1.76, 1.74, 1.72, 1.68, 1.75, 1.71, 1.68], "cpu [s]": [2.3, 2.27, 2.29, 2.29, 2.31, 2.27, 2.31, 2.2800000000000002, 2.34, 2.32]}, "cat": {"wall [s]": [7.53, 7.63, 7.6, 7.62, 7.59, 7.56, 7.58, 7.54, 7.7, 7.55], "usr [s]": [0.02, 0.02, 0.02, 0.02, 0.01, 0.01, 0.02, 0.02, 0.01, 0.01], "sys [s]": [5.14, 5.16, 5.17, 5.2, 5.17, 5.16, 5.23, 5.13, 5.19, 5.17], "cpu [s]": [5.159999999999999, 5.18, 5.1899999999999995, 5.22, 5.18, 5.17, 5.25, 5.1499999999999995, 5.2, 5.18]}}}