{"setup": {"name": "literal case insensitive search: lines", "hardware": {"client": "go", "cpu": "Intel(R) Core(TM) i7-10700K CPU @ 3.80GHz"}}, "results": {"GNU grep": {"wall [s]": [11.96, 11.86, 11.84, 11.84, 11.92, 11.87, 11.94, 11.87, 11.88, 11.91], "usr [s]": [9.9, 9.87, 10.01, 9.92, 9.99, 9.91, 10.03, 9.9, 10.03, 10.19], "sys [s]": [1.94, 1.96, 1.8, 1.88, 1.9, 1.92, 1.87, 1.94, 1.82, 1.68], "cpu [s]": [11.84, 11.829999999999998, 11.81, 11.8, 11.89, 11.83, 11.899999999999999, 11.84, 11.85, 11.87]}, "xs grep": {"wall [s]": [6.14, 6.14, 6.15, 6.15, 6.15, 6.14, 6.15, 6.15, 6.15, 6.15], "usr [s]": [2.48, 2.69, 2.71, 2.7, 2.76, 2.58, 2.6, 2.67, 2.83, 2.78], "sys [s]": [2.56, 2.47, 2.34, 2.31, 2.34, 2.49, 2.52, 2.47, 2.24, 2.39], "cpu [s]": [5.04, 5.16, 5.05, 5.01, 5.1, 5.07, 5.12, 5.140000000000001, 5.07, 5.17]}, "xs grep meta": {"wall [s]": [6.24, 6.24, 6.26, 6.26, 6.26, 6.24, 6.25, 6.26, 6.26, 6.25], "usr [s]": [2.59, 2.53, 2.57, 2.71, 2.68, 2.35, 2.63, 2.65, 2.68, 2.49], "sys [s]": [2.24, 2.31, 2.34, 2.19, 2.27, 2.45, 2.27, 2.36, 2.44, 2.36], "cpu [s]": [4.83, 4.84, 4.91, 4.9, 4.95, 4.800000000000001, 4.9, 5.01, 5.12, 4.85]}, "xs grep -j 1": {"wall [s]": [7.6, 7.57, 7.59, 7.61, 7.61, 7.6, 7.59, 7.62, 7.61, 7.59], "usr [s]": [1.79, 1.82, 1.71, 1.85, 1.85, 1.86, 1.78, 1.81, 1.77, 1.86], "sys [s]": [1.76, 1.68, 1.83, 1.69, 1.72, 1.7, 1.75, 1.75, 1.77, 1.64], "cpu [s]": [3.55, 3.5, 3.54, 3.54, 3.5700000000000003, 3.56, 3.5300000000000002, 3.56, 3.54, 3.5]}, "xs grep -j 1 meta": {"wall [s]": [8.0, 8.0, 8.02, 8.04, 8.03, 8.06, 8.06, 8.05, 8.04, 8.03], "usr [s]": [1.82, 1.81, 1.8, 1.9, 1.86, 1.95, 1.88, 1.88, 1.86, 1.86], "sys [s]": [1.81, 1.76, 1.76, 1.72, 1.73, 1.7, 1.77, 1.74, 1.76, 1.73], "cpu [s]": [3.63, 3.5700000000000003, 3.56, 3.62, 3.59, 3.65, 3.65, 3.62, 3.62, 3.59]}, "ripgrep": {"wall [s]": [6.45, 6.45, 6.45, 6.45, 6.46, 6.46, 6.46, 6.46, 6.46, 6.45], "usr [s]": [1.41, 1.4, 1.51, 1.32, 1.41, 1.38, 1.35, 1.35, 1.48, 1.42], "sys [s]": [1.7, 1.7, 1.62, 1.78, 1.72, 1.78, 1.78, 1.76, 1.66, 1.67], "cpu [s]": [3.11, 3.0999999999999996, 3.13, 3.1, 3.13, 3.16, 3.13, 3.1100000000000003, 3.1399999999999997, 3.09]}, "cat": {"wall [s]": [7.54, 7.57, 7.71, 7.71, 7.59, 7.68, 7.67, 7.64, 7.57, 7.61], "usr [s]": [0.02, 0.01, 0.02, 0.01, 0.01, 0.01, 0.01, 0.02, 0.01, 0.01], "sys [s]": [5.16, 5.17, 5.23, 5.32, 5.25, 5.27, 5.28, 5.18, 5.25, 5.23], "cpu [s]": [5.18, 5.18, 5.25, 5.33, 5.26, 5.279999999999999, 5.29, 5.199999999999999, 5.26, 5.24]}}}