{"setup": {"name": "literal search: lines", "hardware": {"client": "go", "cpu": "Intel(R) Core(TM) i7-10700K CPU @ 3.80GHz"}}, "results": {"GNU grep": {"wall [s]": [6.61, 6.46, 6.47, 6.46, 6.46], "usr [s]": [2.52, 2.62, 2.62, 2.62, 2.75], "sys [s]": [2.08, 1.99, 2.02, 1.99, 1.84], "cpu [s]": [4.6, 4.61, 4.640000000000001, 4.61, 4.59]}, "xs grep": {"wall [s]": [6.1, 6.08, 6.12, 6.08, 6.08], "usr [s]": [0.71, 0.72, 0.63, 0.69, 0.81], "sys [s]": [2.35, 2.31, 2.41, 2.36, 2.21], "cpu [s]": [3.06, 3.0300000000000002, 3.04, 3.05, 3.02]}, "xs grep meta": {"wall [s]": [6.28, 6.26, 6.27, 6.31, 6.27], "usr [s]": [0.78, 0.73, 0.68, 0.72, 0.8], "sys [s]": [2.32, 2.28, 2.36, 2.36, 2.18], "cpu [s]": [3.0999999999999996, 3.01, 3.04, 3.08, 2.9800000000000004]}, "xs grep -j 1": {"wall [s]": [6.36, 6.36, 6.36, 6.36, 6.36], "usr [s]": [0.69, 0.56, 0.54, 0.59, 0.53], "sys [s]": [1.59, 1.7, 1.7, 1.65, 1.72], "cpu [s]": [2.2800000000000002, 2.26, 2.24, 2.2399999999999998, 2.25]}, "xs grep -j 1 meta": {"wall [s]": [6.82, 6.81, 6.81, 6.8, 6.81], "usr [s]": [0.65, 0.71, 0.6, 0.65, 0.58], "sys [s]": [1.67, 1.6, 1.71, 1.64, 1.76], "cpu [s]": [2.32, 2.31, 2.31, 2.29, 2.34]}, "ripgrep": {"wall [s]": [6.39, 6.39, 6.38, 6.38, 6.39], "usr [s]": [0.57, 0.58, 0.59, 0.62, 0.54], "sys [s]": [1.68, 1.62, 1.63, 1.59, 1.69], "cpu [s]": [2.25, 2.2, 2.2199999999999998, 2.21, 2.23]}, "cat": {"wall [s]": [7.62, 7.6, 7.72, 7.68, 7.56], "usr [s]": [0.01, 0.0, 0.01, 0.02, 0.01], "sys [s]": [5.13, 5.09, 5.08, 5.11, 5.06], "cpu [s]": [5.14, 5.09, 5.09, 5.13, 5.069999999999999]}}}