{"setup": {"name": "Compressed input (LZ4 HC)", "hardware": {"client": "lena", "cpu": "AMD Ryzen 7 3700X 8-Core Processor"}}, "results": {"lz4cat -> just_read": {"data": {"wall [s]": [6.73, 6.8, 6.7, 6.69, 6.61], "usr [s]": [3.58, 3.66, 3.59, 3.62, 3.69], "sys [s]": [2.57, 2.58, 2.52, 2.48, 2.35], "cpu [s]": [6.15, 6.24, 6.109999999999999, 6.1, 6.04]}, "command": "lz4cat en.lz4 | just_read"}, "just_read": {"data": {"wall [s]": [0.74, 0.74, 0.74, 0.74, 0.74], "usr [s]": [0.03, 0.02, 0.03, 0.02, 0.06], "sys [s]": [0.69, 0.69, 0.69, 0.7, 0.66], "cpu [s]": [0.72, 0.71, 0.72, 0.72, 0.72]}, "command": "['just_read', 'en.lz4']"}, "lz4cat -> GNU grep": {"data": {"wall [s]": [10.63, 10.17, 9.29, 9.75, 8.52], "usr [s]": [3.68, 3.48, 3.66, 3.53, 3.43], "sys [s]": [2.2, 2.07, 1.94, 1.95, 1.92], "cpu [s]": [5.880000000000001, 5.55, 5.6, 5.4799999999999995, 5.35]}, "command": "lz4cat en.lz4 | grep Sherlock"}, "lz4cat -> ripgrep": {"data": {"wall [s]": [6.49, 6.46, 6.42, 6.57, 6.53], "usr [s]": [3.26, 3.4, 3.4, 3.47, 3.34], "sys [s]": [2.57, 2.48, 2.44, 2.52, 2.53], "cpu [s]": [5.83, 5.88, 5.84, 5.99, 5.869999999999999]}, "command": "lz4cat en.lz4 | rg Sherlock"}, "lz4cat -> xs grep": {"data": {"wall [s]": [7.34, 7.47, 7.44, 7.39, 7.37], "usr [s]": [3.47, 3.41, 3.56, 3.39, 3.49], "sys [s]": [3.83, 4.01, 3.85, 3.96, 3.83], "cpu [s]": [7.300000000000001, 7.42, 7.41, 7.35, 7.32]}, "command": "lz4cat en.lz4 | xs Sherlock"}, "xspp -> xs grep": {"data": {"wall [s]": [1.7, 1.7, 1.66, 1.67, 1.68], "usr [s]": [4.11, 4.11, 4.07, 4.15, 4.35], "sys [s]": [1.73, 1.75, 1.72, 1.7, 1.71], "cpu [s]": [5.84, 5.86, 5.79, 5.8500000000000005, 6.06]}, "command": "['xs', 'Sherlock', 'en.xslz4', '-m', 'en.xslz4.meta']"}, "xspp -> xs grep --max-readers 2": {"data": {"wall [s]": [1.42, 1.41, 1.42, 1.42, 1.42], "usr [s]": [3.88, 3.89, 3.86, 3.82, 3.9], "sys [s]": [1.25, 1.2, 1.28, 1.31, 1.23], "cpu [s]": [5.13, 5.09, 5.14, 5.13, 5.13]}, "command": "['xs', 'Sherlock', 'en.xslz4', '-m', 'en.xslz4.meta', '--max-readers', '2']"}, "lz4cat -> xs grep --no-mmap": {"data": {"wall [s]": [7.43, 7.45, 7.54, 7.5, 7.54], "usr [s]": [3.44, 3.5, 3.57, 3.45, 3.37], "sys [s]": [3.95, 3.91, 3.92, 4.01, 4.12], "cpu [s]": [7.390000000000001, 7.41, 7.49, 7.46, 7.49]}, "command": "lz4cat en.lz4 | xs Sherlock --no-mmap"}, "xspp -> xs grep --no-mmap": {"data": {"wall [s]": [1.7, 1.7, 1.7, 1.69, 1.68], "usr [s]": [4.13, 4.11, 4.24, 4.3, 4.35], "sys [s]": [1.73, 1.74, 1.74, 1.76, 1.72], "cpu [s]": [5.859999999999999, 5.8500000000000005, 5.98, 6.06, 6.069999999999999]}, "command": "['xs', 'Sherlock', 'en.xslz4', '-m', 'en.xslz4.meta', '--no-mmap']"}, "xspp -> xs grep --max-readers 2 --no-mmap": {"data": {"wall [s]": [1.62, 1.62, 1.62, 1.61, 1.61], "usr [s]": [4.16, 4.15, 4.16, 4.2, 4.13], "sys [s]": [1.82, 1.83, 1.77, 1.77, 1.87], "cpu [s]": [5.98, 5.98, 5.93, 5.970000000000001, 6.0]}, "command": "['xs', 'Sherlock', 'en.xslz4', '-m', 'en.xslz4.meta', '--max-readers', '2', '--no-mmap']"}}}