{"setup": {"name": "Compressed input (LZ4)", "hardware": {"client": "lena", "cpu": "AMD Ryzen 7 3700X 8-Core Processor"}}, "results": {"lz4cat -> just_read": {"data": {"wall [s]": [7.34, 7.33, 7.39, 7.36, 7.39], "usr [s]": [3.75, 3.85, 3.73, 3.51, 3.67], "sys [s]": [2.97, 2.9, 3.03, 3.25, 3.11], "cpu [s]": [6.720000000000001, 6.75, 6.76, 6.76, 6.779999999999999]}, "command": "lz4cat en.lz4 | just_read"}, "just_read": {"data": {"wall [s]": [1.25, 1.28, 1.27, 1.26, 1.26], "usr [s]": [0.03, 0.07, 0.07, 0.05, 0.05], "sys [s]": [1.2, 1.18, 1.18, 1.19, 1.19], "cpu [s]": [1.23, 1.25, 1.25, 1.24, 1.24]}, "command": "['just_read', 'en.lz4']"}, "lz4cat -> GNU grep": {"data": {"wall [s]": [10.62, 10.69, 11.28, 10.57, 10.5], "usr [s]": [3.56, 3.71, 3.98, 3.53, 3.49], "sys [s]": [2.45, 2.4, 2.66, 2.44, 2.6], "cpu [s]": [6.01, 6.109999999999999, 6.640000000000001, 5.97, 6.09]}, "command": "lz4cat en.lz4 | grep Sherlock"}, "lz4cat -> ripgrep": {"data": {"wall [s]": [7.18, 7.13, 7.03, 7.19, 7.07], "usr [s]": [3.38, 3.48, 3.35, 3.46, 3.48], "sys [s]": [3.14, 3.07, 3.08, 3.12, 3.0], "cpu [s]": [6.52, 6.55, 6.43, 6.58, 6.48]}, "command": "lz4cat en.lz4 | rg Sherlock"}, "lz4cat -> xs grep": {"data": {"wall [s]": [8.1, 8.06, 8.18, 7.79, 8.04], "usr [s]": [3.68, 3.5, 3.67, 3.53, 3.64], "sys [s]": [4.38, 4.51, 4.47, 4.22, 4.37], "cpu [s]": [8.06, 8.01, 8.14, 7.75, 8.01]}, "command": "lz4cat en.lz4 | xs Sherlock"}, "xspp -> xs grep": {"data": {"wall [s]": [2.21, 2.21, 2.21, 2.24, 2.2], "usr [s]": [5.15, 5.0, 5.02, 4.94, 4.7], "sys [s]": [2.21, 2.25, 2.23, 2.27, 2.26], "cpu [s]": [7.36, 7.25, 7.25, 7.210000000000001, 6.96]}, "command": "['xs', 'Sherlock', 'en.xslz4', '-m', 'en.xslz4.meta']"}, "xspp -> xs grep --max-readers 2": {"data": {"wall [s]": [1.63, 1.63, 1.64, 1.63, 1.63], "usr [s]": [3.97, 4.04, 3.99, 4.03, 4.05], "sys [s]": [1.92, 1.84, 1.93, 1.89, 1.82], "cpu [s]": [5.890000000000001, 5.88, 5.92, 5.92, 5.87]}, "command": "['xs', 'Sherlock', 'en.xslz4', '-m', 'en.xslz4.meta', '--max-readers', '2']"}, "lz4cat -> xs grep --no-mmap": {"data": {"wall [s]": [8.18, 8.34, 8.18, 7.99, 7.97], "usr [s]": [3.68, 3.47, 3.57, 3.66, 3.68], "sys [s]": [4.46, 4.82, 4.56, 4.29, 4.25], "cpu [s]": [8.14, 8.290000000000001, 8.129999999999999, 7.95, 7.93]}, "command": "lz4cat en.lz4 | xs Sherlock --no-mmap"}, "xspp -> xs grep --no-mmap": {"data": {"wall [s]": [2.22, 2.21, 2.17, 2.22, 2.24], "usr [s]": [4.98, 5.09, 4.9, 4.91, 4.84], "sys [s]": [2.3, 2.26, 2.23, 2.28, 2.26], "cpu [s]": [7.28, 7.35, 7.130000000000001, 7.1899999999999995, 7.1]}, "command": "['xs', 'Sherlock', 'en.xslz4', '-m', 'en.xslz4.meta', '--no-mmap']"}, "xspp -> xs grep --max-readers 2 --no-mmap": {"data": {"wall [s]": [1.97, 1.97, 1.96, 1.97, 1.97], "usr [s]": [4.12, 4.1, 4.22, 4.28, 4.21], "sys [s]": [3.1, 3.13, 2.97, 2.97, 3.02], "cpu [s]": [7.220000000000001, 7.2299999999999995, 7.1899999999999995, 7.25, 7.23]}, "command": "['xs', 'Sherlock', 'en.xslz4', '-m', 'en.xslz4.meta', '--max-readers', '2', '--no-mmap']"}}}