{"setup": {"name": "Compressed input (LZ4)", "hardware": {"client": "lena", "cpu": "AMD Ryzen 7 3700X 8-Core Processor"}}, "results": {"lz4cat -> just_read": {"data": {"wall [s]": [7.4, 7.28, 7.21, 7.35, 7.36], "usr [s]": [3.91, 3.73, 3.83, 3.79, 3.85], "sys [s]": [2.83, 2.98, 2.83, 2.95, 2.92], "cpu [s]": [6.74, 6.71, 6.66, 6.74, 6.77]}, "command": "lz4cat en.lz4 | just_read"}, "just_read": {"data": {"wall [s]": [1.28, 1.25, 1.26, 1.26, 1.26], "usr [s]": [0.06, 0.05, 0.06, 0.04, 0.03], "sys [s]": [1.19, 1.19, 1.18, 1.2, 1.21], "cpu [s]": [1.25, 1.24, 1.24, 1.24, 1.24]}, "command": "['just_read', 'en.lz4']"}, "lz4cat -> GNU grep": {"data": {"wall [s]": [10.21, 10.58, 10.43, 10.56, 10.62], "usr [s]": [3.52, 3.52, 3.7, 3.53, 3.42], "sys [s]": [2.51, 2.45, 2.39, 2.42, 2.59], "cpu [s]": [6.029999999999999, 5.970000000000001, 6.09, 5.949999999999999, 6.01]}, "command": "lz4cat en.lz4 | grep Sherlock"}, "lz4cat -> ripgrep": {"data": {"wall [s]": [7.14, 6.98, 7.09, 7.13, 7.11], "usr [s]": [3.52, 3.55, 3.59, 3.54, 3.4], "sys [s]": [3.03, 2.89, 2.84, 2.97, 3.11], "cpu [s]": [6.55, 6.4399999999999995, 6.43, 6.51, 6.51]}, "command": "lz4cat en.lz4 | rg Sherlock"}, "lz4cat -> xs grep": {"data": {"wall [s]": [8.06, 8.26, 8.13, 8.15, 8.05], "usr [s]": [3.62, 3.51, 3.79, 3.64, 3.66], "sys [s]": [4.4, 4.69, 4.29, 4.46, 4.35], "cpu [s]": [8.02, 8.2, 8.08, 8.1, 8.01]}, "command": "lz4cat en.lz4 | xs Sherlock"}, "xspp -> xs grep": {"data": {"wall [s]": [2.22, 2.24, 2.21, 2.22, 2.17], "usr [s]": [5.04, 4.98, 5.13, 4.83, 4.87], "sys [s]": [2.24, 2.27, 2.27, 2.26, 2.23], "cpu [s]": [7.28, 7.25, 7.4, 7.09, 7.1]}, "command": "['xs', 'Sherlock', 'en.xslz4', '-m', 'en.xslz4.meta']"}, "xspp -> xs grep --max-readers 2": {"data": {"wall [s]": [1.63, 1.64, 1.63, 1.63, 1.63], "usr [s]": [4.08, 4.18, 3.98, 4.13, 4.05], "sys [s]": [1.82, 1.71, 1.91, 1.78, 1.85], "cpu [s]": [5.9, 5.89, 5.89, 5.91, 5.9]}, "command": "['xs', 'Sherlock', 'en.xslz4', '-m', 'en.xslz4.meta', '--max-readers', '2']"}, "lz4cat -> xs grep --no-mmap": {"data": {"wall [s]": [8.08, 8.12, 7.94, 8.13, 8.0], "usr [s]": [3.7, 3.62, 3.62, 3.58, 3.59], "sys [s]": [4.34, 4.45, 4.29, 4.51, 4.36], "cpu [s]": [8.04, 8.07, 7.91, 8.09, 7.95]}, "command": "lz4cat en.lz4 | xs Sherlock --no-mmap"}, "xspp -> xs grep --no-mmap": {"data": {"wall [s]": [2.26, 2.22, 2.23, 2.21, 2.17], "usr [s]": [4.69, 4.86, 4.91, 5.05, 4.98], "sys [s]": [2.31, 2.27, 2.26, 2.26, 2.23], "cpu [s]": [7.0, 7.130000000000001, 7.17, 7.31, 7.210000000000001]}, "command": "['xs', 'Sherlock', 'en.xslz4', '-m', 'en.xslz4.meta', '--no-mmap']"}, "xspp -> xs grep --max-readers 2 --no-mmap": {"data": {"wall [s]": [1.97, 1.96, 1.96, 1.97, 1.96], "usr [s]": [4.16, 4.19, 4.15, 4.17, 4.2], "sys [s]": [3.08, 3.03, 3.08, 3.07, 3.01], "cpu [s]": [7.24, 7.220000000000001, 7.23, 7.24, 7.21]}, "command": "['xs', 'Sherlock', 'en.xslz4', '-m', 'en.xslz4.meta', '--max-readers', '2', '--no-mmap']"}}}