{"setup": {"name": "Compressed input (LZ4 HC)", "hardware": {"client": "lena", "cpu": "AMD Ryzen 7 3700X 8-Core Processor"}}, "results": {"lz4cat -> just_read": {"data": {"wall [s]": [6.72, 6.69, 6.69, 6.64, 6.75], "usr [s]": [3.68, 3.62, 3.62, 3.66, 3.69], "sys [s]": [2.46, 2.46, 2.47, 2.39, 2.46], "cpu [s]": [6.140000000000001, 6.08, 6.09, 6.050000000000001, 6.15]}, "command": "lz4cat en.lz4 | just_read"}, "just_read": {"data": {"wall [s]": [0.74, 0.75, 0.74, 0.74, 0.74], "usr [s]": [0.04, 0.04, 0.05, 0.02, 0.02], "sys [s]": [0.68, 0.69, 0.67, 0.7, 0.7], "cpu [s]": [0.7200000000000001, 0.73, 0.7200000000000001, 0.72, 0.72]}, "command": "['just_read', 'en.lz4']"}, "lz4cat -> GNU grep": {"data": {"wall [s]": [9.99, 10.19, 11.61, 10.08, 9.72], "usr [s]": [3.38, 3.56, 4.45, 3.4, 3.27], "sys [s]": [2.04, 2.05, 2.35, 2.07, 2.14], "cpu [s]": [5.42, 5.609999999999999, 6.800000000000001, 5.47, 5.41]}, "command": "lz4cat en.lz4 | grep Sherlock"}, "lz4cat -> ripgrep": {"data": {"wall [s]": [6.53, 6.64, 6.54, 6.43, 6.65], "usr [s]": [3.31, 3.33, 3.31, 3.39, 3.29], "sys [s]": [2.61, 2.63, 2.59, 2.45, 2.73], "cpu [s]": [5.92, 5.96, 5.9, 5.84, 6.02]}, "command": "lz4cat en.lz4 | rg Sherlock"}, "lz4cat -> xs grep": {"data": {"wall [s]": [7.54, 7.29, 7.19, 7.39, 7.47], "usr [s]": [3.49, 3.45, 3.33, 3.43, 3.37], "sys [s]": [4.01, 3.79, 3.83, 3.92, 4.05], "cpu [s]": [7.5, 7.24, 7.16, 7.35, 7.42]}, "command": "lz4cat en.lz4 | xs Sherlock"}, "xspp -> xs grep": {"data": {"wall [s]": [1.66, 1.7, 1.69, 1.69, 1.7], "usr [s]": [4.12, 4.08, 4.31, 4.31, 4.06], "sys [s]": [1.71, 1.76, 1.72, 1.76, 1.79], "cpu [s]": [5.83, 5.84, 6.029999999999999, 6.069999999999999, 5.85]}, "command": "['xs', 'Sherlock', 'data.xslz4', '-m', 'data.xslz4.meta']"}, "xspp -> xs grep --max-readers 2": {"data": {"wall [s]": [1.42, 1.42, 1.42, 1.42, 1.42], "usr [s]": [3.84, 3.92, 3.9, 3.94, 3.94], "sys [s]": [1.27, 1.22, 1.22, 1.19, 1.2], "cpu [s]": [5.109999999999999, 5.14, 5.12, 5.13, 5.14]}, "command": "['xs', 'Sherlock', 'data.xslz4', '-m', 'data.xslz4.meta', '--max-readers', '2']"}, "lz4cat -> xs grep --no-mmap": {"data": {"wall [s]": [7.41, 7.47, 7.58, 7.4, 7.3], "usr [s]": [3.46, 3.52, 3.35, 3.48, 3.34], "sys [s]": [3.91, 3.9, 4.18, 3.89, 3.93], "cpu [s]": [7.37, 7.42, 7.529999999999999, 7.37, 7.27]}, "command": "lz4cat en.lz4 | xs Sherlock --no-mmap"}, "xspp -> xs grep --no-mmap": {"data": {"wall [s]": [1.7, 1.66, 1.67, 1.7, 1.69], "usr [s]": [4.14, 4.14, 4.12, 4.14, 4.12], "sys [s]": [1.73, 1.68, 1.71, 1.74, 1.7], "cpu [s]": [5.869999999999999, 5.819999999999999, 5.83, 5.88, 5.82]}, "command": "['xs', 'Sherlock', 'data.xslz4', '-m', 'data.xslz4.meta', '--no-mmap']"}, "xspp -> xs grep --max-readers 2 --no-mmap": {"data": {"wall [s]": [1.61, 1.61, 1.63, 1.61, 1.61], "usr [s]": [4.15, 4.15, 4.16, 4.12, 4.12], "sys [s]": [1.82, 1.82, 1.82, 1.84, 1.89], "cpu [s]": [5.970000000000001, 5.970000000000001, 5.98, 5.96, 6.01]}, "command": "['xs', 'Sherlock', 'data.xslz4', '-m', 'data.xslz4.meta', '--max-readers', '2', '--no-mmap']"}}}