{"setup": {"name": "Compressed input (ZStandard)", "hardware": {"client": "lena", "cpu": "AMD Ryzen 7 3700X 8-Core Processor"}}, "results": {"zstdcat -> just_read": {"data": {"wall [s]": [9.35, 9.2, 9.28, 9.22, 9.34], "usr [s]": [6.67, 6.55, 6.61, 6.69, 6.69], "sys [s]": [2.13, 2.12, 2.12, 1.99, 2.09], "cpu [s]": [8.8, 8.67, 8.73, 8.68, 8.780000000000001]}, "command": "zstdcat en.zst | just_read"}, "just_read": {"data": {"wall [s]": [0.53, 0.53, 0.53, 0.52, 0.53], "usr [s]": [0.04, 0.02, 0.03, 0.02, 0.02], "sys [s]": [0.46, 0.49, 0.48, 0.49, 0.5], "cpu [s]": [0.5, 0.51, 0.51, 0.51, 0.52]}, "command": "['just_read', 'en.zst']"}, "zstdcat -> GNU grep": {"data": {"wall [s]": [9.74, 9.73, 10.13, 10.08, 10.08], "usr [s]": [6.34, 6.43, 6.4, 6.58, 6.53], "sys [s]": [1.92, 1.73, 1.77, 1.54, 1.6], "cpu [s]": [8.26, 8.16, 8.17, 8.120000000000001, 8.13]}, "command": "zstdcat en.zst | grep Sherlock"}, "zstdcat -> ripgrep": {"data": {"wall [s]": [9.63, 9.67, 9.49, 9.65, 9.62], "usr [s]": [6.56, 6.41, 6.46, 6.37, 6.49], "sys [s]": [1.69, 1.88, 1.79, 1.86, 1.75], "cpu [s]": [8.25, 8.29, 8.25, 8.23, 8.24]}, "command": "zstdcat en.zst | rg Sherlock"}, "zstdcat -> xs grep": {"data": {"wall [s]": [9.56, 9.69, 9.49, 9.5, 9.46], "usr [s]": [6.48, 6.39, 6.42, 6.4, 6.43], "sys [s]": [1.97, 2.22, 1.99, 2.03, 1.96], "cpu [s]": [8.450000000000001, 8.61, 8.41, 8.43, 8.39]}, "command": "zstdcat en.zst | xs Sherlock"}, "xspp -> xs grep": {"data": {"wall [s]": [1.84, 1.84, 1.83, 1.84, 1.85], "usr [s]": [6.84, 6.83, 6.81, 6.9, 6.88], "sys [s]": [1.17, 1.21, 1.15, 1.14, 1.16], "cpu [s]": [8.01, 8.04, 7.959999999999999, 8.040000000000001, 8.04]}, "command": "['xs', 'Sherlock', 'en.xszst', '-m', 'en.xszst.meta']"}, "xspp -> xs grep --max-readers 2": {"data": {"wall [s]": [1.9, 1.9, 1.89, 1.9, 1.89], "usr [s]": [6.22, 6.29, 6.27, 6.4, 6.23], "sys [s]": [0.91, 0.85, 0.85, 0.76, 0.89], "cpu [s]": [7.13, 7.14, 7.119999999999999, 7.16, 7.12]}, "command": "['xs', 'Sherlock', 'en.xszst', '-m', 'en.xszst.meta', '--max-readers', '2']"}, "zstdcat -> xs grep --no-mmap": {"data": {"wall [s]": [9.51, 9.67, 9.63, 9.55, 9.59], "usr [s]": [6.41, 6.48, 6.34, 6.31, 6.41], "sys [s]": [2.04, 2.1, 2.17, 2.17, 2.1], "cpu [s]": [8.45, 8.58, 8.51, 8.48, 8.51]}, "command": "zstdcat en.zst | xs Sherlock --no-mmap"}, "xspp -> xs grep --no-mmap": {"data": {"wall [s]": [1.83, 1.84, 1.84, 1.85, 1.84], "usr [s]": [6.86, 6.86, 6.91, 6.87, 6.85], "sys [s]": [1.11, 1.17, 1.1, 1.16, 1.15], "cpu [s]": [7.970000000000001, 8.030000000000001, 8.01, 8.03, 8.0]}, "command": "['xs', 'Sherlock', 'en.xszst', '-m', 'en.xszst.meta', '--no-mmap']"}, "xspp -> xs grep --max-readers 2 --no-mmap": {"data": {"wall [s]": [1.99, 1.97, 1.96, 1.97, 1.98], "usr [s]": [6.48, 6.4, 6.52, 6.42, 6.39], "sys [s]": [1.09, 1.11, 0.97, 1.09, 1.1], "cpu [s]": [7.57, 7.510000000000001, 7.489999999999999, 7.51, 7.49]}, "command": "['xs', 'Sherlock', 'en.xszst', '-m', 'en.xszst.meta', '--max-readers', '2', '--no-mmap']"}}}