{"setup": {"name": "Compressed input (ZStandard)", "hardware": {"client": "lena", "cpu": "AMD Ryzen 7 3700X 8-Core Processor"}}, "results": {"zstdcat -> just_read": {"data": {"wall [s]": [9.42, 9.17, 9.47, 9.34, 9.24], "usr [s]": [6.57, 6.61, 6.55, 6.77, 6.62], "sys [s]": [2.32, 2.04, 2.37, 2.02, 2.07], "cpu [s]": [8.89, 8.65, 8.92, 8.79, 8.69]}, "command": "zstdcat en.zst | just_read"}, "just_read": {"data": {"wall [s]": [0.52, 0.53, 0.53, 0.52, 0.53], "usr [s]": [0.02, 0.03, 0.03, 0.01, 0.03], "sys [s]": [0.49, 0.48, 0.48, 0.5, 0.48], "cpu [s]": [0.51, 0.51, 0.51, 0.51, 0.51]}, "command": "['just_read', 'en.zst']"}, "zstdcat -> GNU grep": {"data": {"wall [s]": [10.18, 9.99, 10.05, 10.05, 10.04], "usr [s]": [6.5, 6.42, 6.39, 6.45, 6.51], "sys [s]": [1.72, 1.76, 1.79, 1.64, 1.58], "cpu [s]": [8.22, 8.18, 8.18, 8.09, 8.09]}, "command": "zstdcat en.zst | grep Sherlock"}, "zstdcat -> ripgrep": {"data": {"wall [s]": [9.63, 9.61, 9.54, 9.6, 9.65], "usr [s]": [6.48, 6.5, 6.29, 6.42, 6.59], "sys [s]": [1.75, 1.74, 1.88, 1.78, 1.72], "cpu [s]": [8.23, 8.24, 8.17, 8.2, 8.31]}, "command": "zstdcat en.zst | rg Sherlock"}, "zstdcat -> xs grep": {"data": {"wall [s]": [9.82, 9.5, 9.39, 9.58, 9.68], "usr [s]": [6.57, 6.4, 6.29, 6.48, 6.53], "sys [s]": [2.22, 2.02, 2.01, 2.04, 2.11], "cpu [s]": [8.790000000000001, 8.42, 8.3, 8.52, 8.64]}, "command": "zstdcat en.zst | xs Sherlock"}, "xspp -> xs grep": {"data": {"wall [s]": [1.84, 1.83, 1.85, 1.85, 1.87], "usr [s]": [6.85, 6.82, 6.91, 6.88, 6.87], "sys [s]": [1.2, 1.14, 1.13, 1.15, 1.2], "cpu [s]": [8.049999999999999, 7.96, 8.04, 8.03, 8.07]}, "command": "['xs', 'Sherlock', 'data.xszst', '-m', 'data.xszst.meta']"}, "xspp -> xs grep --max-readers 2": {"data": {"wall [s]": [1.91, 1.9, 1.9, 1.9, 1.9], "usr [s]": [6.33, 6.23, 6.32, 6.31, 6.39], "sys [s]": [0.84, 0.94, 0.84, 0.85, 0.78], "cpu [s]": [7.17, 7.17, 7.16, 7.159999999999999, 7.17]}, "command": "['xs', 'Sherlock', 'data.xszst', '-m', 'data.xszst.meta', '--max-readers', '2']"}, "zstdcat -> xs grep --no-mmap": {"data": {"wall [s]": [9.56, 9.63, 9.6, 9.69, 9.64], "usr [s]": [6.34, 6.52, 6.5, 6.5, 6.46], "sys [s]": [2.17, 1.99, 2.0, 2.1, 2.07], "cpu [s]": [8.51, 8.51, 8.5, 8.6, 8.53]}, "command": "zstdcat en.zst | xs Sherlock --no-mmap"}, "xspp -> xs grep --no-mmap": {"data": {"wall [s]": [1.84, 1.84, 1.85, 1.87, 1.84], "usr [s]": [6.83, 6.84, 6.85, 7.01, 6.8], "sys [s]": [1.17, 1.18, 1.2, 1.11, 1.19], "cpu [s]": [8.0, 8.02, 8.049999999999999, 8.12, 7.99]}, "command": "['xs', 'Sherlock', 'data.xszst', '-m', 'data.xszst.meta', '--no-mmap']"}, "xspp -> xs grep --max-readers 2 --no-mmap": {"data": {"wall [s]": [1.97, 1.98, 1.97, 1.96, 1.98], "usr [s]": [6.42, 6.46, 6.43, 6.41, 6.43], "sys [s]": [1.06, 1.1, 1.13, 1.08, 1.09], "cpu [s]": [7.48, 7.5600000000000005, 7.56, 7.49, 7.52]}, "command": "['xs', 'Sherlock', 'data.xszst', '-m', 'data.xszst.meta', '--max-readers', '2', '--no-mmap']"}}}