{"setup": {"name": "Preprocessed (compressed) input", "hardware": {"client": "lena", "cpu": "AMD Ryzen 7 3700X 8-Core Processor"}}, "results": {"xspp zstd -> xs grep": {"data": {"wall [s]": [1.84, 1.83, 1.84, 1.84, 1.83], "usr [s]": [6.86, 6.89, 6.91, 6.9, 6.86], "sys [s]": [1.19, 1.12, 1.12, 1.13, 1.16], "cpu [s]": [8.05, 8.01, 8.030000000000001, 8.030000000000001, 8.02]}, "command": "['xs', 'Sherlock', 'data.xszst', '-m', 'data.xszst.meta']"}, "xspp lz4 -> xs grep": {"data": {"wall [s]": [2.23, 2.22, 2.21, 2.22, 2.22], "usr [s]": [4.97, 5.09, 4.97, 5.03, 5.06], "sys [s]": [2.25, 2.22, 2.26, 2.3, 2.28], "cpu [s]": [7.22, 7.3100000000000005, 7.2299999999999995, 7.33, 7.34]}, "command": "['xs', 'Sherlock', 'data.xslz4', '-m', 'data.xslz4.meta']"}, "xspp lz4 hc -> xs grep": {"data": {"wall [s]": [1.68, 1.67, 1.69, 1.69, 1.7], "usr [s]": [4.33, 4.1, 4.09, 4.06, 4.05], "sys [s]": [1.69, 1.7, 1.72, 1.73, 1.73], "cpu [s]": [6.02, 5.8, 5.81, 5.789999999999999, 5.779999999999999]}, "command": "['xs', 'Sherlock', 'en.hc.xslz4', '-m', 'en.hc.xslz4.meta']"}, "xspp zstd -> xs grep*": {"data": {"wall [s]": [1.89, 1.9, 1.9, 1.9, 1.9], "usr [s]": [6.16, 6.32, 6.22, 6.32, 6.29], "sys [s]": [0.96, 0.82, 0.93, 0.83, 0.86], "cpu [s]": [7.12, 7.140000000000001, 7.1499999999999995, 7.15, 7.15]}, "command": "['xs', 'Sherlock', 'data.xszst', '-m', 'data.xszst.meta', '--max-readers', '4']"}, "xspp lz4 -> xs grep*": {"data": {"wall [s]": [1.63, 1.63, 1.63, 1.63, 1.63], "usr [s]": [4.04, 3.94, 4.0, 4.1, 3.92], "sys [s]": [1.86, 1.95, 1.88, 1.8, 1.97], "cpu [s]": [5.9, 5.89, 5.88, 5.8999999999999995, 5.89]}, "command": "['xs', 'Sherlock', 'data.xslz4', '-m', 'data.xslz4.meta', '--max-readers', '4']"}, "xspp lz4 hc -> xs grep*": {"data": {"wall [s]": [1.42, 1.42, 1.41, 1.41, 1.42], "usr [s]": [3.92, 3.89, 3.82, 3.82, 3.93], "sys [s]": [1.21, 1.23, 1.3, 1.31, 1.2], "cpu [s]": [5.13, 5.12, 5.12, 5.13, 5.13]}, "command": "['xs', 'Sherlock', 'en.hc.xslz4', '-m', 'en.hc.xslz4.meta', '--max-readers', '4']"}}}