{"setup": {"name": "Preprocessed (compressed) input", "hardware": {"client": "lena", "cpu": "AMD Ryzen 7 3700X 8-Core Processor"}}, "results": {"xspp zstd -> xs grep": {"data": {"wall [s]": [1.84, 1.82, 1.84, 1.85, 1.84], "usr [s]": [6.86, 6.77, 6.93, 6.87, 6.89], "sys [s]": [1.2, 1.19, 1.11, 1.19, 1.11], "cpu [s]": [8.06, 7.959999999999999, 8.04, 8.06, 8.0]}, "command": "['xs', 'Sherlock', 'en.xszst', '-m', 'en.xszst.meta']"}, "xspp lz4 -> xs grep": {"data": {"wall [s]": [2.25, 2.22, 2.22, 2.23, 2.22], "usr [s]": [4.78, 5.05, 4.96, 5.06, 4.98], "sys [s]": [2.28, 2.26, 2.28, 2.27, 2.26], "cpu [s]": [7.0600000000000005, 7.31, 7.24, 7.33, 7.24]}, "command": "['xs', 'Sherlock', 'en.xslz4', '-m', 'en.xslz4.meta']"}, "xspp lz4 hc -> xs grep": {"data": {"wall [s]": [1.68, 1.66, 1.67, 1.68, 1.69], "usr [s]": [4.32, 4.12, 4.07, 4.11, 4.08], "sys [s]": [1.72, 1.69, 1.74, 1.69, 1.74], "cpu [s]": [6.04, 5.8100000000000005, 5.8100000000000005, 5.800000000000001, 5.82]}, "command": "['xs', 'Sherlock', 'en.hc.xslz4', '-m', 'en.hc.xslz4.meta']"}, "xspp zstd -> xs grep*": {"data": {"wall [s]": [1.91, 1.9, 1.89, 1.88, 1.89], "usr [s]": [6.32, 6.26, 6.3, 6.27, 6.2], "sys [s]": [0.84, 0.86, 0.83, 0.81, 0.92], "cpu [s]": [7.16, 7.12, 7.13, 7.08, 7.12]}, "command": "['xs', 'Sherlock', 'en.xszst', '-m', 'en.xszst.meta', '--max-readers', '4']"}, "xspp lz4 -> xs grep*": {"data": {"wall [s]": [1.63, 1.63, 1.63, 1.64, 1.64], "usr [s]": [4.12, 4.13, 4.21, 4.17, 4.0], "sys [s]": [1.79, 1.77, 1.69, 1.74, 1.89], "cpu [s]": [5.91, 5.9, 5.9, 5.91, 5.89]}, "command": "['xs', 'Sherlock', 'en.xslz4', '-m', 'en.xslz4.meta', '--max-readers', '4']"}, "xspp lz4 hc -> xs grep*": {"data": {"wall [s]": [1.41, 1.42, 1.41, 1.42, 1.43], "usr [s]": [3.75, 3.85, 3.97, 3.86, 3.92], "sys [s]": [1.36, 1.26, 1.14, 1.25, 1.21], "cpu [s]": [5.11, 5.11, 5.11, 5.109999999999999, 5.13]}, "command": "['xs', 'Sherlock', 'en.hc.xslz4', '-m', 'en.hc.xslz4.meta', '--max-readers', '4']"}}}