{"setup": {"name": "search lines (regex 'She[r ]lock')", "hardware": {"client": "lena", "cpu": "AMD Ryzen 7 3700X 8-Core Processor"}}, "results": {"GNU grep": {"data": {"wall [s]": [15.0, 15.12, 14.87, 15.18, 14.84], "usr [s]": [12.57, 12.65, 12.34, 12.71, 12.37], "sys [s]": [2.42, 2.45, 2.51, 2.46, 2.46], "cpu [s]": [14.99, 15.100000000000001, 14.85, 15.170000000000002, 14.829999999999998]}, "command": "['grep', 'She[r ]lock', 'en.txt', '-i']"}, "ripgrep": {"data": {"wall [s]": [4.47, 4.47, 4.54, 4.46, 4.48], "usr [s]": [2.29, 2.32, 2.31, 2.3, 2.34], "sys [s]": [2.12, 2.08, 2.17, 2.1, 2.08], "cpu [s]": [4.41, 4.4, 4.48, 4.4, 4.42]}, "command": "['rg', 'She[r ]lock', 'en.txt', '-i']"}, "xs grep -j 1": {"data": {"wall [s]": [13.68, 13.66, 13.61, 13.44, 13.66], "usr [s]": [11.76, 11.84, 11.82, 11.63, 11.85], "sys [s]": [2.13, 2.14, 2.11, 2.14, 2.1], "cpu [s]": [13.89, 13.98, 13.93, 13.770000000000001, 13.95]}, "command": "['xs', 'She[r ]lock', 'en.txt', '-i', '-j', '1']"}, "xs grep": {"data": {"wall [s]": [3.63, 3.6, 3.61, 3.62, 3.63], "usr [s]": [12.03, 12.14, 11.99, 12.05, 12.3], "sys [s]": [2.71, 2.47, 2.7, 2.64, 2.43], "cpu [s]": [14.739999999999998, 14.610000000000001, 14.690000000000001, 14.690000000000001, 14.73]}, "command": "['xs', 'She[r ]lock', 'en.txt', '-i']"}, "xs grep -j": {"data": {"wall [s]": [1.98, 2.0, 1.99, 2.01, 1.97], "usr [s]": [12.58, 12.68, 12.45, 12.78, 12.47], "sys [s]": [3.05, 3.19, 3.31, 3.25, 3.19], "cpu [s]": [15.629999999999999, 15.87, 15.76, 16.03, 15.66]}, "command": "['xs', 'She[r ]lock', 'en.txt', '-i', '-j']"}, "xs grep -j 1 --no-mmap": {"data": {"wall [s]": [11.71, 11.76, 11.7, 11.89, 11.61], "usr [s]": [11.58, 11.62, 11.57, 11.76, 11.5], "sys [s]": [4.65, 4.67, 4.67, 4.66, 4.55], "cpu [s]": [16.23, 16.29, 16.240000000000002, 16.42, 16.05]}, "command": "['xs', 'She[r ]lock', 'en.txt', '-i', '-j', '1', '--no-mmap']"}, "xs grep --no-mmap": {"data": {"wall [s]": [3.5, 3.5, 3.49, 3.44, 3.48], "usr [s]": [12.05, 11.96, 12.12, 12.08, 12.15], "sys [s]": [3.46, 3.47, 3.44, 3.38, 3.45], "cpu [s]": [15.510000000000002, 15.430000000000001, 15.559999999999999, 15.46, 15.600000000000001]}, "command": "['xs', 'She[r ]lock', 'en.txt', '-i', '--no-mmap']"}, "xs grep -j --no-mmap": {"data": {"wall [s]": [3.63, 3.63, 3.65, 3.56, 3.59], "usr [s]": [13.23, 13.14, 13.09, 12.22, 12.6], "sys [s]": [3.65, 3.65, 3.68, 3.53, 3.58], "cpu [s]": [16.88, 16.79, 16.77, 15.75, 16.18]}, "command": "['xs', 'She[r ]lock', 'en.txt', '-i', '-j', '--no-mmap']"}}}