{"setup": {"name": "search lines (regex ' [sS][A-Za-z]*k ')", "hardware": {"client": "lena", "cpu": "AMD Ryzen 7 3700X 8-Core Processor"}}, "results": {"GNU grep": {"data": {"wall [s]": [26.3, 26.24, 26.11, 25.9, 25.92], "usr [s]": [23.78, 23.58, 23.65, 23.28, 23.22], "sys [s]": [2.5, 2.65, 2.45, 2.6, 2.68], "cpu [s]": [26.28, 26.229999999999997, 26.099999999999998, 25.880000000000003, 25.9]}, "command": "['grep', ' [sS][A-Za-z]*k ', 'en.txt']"}, "ripgrep": {"data": {"wall [s]": [6.71, 6.75, 6.82, 6.75, 6.76], "usr [s]": [4.55, 4.53, 4.51, 4.53, 4.58], "sys [s]": [2.1, 2.16, 2.24, 2.15, 2.12], "cpu [s]": [6.65, 6.69, 6.75, 6.68, 6.7]}, "command": "['rg', ' [sS][A-Za-z]*k ', 'en.txt']"}, "xs grep -j 1": {"data": {"wall [s]": [13.03, 13.16, 13.16, 13.58, 13.15], "usr [s]": [11.06, 10.89, 11.01, 11.37, 11.2], "sys [s]": [2.22, 2.44, 2.29, 2.38, 2.1], "cpu [s]": [13.280000000000001, 13.33, 13.3, 13.75, 13.299999999999999]}, "command": "['xs', ' [sS][A-Za-z]*k ', 'en.txt', '-j', '1']"}, "xs grep": {"data": {"wall [s]": [3.58, 3.6, 3.57, 3.57, 3.54], "usr [s]": [11.78, 11.88, 11.75, 11.91, 11.67], "sys [s]": [2.77, 2.76, 2.74, 2.59, 2.75], "cpu [s]": [14.549999999999999, 14.64, 14.49, 14.5, 14.42]}, "command": "['xs', ' [sS][A-Za-z]*k ', 'en.txt']"}, "xs grep -j": {"data": {"wall [s]": [1.93, 2.02, 2.0, 1.97, 2.0], "usr [s]": [12.18, 12.89, 12.5, 12.27, 12.47], "sys [s]": [3.22, 3.2, 3.33, 3.41, 3.45], "cpu [s]": [15.4, 16.09, 15.83, 15.68, 15.920000000000002]}, "command": "['xs', ' [sS][A-Za-z]*k ', 'en.txt', '-j']"}, "xs grep -j 1 --no-mmap": {"data": {"wall [s]": [11.37, 11.32, 11.67, 11.32, 11.94], "usr [s]": [11.02, 10.97, 11.34, 11.01, 11.61], "sys [s]": [4.71, 4.66, 4.6, 4.69, 4.63], "cpu [s]": [15.73, 15.63, 15.94, 15.7, 16.24]}, "command": "['xs', ' [sS][A-Za-z]*k ', 'en.txt', '-j', '1', '--no-mmap']"}, "xs grep --no-mmap": {"data": {"wall [s]": [3.48, 3.48, 3.5, 3.52, 3.51], "usr [s]": [11.77, 11.75, 11.7, 11.76, 11.93], "sys [s]": [3.46, 3.46, 3.51, 3.49, 3.49], "cpu [s]": [15.23, 15.21, 15.209999999999999, 15.25, 15.42]}, "command": "['xs', ' [sS][A-Za-z]*k ', 'en.txt', '--no-mmap']"}, "xs grep -j --no-mmap": {"data": {"wall [s]": [3.57, 3.59, 3.65, 3.64, 3.57], "usr [s]": [12.17, 12.6, 12.97, 12.95, 12.52], "sys [s]": [3.55, 3.62, 3.68, 3.69, 3.56], "cpu [s]": [15.719999999999999, 16.22, 16.650000000000002, 16.64, 16.08]}, "command": "['xs', ' [sS][A-Za-z]*k ', 'en.txt', '-j', '--no-mmap']"}}}