{"setup": {"name": "search lines (regex 'She[r ]lock')", "hardware": {"client": "lena", "cpu": "AMD Ryzen 7 3700X 8-Core Processor"}}, "results": {"GNU grep": {"data": {"wall [s]": [8.4, 8.44, 8.41, 8.44, 8.43], "usr [s]": [5.87, 5.88, 5.92, 6.0, 5.89], "sys [s]": [2.52, 2.54, 2.47, 2.43, 2.53], "cpu [s]": [8.39, 8.42, 8.39, 8.43, 8.42]}, "command": "['grep', 'She[r ]lock', 'data.txt', '-n']"}, "ripgrep": {"data": {"wall [s]": [3.57, 3.57, 3.6, 3.57, 3.57], "usr [s]": [1.24, 1.31, 1.25, 1.31, 1.25], "sys [s]": [2.25, 2.19, 2.28, 2.19, 2.25], "cpu [s]": [3.49, 3.5, 3.53, 3.5, 3.5]}, "command": "['rg', 'She[r ]lock', 'data.txt', '-n']"}, "xs grep -j 1": {"data": {"wall [s]": [5.97, 5.92, 5.96, 5.96, 5.99], "usr [s]": [3.9, 3.99, 3.92, 3.95, 3.83], "sys [s]": [2.45, 2.27, 2.42, 2.37, 2.55], "cpu [s]": [6.35, 6.26, 6.34, 6.32, 6.38]}, "command": "['xs', 'She[r ]lock', 'data.txt', '-n', '-j', '1']"}, "xs grep": {"data": {"wall [s]": [2.11, 2.18, 2.2, 2.13, 2.2], "usr [s]": [4.47, 4.28, 4.47, 4.53, 4.44], "sys [s]": [3.51, 3.81, 3.65, 3.5, 3.7], "cpu [s]": [7.9799999999999995, 8.09, 8.12, 8.030000000000001, 8.14]}, "command": "['xs', 'She[r ]lock', 'data.txt', '-n']"}, "xs grep -j": {"data": {"wall [s]": [1.83, 1.77, 1.75, 1.73, 1.75], "usr [s]": [6.06, 5.82, 5.87, 5.73, 5.72], "sys [s]": [5.91, 6.86, 6.01, 5.21, 5.98], "cpu [s]": [11.969999999999999, 12.68, 11.879999999999999, 10.940000000000001, 11.7]}, "command": "['xs', 'She[r ]lock', 'data.txt', '-n', '-j']"}, "xs grep -j 1 --no-mmap": {"data": {"wall [s]": [4.13, 4.13, 4.07, 4.11, 4.08], "usr [s]": [3.98, 3.94, 3.88, 3.93, 3.89], "sys [s]": [3.79, 3.87, 3.83, 3.85, 3.81], "cpu [s]": [7.77, 7.8100000000000005, 7.71, 7.78, 7.7]}, "command": "['xs', 'She[r ]lock', 'data.txt', '-n', '-j', '1', '--no-mmap']"}, "xs grep --no-mmap": {"data": {"wall [s]": [3.72, 3.81, 3.72, 3.74, 3.71], "usr [s]": [7.32, 6.79, 6.88, 6.68, 7.26], "sys [s]": [3.7, 3.84, 3.73, 3.75, 3.7], "cpu [s]": [11.02, 10.629999999999999, 10.61, 10.43, 10.96]}, "command": "['xs', 'She[r ]lock', 'data.txt', '-n', '--no-mmap']"}, "xs grep -j --no-mmap": {"data": {"wall [s]": [3.86, 3.71, 3.7, 3.72, 3.78], "usr [s]": [6.66, 7.18, 7.09, 7.12, 7.26], "sys [s]": [3.89, 3.72, 3.71, 3.72, 3.77], "cpu [s]": [10.55, 10.9, 10.8, 10.84, 11.03]}, "command": "['xs', 'She[r ]lock', 'data.txt', '-n', '-j', '--no-mmap']"}}}