{"setup": {"name": "search lines (regex ' [sS][A-Za-z]*[kK] ')", "hardware": {"client": "lena", "cpu": "AMD Ryzen 7 3700X 8-Core Processor"}}, "results": {"GNU grep": {"data": {"wall [s]": [35.04, 35.1, 35.37, 35.03, 35.37], "usr [s]": [32.64, 32.46, 32.66, 32.58, 32.66], "sys [s]": [2.38, 2.62, 2.69, 2.43, 2.7], "cpu [s]": [35.02, 35.08, 35.349999999999994, 35.01, 35.36]}, "command": "['grep', ' [sS][A-Za-z]*[kK] ', 'en.txt']"}, "ripgrep": {"data": {"wall [s]": [23.56, 23.89, 23.07, 23.2, 23.2], "usr [s]": [21.36, 21.6, 20.91, 20.94, 20.88], "sys [s]": [2.14, 2.23, 2.11, 2.19, 2.26], "cpu [s]": [23.5, 23.830000000000002, 23.02, 23.130000000000003, 23.14]}, "command": "['rg', ' [sS][A-Za-z]*[kK] ', 'en.txt']"}, "xs grep -j 1": {"data": {"wall [s]": [13.16, 13.48, 13.05, 13.16, 13.27], "usr [s]": [11.07, 11.59, 11.0, 11.06, 11.25], "sys [s]": [2.26, 2.18, 2.29, 2.27, 2.14], "cpu [s]": [13.33, 13.77, 13.29, 13.33, 13.39]}, "command": "['xs', ' [sS][A-Za-z]*[kK] ', 'en.txt', '-j', '1']"}, "xs grep": {"data": {"wall [s]": [3.65, 3.58, 3.55, 3.64, 3.57], "usr [s]": [12.02, 11.9, 11.81, 12.08, 11.74], "sys [s]": [2.81, 2.66, 2.66, 2.67, 2.8], "cpu [s]": [14.83, 14.56, 14.47, 14.75, 14.54]}, "command": "['xs', ' [sS][A-Za-z]*[kK] ', 'en.txt']"}, "xs grep -j": {"data": {"wall [s]": [1.96, 2.0, 1.98, 1.98, 1.97], "usr [s]": [12.41, 12.6, 12.49, 12.48, 12.35], "sys [s]": [3.17, 3.32, 3.2, 3.3, 3.36], "cpu [s]": [15.58, 15.92, 15.690000000000001, 15.780000000000001, 15.709999999999999]}, "command": "['xs', ' [sS][A-Za-z]*[kK] ', 'en.txt', '-j']"}, "xs grep -j 1 --no-mmap": {"data": {"wall [s]": [11.86, 11.08, 11.47, 11.22, 11.16], "usr [s]": [11.57, 10.77, 11.15, 11.04, 10.86], "sys [s]": [4.62, 4.57, 4.65, 4.63, 4.57], "cpu [s]": [16.19, 15.34, 15.8, 15.669999999999998, 15.43]}, "command": "['xs', ' [sS][A-Za-z]*[kK] ', 'en.txt', '-j', '1', '--no-mmap']"}, "xs grep --no-mmap": {"data": {"wall [s]": [3.47, 3.48, 3.5, 3.5, 3.5], "usr [s]": [11.74, 11.83, 11.75, 12.05, 11.68], "sys [s]": [3.46, 3.49, 3.5, 3.5, 3.5], "cpu [s]": [15.2, 15.32, 15.25, 15.55, 15.18]}, "command": "['xs', ' [sS][A-Za-z]*[kK] ', 'en.txt', '--no-mmap']"}, "xs grep -j --no-mmap": {"data": {"wall [s]": [3.61, 3.59, 3.56, 3.63, 3.58], "usr [s]": [12.55, 12.61, 12.47, 12.88, 12.47], "sys [s]": [3.65, 3.64, 3.53, 3.63, 3.61], "cpu [s]": [16.2, 16.25, 16.0, 16.51, 16.080000000000002]}, "command": "['xs', ' [sS][A-Za-z]*[kK] ', 'en.txt', '-j', '--no-mmap']"}}}