{"setup": {"name": "search lines (regex ' [sS][A-Za-z]*k ', ignore case)", "hardware": {"client": "lena", "cpu": "AMD Ryzen 7 3700X 8-Core Processor"}}, "results": {"GNU grep": {"data": {"wall [s]": [38.01, 36.98, 36.72, 36.92, 37.51], "usr [s]": [35.48, 34.36, 34.34, 34.18, 35.02], "sys [s]": [2.52, 2.6, 2.36, 2.73, 2.47], "cpu [s]": [38.0, 36.96, 36.7, 36.91, 37.49]}, "command": "['grep', ' [sS][A-Za-z]*k ', 'data.txt', '-i']"}, "ripgrep": {"data": {"wall [s]": [23.23, 23.69, 23.3, 23.18, 24.16], "usr [s]": [21.09, 21.47, 21.01, 20.88, 22.05], "sys [s]": [2.08, 2.15, 2.23, 2.23, 2.05], "cpu [s]": [23.17, 23.619999999999997, 23.240000000000002, 23.11, 24.1]}, "command": "['rg', ' [sS][A-Za-z]*k ', 'data.txt', '-i']"}, "xs grep -j 1": {"data": {"wall [s]": [29.23, 29.75, 28.8, 28.76, 28.6], "usr [s]": [27.35, 27.77, 26.95, 26.8, 26.71], "sys [s]": [2.18, 2.28, 2.17, 2.29, 2.2], "cpu [s]": [29.53, 30.05, 29.119999999999997, 29.09, 28.91]}, "command": "['xs', ' [sS][A-Za-z]*k ', 'data.txt', '-j', '1', '-i']"}, "xs grep": {"data": {"wall [s]": [7.71, 7.59, 7.63, 7.67, 7.61], "usr [s]": [28.44, 28.05, 28.18, 28.44, 28.13], "sys [s]": [2.56, 2.5, 2.53, 2.39, 2.49], "cpu [s]": [31.0, 30.55, 30.71, 30.830000000000002, 30.619999999999997]}, "command": "['xs', ' [sS][A-Za-z]*k ', 'data.txt', '-i']"}, "xs grep -j": {"data": {"wall [s]": [3.97, 3.97, 3.98, 3.99, 4.02], "usr [s]": [29.2, 28.99, 29.05, 29.04, 29.23], "sys [s]": [2.44, 2.71, 2.7, 2.82, 2.74], "cpu [s]": [31.64, 31.7, 31.75, 31.86, 31.97]}, "command": "['xs', ' [sS][A-Za-z]*k ', 'data.txt', '-i', '-j']"}, "xs grep -j 1 --no-mmap": {"data": {"wall [s]": [27.1, 27.73, 27.47, 27.38, 27.06], "usr [s]": [26.86, 27.42, 27.16, 27.06, 26.84], "sys [s]": [4.76, 4.8, 4.7, 4.8, 4.26], "cpu [s]": [31.619999999999997, 32.22, 31.86, 31.86, 31.1]}, "command": "['xs', ' [sS][A-Za-z]*k ', 'data.txt', '-j', '1', '-i', '--no-mmap']"}, "xs grep --no-mmap": {"data": {"wall [s]": [7.19, 7.24, 7.22, 7.24, 7.27], "usr [s]": [28.17, 28.37, 28.32, 28.36, 28.51], "sys [s]": [4.06, 4.14, 3.9, 4.03, 3.82], "cpu [s]": [32.230000000000004, 32.51, 32.22, 32.39, 32.33]}, "command": "['xs', ' [sS][A-Za-z]*k ', 'data.txt', '-i', '--no-mmap']"}, "xs grep -j --no-mmap": {"data": {"wall [s]": [4.09, 4.11, 4.11, 4.09, 4.11], "usr [s]": [31.53, 31.73, 31.54, 31.56, 31.64], "sys [s]": [3.65, 3.7, 3.7, 3.64, 3.68], "cpu [s]": [35.18, 35.43, 35.24, 35.199999999999996, 35.32]}, "command": "['xs', ' [sS][A-Za-z]*k ', 'data.txt', '-i', '-j', '--no-mmap']"}}}