{"setup": {"name": "search lines (regex ' [sS][A-Za-z]*k ', line number)", "hardware": {"client": "lena", "cpu": "AMD Ryzen 7 3700X 8-Core Processor"}}, "results": {"GNU grep": {"data": {"wall [s]": [28.84, 29.47, 29.43, 29.4, 28.93], "usr [s]": [26.25, 26.81, 26.87, 26.98, 26.33], "sys [s]": [2.57, 2.64, 2.54, 2.4, 2.58], "cpu [s]": [28.82, 29.45, 29.41, 29.38, 28.909999999999997]}, "command": "['grep', ' [sS][A-Za-z]*k ', 'data.txt', '-n']"}, "ripgrep": {"data": {"wall [s]": [6.92, 6.86, 6.83, 6.87, 6.87], "usr [s]": [4.57, 4.61, 4.87, 4.68, 4.7], "sys [s]": [2.29, 2.19, 1.91, 2.13, 2.09], "cpu [s]": [6.86, 6.800000000000001, 6.78, 6.81, 6.79]}, "command": "['rg', ' [sS][A-Za-z]*k ', 'data.txt', '-n']"}, "xs grep -j 1": {"data": {"wall [s]": [16.79, 17.06, 16.85, 17.27, 17.29], "usr [s]": [14.41, 14.76, 14.56, 15.07, 14.93], "sys [s]": [2.6, 2.52, 2.47, 2.42, 2.61], "cpu [s]": [17.01, 17.28, 17.03, 17.490000000000002, 17.54]}, "command": "['xs', ' [sS][A-Za-z]*k ', 'data.txt', '-j', '1', '-n']"}, "xs grep": {"data": {"wall [s]": [4.58, 4.46, 4.43, 4.61, 4.51], "usr [s]": [15.65, 15.37, 15.18, 15.39, 15.57], "sys [s]": [2.81, 2.64, 2.67, 3.02, 2.64], "cpu [s]": [18.46, 18.009999999999998, 17.85, 18.41, 18.21]}, "command": "['xs', ' [sS][A-Za-z]*k ', 'data.txt', '-n']"}, "xs grep -j": {"data": {"wall [s]": [2.45, 2.48, 2.49, 2.46, 2.45], "usr [s]": [15.76, 16.15, 16.13, 15.96, 15.91], "sys [s]": [3.61, 3.42, 3.5, 3.34, 3.41], "cpu [s]": [19.37, 19.57, 19.63, 19.3, 19.32]}, "command": "['xs', ' [sS][A-Za-z]*k ', 'data.txt', '-n', '-j']"}, "xs grep -j 1 --no-mmap": {"data": {"wall [s]": [15.47, 14.97, 15.03, 15.56, 15.19], "usr [s]": [15.17, 14.71, 14.75, 15.34, 14.9], "sys [s]": [4.55, 4.54, 4.49, 4.5, 4.52], "cpu [s]": [19.72, 19.25, 19.240000000000002, 19.84, 19.42]}, "command": "['xs', ' [sS][A-Za-z]*k ', 'data.txt', '-j', '1', '-n', '--no-mmap']"}, "xs grep --no-mmap": {"data": {"wall [s]": [4.08, 4.11, 4.1, 4.09, 4.06], "usr [s]": [15.79, 15.91, 15.8, 15.75, 15.7], "sys [s]": [3.8, 3.77, 3.79, 3.78, 3.77], "cpu [s]": [19.59, 19.68, 19.59, 19.53, 19.47]}, "command": "['xs', ' [sS][A-Za-z]*k ', 'data.txt', '-n', '--no-mmap']"}, "xs grep -j --no-mmap": {"data": {"wall [s]": [3.82, 3.83, 3.8, 3.85, 3.8], "usr [s]": [16.52, 16.4, 16.54, 16.5, 16.76], "sys [s]": [3.86, 3.89, 3.86, 3.88, 3.84], "cpu [s]": [20.38, 20.29, 20.4, 20.38, 20.6]}, "command": "['xs', ' [sS][A-Za-z]*k ', 'data.txt', '-n', '-j', '--no-mmap']"}}}