{"setup": {"name": "search lines (literal 'Sherlock' line numbers)", "hardware": {"client": "lena", "cpu": "AMD Ryzen 7 3700X 8-Core Processor"}}, "results": {"GNU grep": {"data": {"wall [s]": [7.66, 7.71, 7.72, 7.64, 7.81], "usr [s]": [5.17, 5.16, 4.96, 5.12, 5.33], "sys [s]": [2.48, 2.54, 2.74, 2.5, 2.47], "cpu [s]": [7.65, 7.7, 7.7, 7.62, 7.800000000000001]}, "command": "['grep', 'Sherlock', 'data.txt', '-n']"}, "ripgrep": {"data": {"wall [s]": [3.19, 3.15, 3.21, 3.17, 3.15], "usr [s]": [0.9, 0.89, 0.9, 1.0, 0.94], "sys [s]": [2.22, 2.19, 2.24, 2.11, 2.14], "cpu [s]": [3.12, 3.08, 3.14, 3.11, 3.08]}, "command": "['rg', 'Sherlock', 'data.txt', '-n']"}, "xs grep -j 1": {"data": {"wall [s]": [5.76, 5.79, 5.84, 5.74, 5.81], "usr [s]": [3.72, 3.73, 3.78, 3.62, 3.83], "sys [s]": [2.43, 2.46, 2.45, 2.51, 2.34], "cpu [s]": [6.15, 6.1899999999999995, 6.23, 6.13, 6.17]}, "command": "['xs', 'Sherlock', 'data.txt', '-n', '-j', '1']"}, "xs grep": {"data": {"wall [s]": [2.15, 2.17, 2.06, 2.19, 1.94], "usr [s]": [4.27, 4.35, 4.26, 4.41, 4.33], "sys [s]": [3.79, 3.71, 3.56, 3.72, 3.33], "cpu [s]": [8.059999999999999, 8.059999999999999, 7.82, 8.13, 7.66]}, "command": "['xs', 'Sherlock', 'data.txt', '-n']"}, "xs grep -j": {"data": {"wall [s]": [1.78, 1.8, 1.79, 1.78, 1.8], "usr [s]": [5.91, 6.23, 5.95, 5.49, 5.68], "sys [s]": [6.47, 6.53, 6.77, 5.49, 6.43], "cpu [s]": [12.379999999999999, 12.760000000000002, 12.719999999999999, 10.98, 12.11]}, "command": "['xs', 'Sherlock', 'data.txt', '-n', '-j']"}, "xs grep -j 1 --no-mmap": {"data": {"wall [s]": [4.03, 4.08, 4.14, 4.06, 4.09], "usr [s]": [3.82, 3.79, 3.93, 3.91, 3.88], "sys [s]": [3.8, 3.94, 3.86, 3.77, 3.89], "cpu [s]": [7.619999999999999, 7.73, 7.79, 7.68, 7.77]}, "command": "['xs', 'Sherlock', 'data.txt', '-n', '-j', '1', '--no-mmap']"}, "xs grep --no-mmap": {"data": {"wall [s]": [3.97, 3.79, 3.76, 3.93, 3.92], "usr [s]": [6.98, 7.03, 6.8, 6.95, 6.53], "sys [s]": [4.03, 3.82, 3.78, 4.0, 3.97], "cpu [s]": [11.010000000000002, 10.85, 10.58, 10.95, 10.5]}, "command": "['xs', 'Sherlock', 'data.txt', '-n', '--no-mmap']"}, "xs grep -j --no-mmap": {"data": {"wall [s]": [3.9, 3.94, 3.96, 3.57, 3.86], "usr [s]": [7.06, 6.98, 7.0, 6.99, 7.03], "sys [s]": [3.96, 4.0, 4.01, 3.55, 3.88], "cpu [s]": [11.02, 10.98, 11.01, 10.54, 10.91]}, "command": "['xs', 'Sherlock', 'data.txt', '-n', '-j', '--no-mmap']"}, "GNU grep*": {"data": {"wall [s]": [7.71, 7.59, 7.7, 7.66, 7.67], "usr [s]": [5.16, 5.12, 5.29, 5.23, 5.25], "sys [s]": [2.54, 2.46, 2.4, 2.42, 2.41], "cpu [s]": [7.7, 7.58, 7.6899999999999995, 7.65, 7.66]}, "command": "['grep', 'sherlock', 'data.txt', '-n']"}, "ripgrep*": {"data": {"wall [s]": [3.31, 3.3, 3.27, 3.3, 3.25], "usr [s]": [1.1, 1.1, 1.12, 1.13, 1.13], "sys [s]": [2.13, 2.13, 2.08, 2.1, 2.05], "cpu [s]": [3.23, 3.23, 3.2, 3.23, 3.1799999999999997]}, "command": "['rg', 'sherlock', 'data.txt', '-n']"}, "xs grep -j 1*": {"data": {"wall [s]": [5.7, 5.8, 5.8, 5.79, 5.74], "usr [s]": [3.81, 3.89, 3.87, 3.79, 3.73], "sys [s]": [2.2, 2.3, 2.3, 2.32, 2.4], "cpu [s]": [6.01, 6.1899999999999995, 6.17, 6.109999999999999, 6.13]}, "command": "['xs', 'sherlock', 'data.txt', '-n', '-j', '1']"}, "xs grep*": {"data": {"wall [s]": [2.21, 2.1, 2.14, 2.05, 2.1], "usr [s]": [4.4, 4.43, 4.35, 4.32, 4.46], "sys [s]": [3.7, 3.5, 3.62, 3.46, 3.46], "cpu [s]": [8.100000000000001, 7.93, 7.97, 7.78, 7.92]}, "command": "['xs', 'sherlock', 'data.txt', '-n']"}, "xs grep -j*": {"data": {"wall [s]": [1.76, 1.77, 1.75, 1.76, 1.74], "usr [s]": [6.01, 5.73, 5.85, 5.82, 5.56], "sys [s]": [6.29, 6.0, 6.2, 5.77, 5.5], "cpu [s]": [12.3, 11.73, 12.05, 11.59, 11.059999999999999]}, "command": "['xs', 'sherlock', 'data.txt', '-n', '-j']"}, "xs grep -j 1 --no-mmap*": {"data": {"wall [s]": [4.14, 4.16, 4.06, 4.11, 4.03], "usr [s]": [3.95, 3.99, 3.89, 3.93, 3.88], "sys [s]": [3.84, 3.81, 3.77, 3.83, 3.77], "cpu [s]": [7.79, 7.800000000000001, 7.66, 7.76, 7.65]}, "command": "['xs', 'sherlock', 'data.txt', '-n', '-j', '1', '--no-mmap']"}, "xs grep --no-mmap*": {"data": {"wall [s]": [3.59, 3.86, 3.74, 3.73, 3.86], "usr [s]": [7.09, 6.56, 7.1, 7.03, 6.63], "sys [s]": [3.56, 3.9, 3.77, 3.76, 3.9], "cpu [s]": [10.65, 10.459999999999999, 10.87, 10.79, 10.53]}, "command": "['xs', 'sherlock', 'data.txt', '-n', '--no-mmap']"}, "xs grep -j --no-mmap*": {"data": {"wall [s]": [3.92, 3.75, 3.87, 3.65, 3.84], "usr [s]": [6.88, 6.53, 7.0, 6.63, 7.09], "sys [s]": [3.96, 3.78, 3.89, 3.62, 3.9], "cpu [s]": [10.84, 10.31, 10.89, 10.25, 10.99]}, "command": "['xs', 'sherlock', 'data.txt', '-n', '-j', '--no-mmap']"}}}