{"setup": {"name": "search lines (literal 'Sherlock' ignore case)", "hardware": {"client": "lena", "cpu": "AMD Ryzen 7 3700X 8-Core Processor"}}, "results": {"GNU grep": {"data": {"wall [s]": [14.97, 14.97, 14.96, 14.92, 14.82], "usr [s]": [12.45, 12.39, 12.36, 12.41, 12.45], "sys [s]": [2.51, 2.56, 2.58, 2.5, 2.35], "cpu [s]": [14.959999999999999, 14.950000000000001, 14.94, 14.91, 14.799999999999999]}, "command": "['grep', 'Sherlock', 'en.txt', '-i']"}, "ripgrep": {"data": {"wall [s]": [3.51, 3.5, 3.48, 3.53, 3.46], "usr [s]": [1.34, 1.4, 1.27, 1.37, 1.37], "sys [s]": [2.1, 2.04, 2.14, 2.09, 2.02], "cpu [s]": [3.4400000000000004, 3.44, 3.41, 3.46, 3.39]}, "command": "['rg', 'Sherlock', 'en.txt', '-i']"}, "xs grep -j 1": {"data": {"wall [s]": [4.34, 4.27, 4.25, 4.29, 4.29], "usr [s]": [2.03, 2.17, 2.15, 2.15, 2.03], "sys [s]": [2.72, 2.4, 2.5, 2.53, 2.64], "cpu [s]": [4.75, 4.57, 4.65, 4.68, 4.67]}, "command": "['xs', 'Sherlock', 'en.txt', '-i', '-j', '1']"}, "xs grep": {"data": {"wall [s]": [2.73, 2.7, 2.7, 2.7, 2.69], "usr [s]": [5.34, 5.38, 5.33, 5.36, 5.5], "sys [s]": [4.73, 4.76, 4.67, 4.68, 4.72], "cpu [s]": [10.07, 10.14, 10.0, 10.04, 10.219999999999999]}, "command": "['xs', 'Sherlock', 'en.txt', '-i']"}, "xs grep -j": {"data": {"wall [s]": [2.63, 2.78, 2.74, 2.74, 2.71], "usr [s]": [11.77, 11.69, 11.77, 11.8, 11.98], "sys [s]": [9.54, 9.64, 8.97, 9.46, 9.28], "cpu [s]": [21.31, 21.33, 20.740000000000002, 21.26, 21.259999999999998]}, "command": "['xs', 'Sherlock', 'en.txt', '-i', '-j']"}, "xs grep -j 1 --no-mmap": {"data": {"wall [s]": [3.84, 3.85, 3.82, 3.85, 3.86], "usr [s]": [2.93, 2.94, 2.95, 2.95, 2.91], "sys [s]": [3.83, 3.86, 3.82, 3.84, 3.86], "cpu [s]": [6.76, 6.8, 6.77, 6.79, 6.77]}, "command": "['xs', 'Sherlock', 'en.txt', '-i', '-j', '1', '--no-mmap']"}, "xs grep --no-mmap": {"data": {"wall [s]": [4.12, 4.11, 4.1, 4.11, 4.08], "usr [s]": [3.37, 3.31, 3.32, 3.46, 3.48], "sys [s]": [4.19, 4.17, 4.15, 4.17, 4.13], "cpu [s]": [7.5600000000000005, 7.48, 7.470000000000001, 7.63, 7.609999999999999]}, "command": "['xs', 'Sherlock', 'en.txt', '-i', '--no-mmap']"}, "xs grep -j --no-mmap": {"data": {"wall [s]": [4.18, 4.16, 4.17, 4.1, 4.78], "usr [s]": [3.41, 3.29, 3.5, 3.34, 3.34], "sys [s]": [4.33, 4.26, 4.29, 4.23, 5.12], "cpu [s]": [7.74, 7.55, 7.79, 7.57, 8.46]}, "command": "['xs', 'Sherlock', 'en.txt', '-i', '-j', '--no-mmap']"}, "GNU grep*": {"data": {"wall [s]": [14.7, 15.32, 14.78, 14.83, 15.02], "usr [s]": [12.25, 12.83, 12.2, 12.35, 12.69], "sys [s]": [2.43, 2.48, 2.56, 2.46, 2.32], "cpu [s]": [14.68, 15.31, 14.76, 14.809999999999999, 15.01]}, "command": "['grep', 'sherlock', 'en.txt', '-i']"}, "ripgrep*": {"data": {"wall [s]": [3.46, 3.48, 3.49, 3.45, 3.47], "usr [s]": [1.23, 1.33, 1.3, 1.34, 1.27], "sys [s]": [2.17, 2.07, 2.12, 2.03, 2.13], "cpu [s]": [3.4, 3.4, 3.42, 3.37, 3.4]}, "command": "['rg', 'sherlock', 'en.txt', '-i']"}, "xs grep -j 1*": {"data": {"wall [s]": [4.28, 4.32, 4.26, 4.34, 4.27], "usr [s]": [2.2, 2.06, 2.1, 1.88, 2.03], "sys [s]": [2.41, 2.64, 2.58, 2.85, 2.66], "cpu [s]": [4.61, 4.7, 4.68, 4.73, 4.6899999999999995]}, "command": "['xs', 'sherlock', 'en.txt', '-i', '-j', '1']"}, "xs grep*": {"data": {"wall [s]": [2.7, 2.65, 2.65, 2.65, 2.71], "usr [s]": [5.39, 5.37, 5.33, 5.31, 5.33], "sys [s]": [4.8, 4.76, 4.87, 4.45, 4.83], "cpu [s]": [10.19, 10.129999999999999, 10.2, 9.76, 10.16]}, "command": "['xs', 'sherlock', 'en.txt', '-i']"}, "xs grep -j*": {"data": {"wall [s]": [2.75, 2.69, 2.69, 2.69, 2.71], "usr [s]": [11.87, 11.63, 11.79, 12.18, 12.17], "sys [s]": [9.29, 9.35, 9.3, 8.66, 8.54], "cpu [s]": [21.159999999999997, 20.98, 21.09, 20.84, 20.71]}, "command": "['xs', 'sherlock', 'en.txt', '-i', '-j']"}, "xs grep -j 1 --no-mmap*": {"data": {"wall [s]": [3.86, 3.85, 3.87, 3.85, 3.84], "usr [s]": [2.94, 2.89, 2.92, 2.92, 2.97], "sys [s]": [3.84, 3.85, 3.86, 3.83, 3.83], "cpu [s]": [6.779999999999999, 6.74, 6.779999999999999, 6.75, 6.800000000000001]}, "command": "['xs', 'sherlock', 'en.txt', '-i', '-j', '1', '--no-mmap']"}, "xs grep --no-mmap*": {"data": {"wall [s]": [4.01, 4.1, 4.19, 4.23, 4.08], "usr [s]": [3.38, 3.39, 3.47, 3.52, 3.32], "sys [s]": [4.03, 4.18, 4.27, 4.36, 4.17], "cpu [s]": [7.41, 7.57, 7.74, 7.880000000000001, 7.49]}, "command": "['xs', 'sherlock', 'en.txt', '-i', '--no-mmap']"}, "xs grep -j --no-mmap*": {"data": {"wall [s]": [4.06, 4.14, 4.58, 4.09, 4.52], "usr [s]": [3.46, 3.43, 3.32, 3.47, 3.34], "sys [s]": [4.17, 4.29, 4.82, 4.26, 4.75], "cpu [s]": [7.63, 7.720000000000001, 8.14, 7.73, 8.09]}, "command": "['xs', 'sherlock', 'en.txt', '-i', '-j', '--no-mmap']"}}}