{"setup": {"name": "search lines (regex ' [sS][A-Za-z]*[kK] ', ignore case)", "hardware": {"client": "lena", "cpu": "AMD Ryzen 7 3700X 8-Core Processor"}}, "results": {"GNU grep": {"data": {"wall [s]": [37.15, 37.87, 37.75, 37.3, 37.12], "usr [s]": [34.51, 35.31, 35.29, 34.96, 34.61], "sys [s]": [2.62, 2.54, 2.45, 2.32, 2.5], "cpu [s]": [37.129999999999995, 37.85, 37.74, 37.28, 37.11]}, "command": "['grep', ' [sS][A-Za-z]*[kK] ', 'en.txt', '-i']"}, "ripgrep": {"data": {"wall [s]": [23.04, 23.66, 23.68, 23.33, 23.3], "usr [s]": [20.96, 21.42, 21.41, 21.02, 20.96], "sys [s]": [2.02, 2.18, 2.21, 2.24, 2.28], "cpu [s]": [22.98, 23.6, 23.62, 23.259999999999998, 23.240000000000002]}, "command": "['rg', ' [sS][A-Za-z]*[kK] ', 'en.txt', '-i']"}, "xs grep -j 1": {"data": {"wall [s]": [28.56, 28.97, 29.05, 28.68, 29.07], "usr [s]": [26.93, 26.98, 27.12, 26.72, 27.08], "sys [s]": [1.94, 2.23, 2.21, 2.28, 2.31], "cpu [s]": [28.87, 29.21, 29.330000000000002, 29.0, 29.389999999999997]}, "command": "['xs', ' [sS][A-Za-z]*[kK] ', 'en.txt', '-j', '1', '-i']"}, "xs grep": {"data": {"wall [s]": [7.7, 7.64, 7.59, 7.66, 7.68], "usr [s]": [28.48, 28.29, 27.98, 28.46, 28.21], "sys [s]": [2.48, 2.49, 2.57, 2.36, 2.71], "cpu [s]": [30.96, 30.78, 30.55, 30.82, 30.92]}, "command": "['xs', ' [sS][A-Za-z]*[kK] ', 'en.txt', '-i']"}, "xs grep -j": {"data": {"wall [s]": [3.99, 3.98, 3.99, 4.02, 3.99], "usr [s]": [28.98, 28.99, 29.05, 29.43, 29.08], "sys [s]": [2.74, 2.72, 2.78, 2.66, 2.64], "cpu [s]": [31.72, 31.709999999999997, 31.830000000000002, 32.09, 31.72]}, "command": "['xs', ' [sS][A-Za-z]*[kK] ', 'en.txt', '-i', '-j']"}, "xs grep -j 1 --no-mmap": {"data": {"wall [s]": [27.56, 27.54, 27.57, 27.14, 27.0], "usr [s]": [27.26, 27.22, 27.23, 26.78, 26.68], "sys [s]": [4.75, 4.75, 4.77, 4.79, 4.77], "cpu [s]": [32.010000000000005, 31.97, 32.0, 31.57, 31.45]}, "command": "['xs', ' [sS][A-Za-z]*[kK] ', 'en.txt', '-j', '1', '-i', '--no-mmap']"}, "xs grep --no-mmap": {"data": {"wall [s]": [7.22, 7.23, 7.29, 7.29, 7.24], "usr [s]": [28.22, 28.36, 28.46, 28.54, 28.45], "sys [s]": [3.94, 3.76, 4.03, 4.32, 3.87], "cpu [s]": [32.16, 32.12, 32.49, 32.86, 32.32]}, "command": "['xs', ' [sS][A-Za-z]*[kK] ', 'en.txt', '-i', '--no-mmap']"}, "xs grep -j --no-mmap": {"data": {"wall [s]": [4.03, 4.0, 4.04, 4.04, 4.01], "usr [s]": [30.92, 30.86, 31.13, 30.96, 30.84], "sys [s]": [3.64, 3.65, 3.66, 3.64, 3.67], "cpu [s]": [34.56, 34.51, 34.79, 34.6, 34.51]}, "command": "['xs', ' [sS][A-Za-z]*[kK] ', 'en.txt', '-i', '-j', '--no-mmap']"}}}