{"setup": {"name": "search lines (regex ' [sS][A-Za-z]*[kK] ', line number)", "hardware": {"client": "lena", "cpu": "AMD Ryzen 7 3700X 8-Core Processor"}}, "results": {"GNU grep": {"data": {"wall [s]": [37.9, 37.95, 37.57, 37.69, 37.82], "usr [s]": [35.43, 35.3, 35.14, 34.95, 35.22], "sys [s]": [2.45, 2.64, 2.41, 2.72, 2.59], "cpu [s]": [37.88, 37.94, 37.55, 37.67, 37.81]}, "command": "['grep', ' [sS][A-Za-z]*[kK] ', 'data.txt', '-n']"}, "ripgrep": {"data": {"wall [s]": [23.43, 23.71, 23.75, 23.81, 23.44], "usr [s]": [21.27, 21.56, 21.5, 21.66, 21.21], "sys [s]": [2.1, 2.09, 2.2, 2.1, 2.17], "cpu [s]": [23.37, 23.65, 23.7, 23.76, 23.380000000000003]}, "command": "['rg', ' [sS][A-Za-z]*[kK] ', 'data.txt', '-n']"}, "xs grep -j 1": {"data": {"wall [s]": [16.66, 16.8, 16.89, 17.1, 17.25], "usr [s]": [14.53, 14.69, 14.9, 14.89, 15.06], "sys [s]": [2.46, 2.38, 2.28, 2.45, 2.44], "cpu [s]": [16.99, 17.07, 17.18, 17.34, 17.5]}, "command": "['xs', ' [sS][A-Za-z]*[kK] ', 'data.txt', '-j', '1', '-n']"}, "xs grep": {"data": {"wall [s]": [4.6, 4.53, 4.54, 4.57, 4.54], "usr [s]": [15.28, 15.37, 15.62, 15.45, 15.3], "sys [s]": [3.17, 2.87, 2.67, 2.95, 3.0], "cpu [s]": [18.45, 18.24, 18.29, 18.4, 18.3]}, "command": "['xs', ' [sS][A-Za-z]*[kK] ', 'data.txt', '-n']"}, "xs grep -j": {"data": {"wall [s]": [2.47, 2.53, 2.47, 2.56, 2.44], "usr [s]": [16.21, 16.5, 16.32, 16.27, 16.08], "sys [s]": [3.4, 3.51, 3.3, 3.83, 3.38], "cpu [s]": [19.61, 20.009999999999998, 19.62, 20.1, 19.459999999999997]}, "command": "['xs', ' [sS][A-Za-z]*[kK] ', 'data.txt', '-n', '-j']"}, "xs grep -j 1 --no-mmap": {"data": {"wall [s]": [14.95, 15.32, 15.46, 15.34, 15.21], "usr [s]": [14.67, 15.03, 15.21, 15.04, 14.92], "sys [s]": [4.58, 4.63, 4.53, 4.61, 4.61], "cpu [s]": [19.25, 19.66, 19.740000000000002, 19.65, 19.53]}, "command": "['xs', ' [sS][A-Za-z]*[kK] ', 'data.txt', '-j', '1', '-n', '--no-mmap']"}, "xs grep --no-mmap": {"data": {"wall [s]": [4.07, 4.06, 4.05, 4.13, 4.11], "usr [s]": [15.73, 15.69, 15.64, 15.98, 15.83], "sys [s]": [3.79, 3.77, 3.76, 3.8, 3.8], "cpu [s]": [19.52, 19.46, 19.4, 19.78, 19.63]}, "command": "['xs', ' [sS][A-Za-z]*[kK] ', 'data.txt', '-n', '--no-mmap']"}, "xs grep -j --no-mmap": {"data": {"wall [s]": [3.83, 3.84, 3.79, 3.84, 3.84], "usr [s]": [17.11, 16.42, 17.19, 15.86, 16.25], "sys [s]": [3.85, 3.97, 3.77, 3.9, 3.9], "cpu [s]": [20.96, 20.39, 20.96, 19.759999999999998, 20.15]}, "command": "['xs', ' [sS][A-Za-z]*[kK] ', 'data.txt', '-n', '-j', '--no-mmap']"}}}