{"setup": {"name": "search lines (regex ' [sS][A-Za-z]*k ', ignore case, line number)", "hardware": {"client": "lena", "cpu": "AMD Ryzen 7 3700X 8-Core Processor"}}, "results": {"GNU grep": {"data": {"wall [s]": [40.34, 40.3, 39.82, 40.6, 39.59], "usr [s]": [37.71, 37.64, 37.3, 37.98, 37.13], "sys [s]": [2.61, 2.65, 2.51, 2.61, 2.45], "cpu [s]": [40.32, 40.29, 39.809999999999995, 40.589999999999996, 39.580000000000005]}, "command": "['grep', ' [sS][A-Za-z]*k ', 'en.txt', '-i', '-n']"}, "ripgrep": {"data": {"wall [s]": [23.87, 23.5, 23.61, 23.57, 23.52], "usr [s]": [21.56, 21.23, 21.39, 21.37, 21.21], "sys [s]": [2.26, 2.21, 2.16, 2.14, 2.25], "cpu [s]": [23.82, 23.44, 23.55, 23.51, 23.46]}, "command": "['rg', ' [sS][A-Za-z]*k ', 'en.txt', '-i', '-n']"}, "xs grep -j 1": {"data": {"wall [s]": [33.34, 33.11, 32.82, 33.69, 33.31], "usr [s]": [31.42, 30.98, 30.99, 31.61, 31.35], "sys [s]": [2.3, 2.51, 2.2, 2.45, 2.34], "cpu [s]": [33.72, 33.49, 33.19, 34.06, 33.69]}, "command": "['xs', ' [sS][A-Za-z]*k ', 'en.txt', '-j', '1', '-i', '-n']"}, "xs grep": {"data": {"wall [s]": [8.7, 8.7, 8.74, 8.75, 8.62], "usr [s]": [32.36, 32.37, 32.13, 31.95, 31.96], "sys [s]": [2.56, 2.6, 2.9, 2.98, 2.68], "cpu [s]": [34.92, 34.97, 35.03, 34.93, 34.64]}, "command": "['xs', ' [sS][A-Za-z]*k ', 'en.txt', '-i', '-n']"}, "xs grep -j": {"data": {"wall [s]": [4.59, 4.61, 4.61, 4.58, 4.56], "usr [s]": [33.82, 33.86, 33.51, 33.52, 33.76], "sys [s]": [2.79, 2.91, 3.1, 3.02, 2.68], "cpu [s]": [36.61, 36.769999999999996, 36.61, 36.540000000000006, 36.44]}, "command": "['xs', ' [sS][A-Za-z]*k ', 'en.txt', '-i', '-n', '-j']"}, "xs grep -j 1 --no-mmap": {"data": {"wall [s]": [30.96, 30.89, 31.29, 31.51, 30.76], "usr [s]": [30.67, 30.59, 30.96, 31.23, 30.47], "sys [s]": [4.68, 4.27, 4.65, 4.61, 4.63], "cpu [s]": [35.35, 34.86, 35.61, 35.84, 35.1]}, "command": "['xs', ' [sS][A-Za-z]*k ', 'en.txt', '-j', '1', '-i', '-n', '--no-mmap']"}, "xs grep --no-mmap": {"data": {"wall [s]": [8.36, 8.42, 8.43, 8.46, 8.45], "usr [s]": [32.85, 33.05, 33.01, 33.27, 33.21], "sys [s]": [4.42, 4.44, 4.43, 4.26, 4.48], "cpu [s]": [37.27, 37.489999999999995, 37.44, 37.53, 37.69]}, "command": "['xs', ' [sS][A-Za-z]*k ', 'en.txt', '-i', '-n', '--no-mmap']"}, "xs grep -j --no-mmap": {"data": {"wall [s]": [4.51, 4.54, 4.51, 4.55, 4.53], "usr [s]": [34.72, 34.92, 34.87, 34.84, 34.87], "sys [s]": [3.87, 3.88, 3.86, 3.85, 3.88], "cpu [s]": [38.589999999999996, 38.800000000000004, 38.73, 38.690000000000005, 38.75]}, "command": "['xs', ' [sS][A-Za-z]*k ', 'en.txt', '-i', '-n', '-j', '--no-mmap']"}}}