{"setup": {"name": "search lines (regex 'She[r ]lock')", "hardware": {"client": "lena", "cpu": "AMD Ryzen 7 3700X 8-Core Processor"}}, "results": {"GNU grep": {"data": {"wall [s]": [5.73, 5.8, 5.8, 5.85, 5.81], "usr [s]": [3.22, 3.17, 3.3, 3.29, 3.32], "sys [s]": [2.5, 2.62, 2.49, 2.54, 2.47], "cpu [s]": [5.720000000000001, 5.79, 5.79, 5.83, 5.79]}, "command": "['grep', 'She[r ]lock', 'data.txt']"}, "ripgrep": {"data": {"wall [s]": [3.28, 3.26, 3.29, 3.26, 3.27], "usr [s]": [1.1, 1.07, 1.09, 1.03, 1.01], "sys [s]": [2.11, 2.12, 2.13, 2.16, 2.19], "cpu [s]": [3.21, 3.1900000000000004, 3.2199999999999998, 3.1900000000000004, 3.2]}, "command": "['rg', 'She[r ]lock', 'data.txt']"}, "xs grep -j 1": {"data": {"wall [s]": [2.92, 2.89, 2.89, 2.87, 2.9], "usr [s]": [0.86, 0.87, 0.83, 0.91, 0.9], "sys [s]": [2.46, 2.41, 2.46, 2.33, 2.39], "cpu [s]": [3.32, 3.2800000000000002, 3.29, 3.24, 3.29]}, "command": "['xs', 'She[r ]lock', 'data.txt', '-j', '1']"}, "xs grep": {"data": {"wall [s]": [1.61, 1.62, 1.62, 1.61, 1.61], "usr [s]": [1.11, 0.96, 1.07, 1.07, 1.1], "sys [s]": [3.33, 3.51, 3.39, 3.78, 3.43], "cpu [s]": [4.44, 4.47, 4.46, 4.85, 4.53]}, "command": "['xs', 'She[r ]lock', 'data.txt']"}, "xs grep -j": {"data": {"wall [s]": [1.63, 1.63, 1.63, 1.64, 1.62], "usr [s]": [1.57, 1.4, 1.61, 1.48, 1.54], "sys [s]": [5.32, 6.05, 5.76, 5.82, 6.48], "cpu [s]": [6.890000000000001, 7.449999999999999, 7.37, 7.300000000000001, 8.02]}, "command": "['xs', 'She[r ]lock', 'data.txt', '-j']"}, "xs grep -j 1 --no-mmap": {"data": {"wall [s]": [3.5, 3.5, 3.49, 3.5, 3.47], "usr [s]": [1.27, 1.44, 1.42, 1.4, 1.44], "sys [s]": [3.46, 3.47, 3.46, 3.48, 3.43], "cpu [s]": [4.73, 4.91, 4.88, 4.88, 4.87]}, "command": "['xs', 'She[r ]lock', 'data.txt', '-j', '1', '--no-mmap']"}, "xs grep --no-mmap": {"data": {"wall [s]": [3.53, 3.55, 3.56, 3.53, 3.56], "usr [s]": [1.4, 1.4, 1.34, 1.39, 1.4], "sys [s]": [3.5, 3.49, 3.5, 3.5, 3.5], "cpu [s]": [4.9, 4.890000000000001, 4.84, 4.89, 4.9]}, "command": "['xs', 'She[r ]lock', 'data.txt', '--no-mmap']"}, "xs grep -j --no-mmap": {"data": {"wall [s]": [3.54, 3.51, 3.52, 3.5, 3.49], "usr [s]": [1.33, 1.33, 1.34, 1.41, 1.42], "sys [s]": [3.52, 3.48, 3.51, 3.47, 3.45], "cpu [s]": [4.85, 4.8100000000000005, 4.85, 4.88, 4.87]}, "command": "['xs', 'She[r ]lock', 'data.txt', '-j', '--no-mmap']"}}}