{"setup": {"name": "search lines (literal 'Sherlock')", "hardware": {"client": "lena", "cpu": "AMD Ryzen 7 3700X 8-Core Processor"}}, "results": {"GNU grep": {"data": {"wall [s]": [5.09, 5.02, 5.02, 5.06, 5.08], "usr [s]": [2.6, 2.5, 2.69, 2.48, 2.5], "sys [s]": [2.48, 2.51, 2.31, 2.56, 2.56], "cpu [s]": [5.08, 5.01, 5.0, 5.04, 5.0600000000000005]}, "command": "['grep', 'Sherlock', 'data.txt']"}, "ripgrep": {"data": {"wall [s]": [2.85, 2.82, 2.82, 2.84, 2.87], "usr [s]": [0.6, 0.59, 0.54, 0.65, 0.63], "sys [s]": [2.18, 2.14, 2.2, 2.11, 2.16], "cpu [s]": [2.7800000000000002, 2.73, 2.74, 2.76, 2.79]}, "command": "['rg', 'Sherlock', 'data.txt']"}, "xs grep -j 1": {"data": {"wall [s]": [2.76, 2.7, 2.74, 2.73, 2.72], "usr [s]": [0.82, 0.72, 0.66, 0.66, 0.71], "sys [s]": [2.32, 2.35, 2.47, 2.47, 2.41], "cpu [s]": [3.1399999999999997, 3.0700000000000003, 3.1300000000000003, 3.1300000000000003, 3.12]}, "command": "['xs', 'Sherlock', 'data.txt', '-j', '1']"}, "xs grep": {"data": {"wall [s]": [1.6, 1.6, 1.62, 1.61, 1.61], "usr [s]": [0.87, 0.98, 0.92, 0.89, 0.89], "sys [s]": [3.46, 3.51, 3.72, 3.65, 3.8], "cpu [s]": [4.33, 4.49, 4.640000000000001, 4.54, 4.6899999999999995]}, "command": "['xs', 'Sherlock', 'data.txt']"}, "xs grep -j": {"data": {"wall [s]": [1.61, 1.63, 1.63, 1.64, 1.62], "usr [s]": [1.26, 1.26, 1.26, 1.14, 1.26], "sys [s]": [5.88, 5.98, 5.97, 5.93, 5.62], "cpu [s]": [7.14, 7.24, 7.2299999999999995, 7.069999999999999, 6.88]}, "command": "['xs', 'Sherlock', 'data.txt', '-j']"}, "xs grep -j 1 --no-mmap": {"data": {"wall [s]": [3.48, 3.46, 3.47, 3.48, 3.46], "usr [s]": [1.22, 1.11, 1.1, 1.1, 1.01], "sys [s]": [3.46, 3.43, 3.44, 3.45, 3.45], "cpu [s]": [4.68, 4.54, 4.54, 4.550000000000001, 4.46]}, "command": "['xs', 'Sherlock', 'data.txt', '-j', '1', '--no-mmap']"}, "xs grep --no-mmap": {"data": {"wall [s]": [3.5, 3.51, 3.47, 3.54, 3.49], "usr [s]": [1.13, 1.04, 1.12, 1.02, 1.13], "sys [s]": [3.45, 3.55, 3.43, 3.55, 3.48], "cpu [s]": [4.58, 4.59, 4.550000000000001, 4.57, 4.609999999999999]}, "command": "['xs', 'Sherlock', 'data.txt', '--no-mmap']"}, "xs grep -j --no-mmap": {"data": {"wall [s]": [3.47, 3.45, 3.48, 3.47, 3.47], "usr [s]": [1.11, 1.17, 1.02, 1.08, 1.07], "sys [s]": [3.43, 3.43, 3.49, 3.44, 3.46], "cpu [s]": [4.54, 4.6, 4.51, 4.52, 4.53]}, "command": "['xs', 'Sherlock', 'data.txt', '-j', '--no-mmap']"}, "GNU grep*": {"data": {"wall [s]": [5.09, 5.18, 5.04, 5.01, 5.06], "usr [s]": [2.55, 2.59, 2.58, 2.47, 2.58], "sys [s]": [2.52, 2.57, 2.45, 2.53, 2.47], "cpu [s]": [5.07, 5.16, 5.03, 5.0, 5.050000000000001]}, "command": "['grep', 'sherlock', 'data.txt']"}, "ripgrep*": {"data": {"wall [s]": [2.81, 2.83, 2.89, 2.88, 2.86], "usr [s]": [0.58, 0.6, 0.64, 0.54, 0.53], "sys [s]": [2.15, 2.16, 2.17, 2.27, 2.25], "cpu [s]": [2.73, 2.7600000000000002, 2.81, 2.81, 2.7800000000000002]}, "command": "['rg', 'sherlock', 'data.txt']"}, "xs grep -j 1*": {"data": {"wall [s]": [2.74, 2.71, 2.74, 2.72, 2.73], "usr [s]": [0.67, 0.74, 0.66, 0.61, 0.66], "sys [s]": [2.42, 2.35, 2.47, 2.5, 2.45], "cpu [s]": [3.09, 3.09, 3.1300000000000003, 3.11, 3.1100000000000003]}, "command": "['xs', 'sherlock', 'data.txt', '-j', '1']"}, "xs grep*": {"data": {"wall [s]": [1.61, 1.61, 1.63, 1.6, 1.6], "usr [s]": [0.94, 0.97, 0.99, 0.91, 1.02], "sys [s]": [3.65, 3.53, 3.67, 3.54, 3.52], "cpu [s]": [4.59, 4.5, 4.66, 4.45, 4.54]}, "command": "['xs', 'sherlock', 'data.txt']"}, "xs grep -j*": {"data": {"wall [s]": [1.62, 1.62, 1.61, 1.63, 1.61], "usr [s]": [1.3, 1.43, 1.35, 1.3, 1.24], "sys [s]": [6.31, 6.09, 6.01, 5.84, 5.24], "cpu [s]": [7.609999999999999, 7.52, 7.359999999999999, 7.14, 6.48]}, "command": "['xs', 'sherlock', 'data.txt', '-j']"}, "xs grep -j 1 --no-mmap*": {"data": {"wall [s]": [3.48, 3.5, 3.45, 3.5, 3.43], "usr [s]": [1.71, 1.63, 1.62, 1.51, 1.0], "sys [s]": [3.45, 3.49, 3.41, 3.48, 3.41], "cpu [s]": [5.16, 5.12, 5.03, 4.99, 4.41]}, "command": "['xs', 'sherlock', 'data.txt', '-j', '1', '--no-mmap']"}, "xs grep --no-mmap*": {"data": {"wall [s]": [3.49, 3.47, 3.45, 3.46, 3.5], "usr [s]": [1.09, 1.26, 1.58, 1.36, 1.11], "sys [s]": [3.48, 3.44, 3.41, 3.41, 3.48], "cpu [s]": [4.57, 4.7, 4.99, 4.7700000000000005, 4.59]}, "command": "['xs', 'sherlock', 'data.txt', '--no-mmap']"}, "xs grep -j --no-mmap*": {"data": {"wall [s]": [3.45, 3.53, 3.49, 3.5, 3.48], "usr [s]": [1.54, 1.25, 1.14, 1.33, 1.38], "sys [s]": [3.42, 3.5, 3.5, 3.47, 3.44], "cpu [s]": [4.96, 4.75, 4.64, 4.800000000000001, 4.82]}, "command": "['xs', 'sherlock', 'data.txt', '-j', '--no-mmap']"}}}