{"setup": {"name": "xs grep: search line numbers", "hardware": {"client": "lena", "cpu": "AMD Ryzen 7 3700X 8-Core Processor"}}, "results": {"xs": {"data": {"wall [s]": [1.62, 1.59, 1.62, 1.59, 1.61], "usr [s]": [0.9, 0.93, 0.98, 0.89, 0.9], "sys [s]": [3.62, 3.73, 3.66, 3.6, 3.59], "cpu [s]": [4.5200000000000005, 4.66, 4.640000000000001, 4.49, 4.49]}, "command": "['xs', 'Sherlock', 'en.txt']"}, "xs --max-readers 2": {"data": {"wall [s]": [1.6, 1.61, 1.6, 1.61, 1.63], "usr [s]": [1.04, 1.02, 0.87, 1.0, 0.97], "sys [s]": [3.45, 3.7, 3.58, 3.67, 3.51], "cpu [s]": [4.49, 4.720000000000001, 4.45, 4.67, 4.4799999999999995]}, "command": "['xs', 'Sherlock', 'en.txt', '--max-readers', '2']"}, "xs --no-mmap": {"data": {"wall [s]": [3.53, 3.45, 3.47, 3.5, 3.54], "usr [s]": [1.07, 1.13, 1.14, 1.11, 1.12], "sys [s]": [3.52, 3.41, 3.46, 3.46, 3.5], "cpu [s]": [4.59, 4.54, 4.6, 4.57, 4.62]}, "command": "['xs', 'Sherlock', 'en.txt', '--no-mmap']"}, "xs --max-readers 2 --no-mmap": {"data": {"wall [s]": [3.54, 3.51, 3.51, 3.51, 3.52], "usr [s]": [1.06, 1.11, 1.17, 1.08, 1.07], "sys [s]": [3.52, 3.47, 3.48, 3.46, 3.5], "cpu [s]": [4.58, 4.58, 4.65, 4.54, 4.57]}, "command": "['xs', 'Sherlock', 'en.txt', '--max-readers', '2', '--no-mmap']"}, "xs -n": {"data": {"wall [s]": [2.18, 2.07, 2.08, 2.13, 2.02], "usr [s]": [4.19, 4.39, 4.49, 4.51, 4.18], "sys [s]": [3.88, 3.42, 3.34, 3.51, 3.65], "cpu [s]": [8.07, 7.81, 7.83, 8.02, 7.83]}, "command": "['xs', 'Sherlock', 'en.txt', '-n']"}, "xs -n --max-readers 2 --no-mmap": {"data": {"wall [s]": [3.83, 3.79, 3.86, 3.68, 3.85], "usr [s]": [6.88, 7.08, 6.9, 6.72, 6.84], "sys [s]": [3.86, 3.82, 3.89, 3.68, 3.9], "cpu [s]": [10.74, 10.9, 10.790000000000001, 10.4, 10.74]}, "command": "['xs', 'Sherlock', 'en.txt', '-n', '--max-readers', '2', '--no-mmap']"}, "xs -n --no-mmap": {"data": {"wall [s]": [3.81, 3.95, 3.87, 3.71, 3.7], "usr [s]": [6.87, 6.74, 6.93, 6.72, 6.64], "sys [s]": [3.82, 4.0, 3.91, 3.71, 3.7], "cpu [s]": [10.69, 10.74, 10.84, 10.43, 10.34]}, "command": "['xs', 'Sherlock', 'en.txt', '-n', '--no-mmap']"}, "xs -n --max-readers 2": {"data": {"wall [s]": [2.07, 2.12, 2.1, 2.01, 2.08], "usr [s]": [4.49, 4.25, 4.31, 4.4, 4.27], "sys [s]": [3.38, 3.71, 3.51, 3.28, 3.64], "cpu [s]": [7.87, 7.96, 7.819999999999999, 7.68, 7.91]}, "command": "['xs', 'Sherlock', 'en.txt', '-n', '--max-readers', '2']"}, "xs -n -m": {"data": {"wall [s]": [3.75, 3.74, 3.85, 3.85, 3.78], "usr [s]": [1.28, 1.17, 1.13, 1.18, 1.15], "sys [s]": [3.77, 3.79, 3.91, 3.86, 3.79], "cpu [s]": [5.05, 4.96, 5.04, 5.04, 4.9399999999999995]}, "command": "['xs', 'Sherlock', 'en.txt', '-m', 'en.meta', '-n']"}, "xs -n -m --max-readers 2": {"data": {"wall [s]": [1.71, 1.71, 1.71, 1.73, 1.73], "usr [s]": [0.87, 0.93, 0.92, 0.95, 0.86], "sys [s]": [3.1, 3.08, 3.03, 3.08, 3.28], "cpu [s]": [3.97, 4.01, 3.9499999999999997, 4.03, 4.14]}, "command": "['xs', 'Sherlock', 'en.txt', '-m', 'en.meta', '-n', '--max-readers', '2']"}, "xs -n -m --no-mmap": {"data": {"wall [s]": [3.76, 3.77, 3.8, 3.79, 3.75], "usr [s]": [1.2, 1.04, 1.14, 1.15, 1.23], "sys [s]": [3.81, 3.89, 3.83, 3.8, 3.74], "cpu [s]": [5.01, 4.93, 4.97, 4.949999999999999, 4.970000000000001]}, "command": "['xs', 'Sherlock', 'en.txt', '-m', 'en.meta', '-n', '--no-mmap']"}, "xs -n -m --max-readers 2 --no-mmap": {"data": {"wall [s]": [2.56, 2.66, 2.54, 2.61, 2.6], "usr [s]": [1.15, 1.28, 1.21, 1.31, 1.17], "sys [s]": [4.97, 5.05, 4.83, 4.95, 5.05], "cpu [s]": [6.119999999999999, 6.33, 6.04, 6.26, 6.22]}, "command": "['xs', 'Sherlock', 'en.txt', '-m', 'en.meta', '-n', '--max-readers', '2', '--no-mmap']"}}}