{"setup": {"name": "xs grep: search line numbers", "hardware": {"client": "lena", "cpu": "AMD Ryzen 7 3700X 8-Core Processor"}}, "results": {"xs": {"data": {"wall [s]": [1.63, 1.62, 1.61, 1.61, 1.62], "usr [s]": [1.0, 0.9, 0.99, 0.92, 0.93], "sys [s]": [3.46, 3.56, 3.59, 3.76, 3.59], "cpu [s]": [4.46, 4.46, 4.58, 4.68, 4.52]}, "command": "['xs', 'Sherlock', 'data.txt']"}, "xs --max-readers 2": {"data": {"wall [s]": [1.61, 1.61, 1.6, 1.6, 1.61], "usr [s]": [0.91, 0.92, 0.95, 0.91, 0.94], "sys [s]": [3.74, 3.73, 3.6, 3.61, 3.48], "cpu [s]": [4.65, 4.65, 4.55, 4.52, 4.42]}, "command": "['xs', 'Sherlock', 'data.txt', '--max-readers', '2']"}, "xs --no-mmap": {"data": {"wall [s]": [3.53, 3.52, 3.49, 3.49, 3.53], "usr [s]": [1.22, 1.26, 1.12, 1.08, 1.06], "sys [s]": [3.46, 3.55, 3.47, 3.46, 3.51], "cpu [s]": [4.68, 4.81, 4.59, 4.54, 4.57]}, "command": "['xs', 'Sherlock', 'data.txt', '--no-mmap']"}, "xs --max-readers 2 --no-mmap": {"data": {"wall [s]": [3.49, 3.49, 3.46, 3.49, 3.48], "usr [s]": [1.22, 1.13, 1.23, 1.17, 1.19], "sys [s]": [3.45, 3.47, 3.42, 3.46, 3.47], "cpu [s]": [4.67, 4.6, 4.65, 4.63, 4.66]}, "command": "['xs', 'Sherlock', 'data.txt', '--max-readers', '2', '--no-mmap']"}, "xs -n": {"data": {"wall [s]": [2.09, 2.1, 2.12, 2.18, 2.2], "usr [s]": [4.23, 4.36, 4.15, 4.33, 4.29], "sys [s]": [3.72, 3.47, 3.78, 3.78, 3.82], "cpu [s]": [7.950000000000001, 7.83, 7.93, 8.11, 8.11]}, "command": "['xs', 'Sherlock', 'data.txt', '-n']"}, "xs -n --max-readers 2 --no-mmap": {"data": {"wall [s]": [3.96, 3.95, 3.88, 3.69, 3.76], "usr [s]": [6.93, 7.0, 6.92, 7.37, 6.98], "sys [s]": [4.02, 3.97, 3.9, 3.69, 3.8], "cpu [s]": [10.95, 10.97, 10.82, 11.06, 10.780000000000001]}, "command": "['xs', 'Sherlock', 'data.txt', '-n', '--max-readers', '2', '--no-mmap']"}, "xs -n --no-mmap": {"data": {"wall [s]": [3.93, 3.9, 3.8, 3.84, 3.85], "usr [s]": [5.89, 7.05, 7.03, 7.04, 6.76], "sys [s]": [4.06, 3.95, 3.84, 3.88, 3.93], "cpu [s]": [9.95, 11.0, 10.870000000000001, 10.92, 10.69]}, "command": "['xs', 'Sherlock', 'data.txt', '-n', '--no-mmap']"}, "xs -n --max-readers 2": {"data": {"wall [s]": [2.08, 2.06, 2.01, 2.17, 2.12], "usr [s]": [4.35, 4.35, 4.37, 4.39, 4.5], "sys [s]": [3.56, 3.63, 3.31, 3.68, 3.26], "cpu [s]": [7.91, 7.9799999999999995, 7.68, 8.07, 7.76]}, "command": "['xs', 'Sherlock', 'data.txt', '-n', '--max-readers', '2']"}, "xs -n -m": {"data": {"wall [s]": [3.83, 3.87, 3.78, 3.85, 3.85], "usr [s]": [1.07, 1.12, 1.07, 1.12, 1.17], "sys [s]": [3.94, 3.93, 3.81, 3.88, 3.94], "cpu [s]": [5.01, 5.050000000000001, 4.88, 5.0, 5.109999999999999]}, "command": "['xs', 'Sherlock', 'data.txt', '-m', 'en.meta', '-n']"}, "xs -n -m --max-readers 2": {"data": {"wall [s]": [1.72, 1.72, 1.72, 1.72, 1.72], "usr [s]": [0.96, 1.03, 0.92, 0.81, 0.89], "sys [s]": [3.01, 3.17, 3.08, 3.2, 2.99], "cpu [s]": [3.9699999999999998, 4.2, 4.0, 4.01, 3.8800000000000003]}, "command": "['xs', 'Sherlock', 'data.txt', '-m', 'en.meta', '-n', '--max-readers', '2']"}, "xs -n -m --no-mmap": {"data": {"wall [s]": [3.78, 3.78, 3.76, 3.79, 3.85], "usr [s]": [1.16, 1.22, 1.26, 1.12, 1.1], "sys [s]": [3.8, 3.79, 3.79, 3.85, 3.94], "cpu [s]": [4.96, 5.01, 5.05, 4.970000000000001, 5.04]}, "command": "['xs', 'Sherlock', 'data.txt', '-m', 'en.meta', '-n', '--no-mmap']"}, "xs -n -m --max-readers 2 --no-mmap": {"data": {"wall [s]": [2.56, 2.55, 2.57, 2.56, 2.59], "usr [s]": [1.27, 1.21, 1.25, 1.2, 1.27], "sys [s]": [4.89, 4.91, 4.91, 4.92, 4.9], "cpu [s]": [6.16, 6.12, 6.16, 6.12, 6.17]}, "command": "['xs', 'Sherlock', 'data.txt', '-m', 'en.meta', '-n', '--max-readers', '2', '--no-mmap']"}}}