{"setup": {"name": "xs grep threads (LZ4 HC compressed input)", "hardware": {"client": "lena", "cpu": "AMD Ryzen 7 3700X 8-Core Processor"}}, "results": {"xs": {"data": {"wall [s]": [1.7, 1.66, 1.7, 1.7, 1.69], "usr [s]": [4.12, 4.29, 4.12, 4.14, 4.18], "sys [s]": [1.74, 1.74, 1.73, 1.74, 1.74], "cpu [s]": [5.86, 6.03, 5.85, 5.88, 5.92]}, "command": "['xs', 'Sherlock', 'en.hc.xslz4', '-m', 'en.hc.xslz4.meta']"}, "xs -j 1": {"data": {"wall [s]": [2.76, 2.78, 2.81, 2.85, 2.84], "usr [s]": [2.67, 2.58, 2.65, 2.81, 2.71], "sys [s]": [1.23, 1.33, 1.31, 1.17, 1.27], "cpu [s]": [3.9, 3.91, 3.96, 3.98, 3.98]}, "command": "['xs', 'Sherlock', 'en.hc.xslz4', '-j', '1', '-m', 'en.hc.xslz4.meta']"}, "xs -j 2": {"data": {"wall [s]": [1.64, 1.65, 1.64, 1.62, 1.7], "usr [s]": [3.07, 3.11, 3.06, 3.02, 3.17], "sys [s]": [1.32, 1.3, 1.31, 1.33, 1.38], "cpu [s]": [4.39, 4.41, 4.37, 4.35, 4.55]}, "command": "['xs', 'Sherlock', 'en.hc.xslz4', '-j', '2', '-m', 'en.hc.xslz4.meta']"}, "xs -j 4": {"data": {"wall [s]": [1.65, 1.7, 1.66, 1.66, 1.7], "usr [s]": [4.11, 4.14, 4.16, 4.17, 4.07], "sys [s]": [1.72, 1.73, 1.69, 1.68, 1.74], "cpu [s]": [5.83, 5.869999999999999, 5.85, 5.85, 5.8100000000000005]}, "command": "['xs', 'Sherlock', 'en.hc.xslz4', '-j', '4', '-m', 'en.hc.xslz4.meta']"}, "xs -j 6": {"data": {"wall [s]": [1.71, 1.74, 1.76, 1.7, 1.7], "usr [s]": [5.67, 5.63, 5.66, 5.52, 5.57], "sys [s]": [1.8, 1.83, 1.84, 1.77, 1.76], "cpu [s]": [7.47, 7.46, 7.5, 7.289999999999999, 7.33]}, "command": "['xs', 'Sherlock', 'en.hc.xslz4', '-j', '6', '-m', 'en.hc.xslz4.meta']"}, "xs -j 8": {"data": {"wall [s]": [1.71, 1.71, 1.73, 1.72, 1.71], "usr [s]": [6.5, 6.23, 5.88, 6.03, 6.2], "sys [s]": [1.82, 1.87, 1.84, 1.83, 1.78], "cpu [s]": [8.32, 8.100000000000001, 7.72, 7.86, 7.98]}, "command": "['xs', 'Sherlock', 'en.hc.xslz4', '-j', '8', '-m', 'en.hc.xslz4.meta']"}, "xs -j 10": {"data": {"wall [s]": [1.72, 1.73, 1.73, 1.72, 1.75], "usr [s]": [6.18, 5.79, 6.49, 6.24, 6.12], "sys [s]": [1.85, 1.87, 1.83, 1.82, 1.91], "cpu [s]": [8.03, 7.66, 8.32, 8.06, 8.03]}, "command": "['xs', 'Sherlock', 'en.hc.xslz4', '-j', '10', '-m', 'en.hc.xslz4.meta']"}, "xs -j 12": {"data": {"wall [s]": [1.73, 1.7, 1.71, 1.75, 1.72], "usr [s]": [6.08, 6.44, 6.41, 6.31, 6.26], "sys [s]": [1.85, 1.76, 1.84, 1.89, 1.79], "cpu [s]": [7.93, 8.200000000000001, 8.25, 8.2, 8.05]}, "command": "['xs', 'Sherlock', 'en.hc.xslz4', '-j', '12', '-m', 'en.hc.xslz4.meta']"}, "xs -j 14": {"data": {"wall [s]": [1.72, 1.71, 1.76, 1.69, 1.77], "usr [s]": [6.22, 6.27, 6.02, 5.42, 6.2], "sys [s]": [1.81, 1.83, 1.87, 1.82, 1.9], "cpu [s]": [8.03, 8.1, 7.89, 7.24, 8.1]}, "command": "['xs', 'Sherlock', 'en.hc.xslz4', '-j', '14', '-m', 'en.hc.xslz4.meta']"}, "xs -j 16": {"data": {"wall [s]": [1.72, 1.72, 1.72, 1.72, 1.74], "usr [s]": [6.13, 6.38, 6.34, 6.11, 6.05], "sys [s]": [1.85, 1.82, 1.86, 1.86, 1.9], "cpu [s]": [7.98, 8.2, 8.2, 7.970000000000001, 7.949999999999999]}, "command": "['xs', 'Sherlock', 'en.hc.xslz4', '-j', '16', '-m', 'en.hc.xslz4.meta']"}}}