{"setup": {"name": "xs grep threads (LZ4 HC compressed input)", "hardware": {"client": "lena", "cpu": "AMD Ryzen 7 3700X 8-Core Processor"}}, "results": {"xs": {"data": {"wall [s]": [1.65, 1.69, 1.7, 1.67, 1.7], "usr [s]": [4.12, 4.27, 4.15, 4.16, 4.06], "sys [s]": [1.72, 1.74, 1.72, 1.68, 1.76], "cpu [s]": [5.84, 6.01, 5.87, 5.84, 5.819999999999999]}, "command": "['xs', 'Sherlock', 'en.hc.xslz4', '-m', 'en.hc.xslz4.meta']"}, "xs -j 1": {"data": {"wall [s]": [2.88, 2.76, 2.73, 2.84, 2.76], "usr [s]": [2.81, 2.66, 2.6, 2.71, 2.64], "sys [s]": [1.2, 1.14, 1.25, 1.26, 1.27], "cpu [s]": [4.01, 3.8, 3.85, 3.9699999999999998, 3.91]}, "command": "['xs', 'Sherlock', 'en.hc.xslz4', '-j', '1', '-m', 'en.hc.xslz4.meta']"}, "xs -j 2": {"data": {"wall [s]": [1.64, 1.62, 1.63, 1.63, 1.63], "usr [s]": [3.06, 3.0, 3.03, 3.05, 3.06], "sys [s]": [1.32, 1.34, 1.34, 1.32, 1.3], "cpu [s]": [4.38, 4.34, 4.37, 4.37, 4.36]}, "command": "['xs', 'Sherlock', 'en.hc.xslz4', '-j', '2', '-m', 'en.hc.xslz4.meta']"}, "xs -j 4": {"data": {"wall [s]": [1.7, 1.64, 1.7, 1.65, 1.7], "usr [s]": [4.06, 4.29, 4.11, 4.12, 4.13], "sys [s]": [1.78, 1.67, 1.74, 1.66, 1.76], "cpu [s]": [5.84, 5.96, 5.8500000000000005, 5.78, 5.89]}, "command": "['xs', 'Sherlock', 'en.hc.xslz4', '-j', '4', '-m', 'en.hc.xslz4.meta']"}, "xs -j 6": {"data": {"wall [s]": [1.71, 1.71, 1.71, 1.71, 1.72], "usr [s]": [5.6, 5.58, 5.6, 5.46, 5.55], "sys [s]": [1.83, 1.8, 1.78, 1.86, 1.83], "cpu [s]": [7.43, 7.38, 7.38, 7.32, 7.38]}, "command": "['xs', 'Sherlock', 'en.hc.xslz4', '-j', '6', '-m', 'en.hc.xslz4.meta']"}, "xs -j 8": {"data": {"wall [s]": [1.73, 1.76, 1.73, 1.72, 1.72], "usr [s]": [5.97, 5.88, 6.17, 6.18, 6.12], "sys [s]": [1.88, 1.94, 1.87, 1.88, 1.83], "cpu [s]": [7.85, 7.82, 8.04, 8.059999999999999, 7.95]}, "command": "['xs', 'Sherlock', 'en.hc.xslz4', '-j', '8', '-m', 'en.hc.xslz4.meta']"}, "xs -j 10": {"data": {"wall [s]": [1.74, 1.74, 1.72, 1.71, 1.76], "usr [s]": [6.13, 5.95, 6.17, 6.33, 6.35], "sys [s]": [1.83, 1.87, 1.78, 1.87, 1.88], "cpu [s]": [7.96, 7.82, 7.95, 8.2, 8.23]}, "command": "['xs', 'Sherlock', 'en.hc.xslz4', '-j', '10', '-m', 'en.hc.xslz4.meta']"}, "xs -j 12": {"data": {"wall [s]": [1.73, 1.71, 1.72, 1.74, 1.74], "usr [s]": [6.33, 6.06, 6.27, 6.23, 6.06], "sys [s]": [1.86, 1.87, 1.82, 1.92, 1.85], "cpu [s]": [8.19, 7.93, 8.09, 8.15, 7.91]}, "command": "['xs', 'Sherlock', 'en.hc.xslz4', '-j', '12', '-m', 'en.hc.xslz4.meta']"}, "xs -j 14": {"data": {"wall [s]": [1.71, 1.73, 1.73, 1.74, 1.72], "usr [s]": [6.23, 6.41, 6.32, 6.1, 6.29], "sys [s]": [1.86, 1.85, 1.81, 1.85, 1.83], "cpu [s]": [8.09, 8.26, 8.13, 7.949999999999999, 8.120000000000001]}, "command": "['xs', 'Sherlock', 'en.hc.xslz4', '-j', '14', '-m', 'en.hc.xslz4.meta']"}, "xs -j 16": {"data": {"wall [s]": [1.73, 1.75, 1.72, 1.72, 1.71], "usr [s]": [6.15, 5.91, 6.21, 6.24, 6.24], "sys [s]": [1.83, 1.89, 1.85, 1.81, 1.84], "cpu [s]": [7.98, 7.8, 8.06, 8.05, 8.08]}, "command": "['xs', 'Sherlock', 'en.hc.xslz4', '-j', '16', '-m', 'en.hc.xslz4.meta']"}}}