{"setup": {"name": "xs grep reader threads (preprocessed input)", "hardware": {"client": "lena", "cpu": "AMD Ryzen 7 3700X 8-Core Processor"}}, "results": {"xs": {"data": {"wall [s]": [3.77, 3.84, 3.77, 3.8, 3.77], "usr [s]": [1.22, 1.04, 1.16, 1.09, 1.11], "sys [s]": [3.8, 3.97, 3.76, 3.84, 3.78], "cpu [s]": [5.02, 5.01, 4.92, 4.93, 4.89]}, "command": "['xs', 'Sherlock', 'data.txt', '-m', 'en.meta']"}, "xs --max-readers 1": {"data": {"wall [s]": [3.79, 3.79, 3.78, 3.74, 3.75], "usr [s]": [1.01, 1.08, 1.13, 1.11, 1.11], "sys [s]": [3.9, 3.83, 3.78, 3.76, 3.78], "cpu [s]": [4.91, 4.91, 4.91, 4.87, 4.89]}, "command": "['xs', 'Sherlock', 'data.txt', '--max-readers', '1', '-m', 'en.meta']"}, "xs --max-readers 2": {"data": {"wall [s]": [1.71, 1.7, 1.72, 1.72, 1.72], "usr [s]": [0.96, 0.93, 0.87, 0.79, 0.91], "sys [s]": [2.99, 3.09, 3.09, 3.38, 3.08], "cpu [s]": [3.95, 4.02, 3.96, 4.17, 3.99]}, "command": "['xs', 'Sherlock', 'data.txt', '--max-readers', '2', '-m', 'en.meta']"}, "xs --max-readers 4": {"data": {"wall [s]": [1.71, 1.71, 1.71, 1.72, 1.71], "usr [s]": [0.85, 0.89, 0.85, 0.85, 0.91], "sys [s]": [3.07, 3.08, 3.11, 3.09, 3.0], "cpu [s]": [3.92, 3.97, 3.96, 3.94, 3.91]}, "command": "['xs', 'Sherlock', 'data.txt', '--max-readers', '4', '-m', 'en.meta']"}, "xs --max-readers 6": {"data": {"wall [s]": [1.71, 1.71, 1.71, 1.7, 1.72], "usr [s]": [0.91, 0.88, 0.83, 0.83, 0.98], "sys [s]": [3.02, 3.06, 3.12, 3.16, 3.01], "cpu [s]": [3.93, 3.94, 3.95, 3.99, 3.9899999999999998]}, "command": "['xs', 'Sherlock', 'data.txt', '--max-readers', '6', '-m', 'en.meta']"}, "xs --max-readers 8": {"data": {"wall [s]": [1.7, 1.71, 1.72, 1.71, 1.72], "usr [s]": [0.94, 0.96, 0.88, 0.94, 0.92], "sys [s]": [2.92, 3.0, 3.06, 3.09, 3.13], "cpu [s]": [3.86, 3.96, 3.94, 4.029999999999999, 4.05]}, "command": "['xs', 'Sherlock', 'data.txt', '--max-readers', '8', '-m', 'en.meta']"}, "xs --max-readers 10": {"data": {"wall [s]": [1.71, 1.71, 1.71, 1.72, 1.72], "usr [s]": [0.9, 0.88, 0.88, 0.95, 0.94], "sys [s]": [3.0, 3.1, 2.98, 3.05, 3.01], "cpu [s]": [3.9, 3.98, 3.86, 4.0, 3.9499999999999997]}, "command": "['xs', 'Sherlock', 'data.txt', '--max-readers', '10', '-m', 'en.meta']"}, "xs --max-readers 12": {"data": {"wall [s]": [1.72, 1.71, 1.7, 1.7, 1.71], "usr [s]": [0.87, 0.93, 0.94, 0.86, 0.87], "sys [s]": [3.1, 2.99, 2.94, 3.07, 3.03], "cpu [s]": [3.97, 3.9200000000000004, 3.88, 3.9299999999999997, 3.9]}, "command": "['xs', 'Sherlock', 'data.txt', '--max-readers', '12', '-m', 'en.meta']"}, "xs --max-readers 14": {"data": {"wall [s]": [1.71, 1.71, 1.71, 1.72, 1.71], "usr [s]": [0.81, 0.92, 0.87, 0.93, 0.86], "sys [s]": [3.01, 3.06, 3.05, 2.97, 3.08], "cpu [s]": [3.82, 3.98, 3.92, 3.9000000000000004, 3.94]}, "command": "['xs', 'Sherlock', 'data.txt', '--max-readers', '14', '-m', 'en.meta']"}, "xs --max-readers 16": {"data": {"wall [s]": [1.7, 1.71, 1.71, 1.7, 1.71], "usr [s]": [0.85, 0.89, 0.97, 0.97, 0.88], "sys [s]": [2.95, 3.04, 3.0, 2.96, 3.03], "cpu [s]": [3.8000000000000003, 3.93, 3.9699999999999998, 3.9299999999999997, 3.9099999999999997]}, "command": "['xs', 'Sherlock', 'data.txt', '--max-readers', '16', '-m', 'en.meta']"}}}