{"setup": {"name": "xsgrep threads", "hardware": {"client": "lena", "cpu": "AMD Ryzen 7 3700X 8-Core Processor"}}, "results": {"xs": {"data": {"wall [s]": [1.61, 1.59, 1.61, 1.6, 1.62], "usr [s]": [0.83, 0.96, 0.93, 1.01, 0.95], "sys [s]": [3.65, 3.53, 3.63, 3.45, 3.6], "cpu [s]": [4.4799999999999995, 4.49, 4.56, 4.46, 4.55]}, "command": "['xs', 'Sherlock', 'data.txt']"}, "xs -j 1": {"data": {"wall [s]": [2.71, 2.73, 2.74, 2.73, 2.76], "usr [s]": [0.66, 0.66, 0.68, 0.73, 0.6], "sys [s]": [2.43, 2.46, 2.46, 2.38, 2.55], "cpu [s]": [3.0900000000000003, 3.12, 3.14, 3.11, 3.15]}, "command": "['xs', 'Sherlock', 'data.txt', '-j', '1']"}, "xs -j 2": {"data": {"wall [s]": [1.92, 1.89, 1.87, 1.86, 1.9], "usr [s]": [0.74, 0.73, 0.77, 0.77, 0.7], "sys [s]": [2.85, 2.82, 2.78, 2.74, 2.81], "cpu [s]": [3.59, 3.55, 3.55, 3.5100000000000002, 3.51]}, "command": "['xs', 'Sherlock', 'data.txt', '-j', '2']"}, "xs -j 4": {"data": {"wall [s]": [1.6, 1.61, 1.62, 1.61, 1.62], "usr [s]": [0.97, 0.91, 0.97, 1.0, 0.93], "sys [s]": [3.53, 3.78, 3.77, 3.49, 3.77], "cpu [s]": [4.5, 4.6899999999999995, 4.74, 4.49, 4.7]}, "command": "['xs', 'Sherlock', 'data.txt', '-j', '4']"}, "xs -j 6": {"data": {"wall [s]": [1.62, 1.61, 1.6, 1.61, 1.61], "usr [s]": [1.12, 1.13, 1.09, 1.11, 1.1], "sys [s]": [5.44, 4.78, 5.22, 5.18, 4.92], "cpu [s]": [6.5600000000000005, 5.91, 6.31, 6.29, 6.02]}, "command": "['xs', 'Sherlock', 'data.txt', '-j', '6']"}, "xs -j 8": {"data": {"wall [s]": [1.63, 1.62, 1.63, 1.62, 1.62], "usr [s]": [1.32, 1.31, 1.13, 1.28, 1.26], "sys [s]": [6.09, 5.9, 6.3, 6.15, 6.14], "cpu [s]": [7.41, 7.210000000000001, 7.43, 7.430000000000001, 7.3999999999999995]}, "command": "['xs', 'Sherlock', 'data.txt', '-j', '8']"}, "xs -j 10": {"data": {"wall [s]": [1.61, 1.62, 1.64, 1.63, 1.62], "usr [s]": [1.2, 1.32, 1.17, 1.2, 1.24], "sys [s]": [6.17, 6.03, 6.21, 5.8, 6.25], "cpu [s]": [7.37, 7.3500000000000005, 7.38, 7.0, 7.49]}, "command": "['xs', 'Sherlock', 'data.txt', '-j', '10']"}, "xs -j 12": {"data": {"wall [s]": [1.62, 1.62, 1.63, 1.61, 1.62], "usr [s]": [1.32, 1.3, 1.27, 1.24, 1.32], "sys [s]": [5.63, 6.04, 6.1, 5.65, 5.85], "cpu [s]": [6.95, 7.34, 7.369999999999999, 6.890000000000001, 7.17]}, "command": "['xs', 'Sherlock', 'data.txt', '-j', '12']"}, "xs -j 14": {"data": {"wall [s]": [1.63, 1.62, 1.62, 1.62, 1.62], "usr [s]": [1.17, 1.21, 1.36, 1.25, 1.36], "sys [s]": [6.14, 6.3, 5.9, 5.75, 5.76], "cpu [s]": [7.31, 7.51, 7.260000000000001, 7.0, 7.12]}, "command": "['xs', 'Sherlock', 'data.txt', '-j', '14']"}, "xs -j 16": {"data": {"wall [s]": [1.62, 1.67, 1.62, 1.62, 1.63], "usr [s]": [1.1, 1.19, 1.22, 1.16, 1.34], "sys [s]": [6.2, 6.49, 5.46, 5.88, 5.78], "cpu [s]": [7.300000000000001, 7.68, 6.68, 7.04, 7.12]}, "command": "['xs', 'Sherlock', 'data.txt', '-j', '16']"}}}