{"setup": {"name": "xsgrep threads (regex, case insensitive, line number)", "hardware": {"client": "lena", "cpu": "AMD Ryzen 7 3700X 8-Core Processor"}}, "results": {"xs": {"data": {"wall [s]": [4.61, 5.01, 4.87, 4.87, 4.82], "usr [s]": [15.28, 15.39, 15.02, 15.53, 15.31], "sys [s]": [2.99, 3.68, 3.74, 3.27, 3.23], "cpu [s]": [18.27, 19.07, 18.759999999999998, 18.8, 18.54]}, "command": "['xs', 'She[r ]lock', 'en.txt', '-i', '-n']"}, "xs -j 1": {"data": {"wall [s]": [16.88, 16.74, 16.68, 16.92, 16.9], "usr [s]": [14.84, 14.75, 14.7, 14.96, 14.95], "sys [s]": [2.39, 2.38, 2.37, 2.33, 2.27], "cpu [s]": [17.23, 17.13, 17.07, 17.29, 17.22]}, "command": "['xs', 'She[r ]lock', 'en.txt', '-j', '1', '-i', '-n']"}, "xs -j 2": {"data": {"wall [s]": [8.66, 8.76, 8.74, 8.8, 8.76], "usr [s]": [15.18, 15.24, 15.24, 15.47, 15.01], "sys [s]": [2.42, 2.57, 2.5, 2.39, 2.7], "cpu [s]": [17.6, 17.81, 17.740000000000002, 17.86, 17.71]}, "command": "['xs', 'She[r ]lock', 'en.txt', '-j', '2', '-i', '-n']"}, "xs -j 4": {"data": {"wall [s]": [4.81, 4.77, 4.87, 4.78, 4.65], "usr [s]": [15.29, 15.39, 15.12, 15.31, 15.2], "sys [s]": [3.44, 3.21, 3.7, 3.32, 3.18], "cpu [s]": [18.73, 18.6, 18.82, 18.63, 18.38]}, "command": "['xs', 'She[r ]lock', 'en.txt', '-j', '4', '-i', '-n']"}, "xs -j 6": {"data": {"wall [s]": [3.36, 3.37, 3.38, 3.46, 3.47], "usr [s]": [15.63, 15.56, 15.25, 15.49, 15.37], "sys [s]": [3.52, 3.83, 4.11, 4.0, 4.15], "cpu [s]": [19.150000000000002, 19.39, 19.36, 19.490000000000002, 19.52]}, "command": "['xs', 'She[r ]lock', 'en.txt', '-j', '6', '-i', '-n']"}, "xs -j 8": {"data": {"wall [s]": [2.56, 2.6, 2.63, 2.6, 2.67], "usr [s]": [15.76, 15.86, 15.97, 16.3, 15.91], "sys [s]": [4.0, 4.08, 4.19, 3.8, 4.32], "cpu [s]": [19.759999999999998, 19.939999999999998, 20.16, 20.1, 20.23]}, "command": "['xs', 'She[r ]lock', 'en.txt', '-j', '8', '-i', '-n']"}, "xs -j 10": {"data": {"wall [s]": [2.55, 2.59, 2.49, 2.58, 2.57], "usr [s]": [15.75, 15.72, 15.81, 15.99, 15.93], "sys [s]": [3.98, 4.13, 3.54, 3.73, 3.94], "cpu [s]": [19.73, 19.85, 19.35, 19.72, 19.87]}, "command": "['xs', 'She[r ]lock', 'en.txt', '-j', '10', '-i', '-n']"}, "xs -j 12": {"data": {"wall [s]": [2.51, 2.57, 2.64, 2.61, 2.6], "usr [s]": [16.02, 16.15, 15.8, 15.81, 15.87], "sys [s]": [3.6, 3.65, 4.35, 4.28, 4.02], "cpu [s]": [19.62, 19.799999999999997, 20.15, 20.09, 19.89]}, "command": "['xs', 'She[r ]lock', 'en.txt', '-j', '12', '-i', '-n']"}, "xs -j 14": {"data": {"wall [s]": [2.54, 2.55, 2.59, 2.54, 2.69], "usr [s]": [15.93, 16.03, 15.79, 15.93, 15.93], "sys [s]": [3.76, 3.7, 4.26, 3.87, 4.21], "cpu [s]": [19.689999999999998, 19.73, 20.049999999999997, 19.8, 20.14]}, "command": "['xs', 'She[r ]lock', 'en.txt', '-j', '14', '-i', '-n']"}, "xs -j 16": {"data": {"wall [s]": [2.59, 2.65, 2.71, 2.55, 2.63], "usr [s]": [16.24, 15.82, 15.78, 15.65, 15.91], "sys [s]": [3.81, 4.42, 4.55, 3.74, 4.2], "cpu [s]": [20.049999999999997, 20.240000000000002, 20.33, 19.39, 20.11]}, "command": "['xs', 'She[r ]lock', 'en.txt', '-j', '16', '-i', '-n']"}}}