{"setup": {"name": "xsgrep threads", "hardware": {"client": "lena", "cpu": "AMD Ryzen 7 3700X 8-Core Processor"}}, "results": {"xs": {"data": {"wall [s]": [1.6, 1.62, 1.6, 1.62, 1.6], "usr [s]": [0.85, 1.0, 0.93, 0.9, 0.94], "sys [s]": [3.64, 3.74, 3.53, 3.75, 3.4], "cpu [s]": [4.49, 4.74, 4.46, 4.65, 4.34]}, "command": "['xs', 'Sherlock', 'en.txt']"}, "xs -j 1": {"data": {"wall [s]": [2.72, 2.72, 2.73, 2.76, 2.7], "usr [s]": [0.81, 0.7, 0.69, 0.68, 0.75], "sys [s]": [2.27, 2.42, 2.43, 2.48, 2.3], "cpu [s]": [3.08, 3.12, 3.12, 3.16, 3.05]}, "command": "['xs', 'Sherlock', 'en.txt', '-j', '1']"}, "xs -j 2": {"data": {"wall [s]": [1.85, 1.88, 1.88, 1.88, 1.89], "usr [s]": [0.84, 0.8, 0.8, 0.82, 0.79], "sys [s]": [2.62, 2.76, 2.74, 2.72, 2.75], "cpu [s]": [3.46, 3.5599999999999996, 3.54, 3.54, 3.54]}, "command": "['xs', 'Sherlock', 'en.txt', '-j', '2']"}, "xs -j 4": {"data": {"wall [s]": [1.61, 1.6, 1.6, 1.6, 1.59], "usr [s]": [0.88, 1.0, 0.84, 0.85, 0.94], "sys [s]": [3.78, 3.42, 3.81, 3.7, 3.51], "cpu [s]": [4.66, 4.42, 4.65, 4.55, 4.449999999999999]}, "command": "['xs', 'Sherlock', 'en.txt', '-j', '4']"}, "xs -j 6": {"data": {"wall [s]": [1.6, 1.62, 1.61, 1.61, 1.61], "usr [s]": [1.1, 1.2, 1.19, 1.12, 1.13], "sys [s]": [4.65, 4.91, 4.56, 4.8, 5.15], "cpu [s]": [5.75, 6.11, 5.75, 5.92, 6.28]}, "command": "['xs', 'Sherlock', 'en.txt', '-j', '6']"}, "xs -j 8": {"data": {"wall [s]": [1.63, 1.62, 1.62, 1.63, 1.62], "usr [s]": [1.23, 1.24, 1.3, 1.39, 1.26], "sys [s]": [5.44, 5.55, 5.54, 5.45, 6.05], "cpu [s]": [6.67, 6.79, 6.84, 6.84, 7.31]}, "command": "['xs', 'Sherlock', 'en.txt', '-j', '8']"}, "xs -j 10": {"data": {"wall [s]": [1.63, 1.63, 1.63, 1.65, 1.62], "usr [s]": [1.23, 1.13, 1.25, 1.18, 1.17], "sys [s]": [6.11, 6.17, 5.9, 6.03, 5.53], "cpu [s]": [7.34, 7.3, 7.15, 7.21, 6.7]}, "command": "['xs', 'Sherlock', 'en.txt', '-j', '10']"}, "xs -j 12": {"data": {"wall [s]": [1.63, 1.62, 1.61, 1.61, 1.63], "usr [s]": [1.14, 1.18, 1.32, 1.28, 1.12], "sys [s]": [5.94, 6.2, 5.59, 5.41, 6.04], "cpu [s]": [7.08, 7.38, 6.91, 6.69, 7.16]}, "command": "['xs', 'Sherlock', 'en.txt', '-j', '12']"}, "xs -j 14": {"data": {"wall [s]": [1.61, 1.61, 1.62, 1.63, 1.61], "usr [s]": [1.14, 1.23, 1.13, 1.3, 1.25], "sys [s]": [5.79, 6.0, 5.91, 5.72, 5.48], "cpu [s]": [6.93, 7.23, 7.04, 7.02, 6.73]}, "command": "['xs', 'Sherlock', 'en.txt', '-j', '14']"}, "xs -j 16": {"data": {"wall [s]": [1.62, 1.62, 1.61, 1.62, 1.63], "usr [s]": [1.24, 1.28, 1.07, 1.21, 1.3], "sys [s]": [5.85, 6.22, 5.97, 5.9, 5.58], "cpu [s]": [7.09, 7.5, 7.04, 7.11, 6.88]}, "command": "['xs', 'Sherlock', 'en.txt', '-j', '16']"}}}