{"setup": {"name": "xsgrep threads (regex, case insensitive, line number)", "hardware": {"client": "lena", "cpu": "AMD Ryzen 7 3700X 8-Core Processor"}}, "results": {"xs": {"data": {"wall [s]": [3.57, 3.63, 3.66, 3.56, 3.64], "usr [s]": [11.86, 12.14, 12.18, 12.04, 12.04], "sys [s]": [2.62, 2.54, 2.63, 2.45, 2.7], "cpu [s]": [14.48, 14.68, 14.809999999999999, 14.489999999999998, 14.739999999999998]}, "command": "['xs', 'She[r ]lock', 'en.txt', '-i']"}, "xs -j 1": {"data": {"wall [s]": [13.75, 13.77, 13.55, 13.5, 13.74], "usr [s]": [11.79, 11.75, 11.67, 11.47, 11.83], "sys [s]": [2.29, 2.35, 2.21, 2.37, 2.23], "cpu [s]": [14.079999999999998, 14.1, 13.879999999999999, 13.84, 14.06]}, "command": "['xs', 'She[r ]lock', 'en.txt', '-j', '1', '-i']"}, "xs -j 2": {"data": {"wall [s]": [7.02, 7.0, 6.94, 6.9, 7.02], "usr [s]": [12.1, 12.03, 11.7, 11.75, 11.91], "sys [s]": [2.21, 2.21, 2.46, 2.35, 2.4], "cpu [s]": [14.309999999999999, 14.239999999999998, 14.16, 14.1, 14.31]}, "command": "['xs', 'She[r ]lock', 'en.txt', '-j', '2', '-i']"}, "xs -j 4": {"data": {"wall [s]": [3.61, 3.62, 3.63, 3.62, 3.64], "usr [s]": [12.04, 12.1, 12.12, 12.16, 12.22], "sys [s]": [2.56, 2.57, 2.61, 2.5, 2.55], "cpu [s]": [14.6, 14.67, 14.729999999999999, 14.66, 14.77]}, "command": "['xs', 'She[r ]lock', 'en.txt', '-j', '4', '-i']"}, "xs -j 6": {"data": {"wall [s]": [2.49, 2.49, 2.53, 2.54, 2.5], "usr [s]": [12.21, 12.04, 12.17, 12.08, 12.28], "sys [s]": [2.88, 2.92, 2.97, 3.06, 2.77], "cpu [s]": [15.09, 14.959999999999999, 15.14, 15.14, 15.049999999999999]}, "command": "['xs', 'She[r ]lock', 'en.txt', '-j', '6', '-i']"}, "xs -j 8": {"data": {"wall [s]": [2.0, 1.96, 2.01, 2.01, 2.01], "usr [s]": [12.49, 12.37, 12.76, 12.61, 12.73], "sys [s]": [3.33, 3.28, 3.25, 3.26, 3.18], "cpu [s]": [15.82, 15.649999999999999, 16.009999999999998, 15.87, 15.91]}, "command": "['xs', 'She[r ]lock', 'en.txt', '-j', '8', '-i']"}, "xs -j 10": {"data": {"wall [s]": [1.97, 1.98, 2.01, 1.98, 1.98], "usr [s]": [12.55, 12.56, 12.73, 12.6, 12.47], "sys [s]": [3.12, 3.17, 3.27, 3.24, 3.16], "cpu [s]": [15.670000000000002, 15.73, 16.0, 15.84, 15.63]}, "command": "['xs', 'She[r ]lock', 'en.txt', '-j', '10', '-i']"}, "xs -j 12": {"data": {"wall [s]": [1.98, 1.98, 2.02, 1.98, 2.01], "usr [s]": [12.58, 12.46, 12.81, 12.45, 12.61], "sys [s]": [3.08, 3.29, 3.2, 3.3, 3.27], "cpu [s]": [15.66, 15.75, 16.01, 15.75, 15.879999999999999]}, "command": "['xs', 'She[r ]lock', 'en.txt', '-j', '12', '-i']"}, "xs -j 14": {"data": {"wall [s]": [1.99, 1.96, 2.04, 1.99, 1.98], "usr [s]": [12.48, 12.3, 12.38, 12.44, 12.53], "sys [s]": [3.16, 3.29, 3.64, 3.4, 3.28], "cpu [s]": [15.64, 15.59, 16.02, 15.84, 15.809999999999999]}, "command": "['xs', 'She[r ]lock', 'en.txt', '-j', '14', '-i']"}, "xs -j 16": {"data": {"wall [s]": [1.96, 2.05, 2.0, 1.98, 1.99], "usr [s]": [12.48, 12.85, 12.56, 12.53, 12.51], "sys [s]": [3.11, 3.36, 3.28, 3.18, 3.29], "cpu [s]": [15.59, 16.21, 15.84, 15.709999999999999, 15.8]}, "command": "['xs', 'She[r ]lock', 'en.txt', '-j', '16', '-i']"}}}