{"setup": {"name": "xsgrep threads (regex)", "hardware": {"client": "lena", "cpu": "AMD Ryzen 7 3700X 8-Core Processor"}}, "results": {"xs": {"data": {"wall [s]": [7.59, 7.68, 7.69, 7.69, 7.69], "usr [s]": [28.21, 28.35, 28.39, 28.49, 28.12], "sys [s]": [2.36, 2.59, 2.59, 2.51, 2.8], "cpu [s]": [30.57, 30.94, 30.98, 31.0, 30.92]}, "command": "['xs', ' [sS][A-Za-z]*[kK] ', 'en.txt', '-i']"}, "xs -j 1": {"data": {"wall [s]": [28.92, 28.68, 28.87, 29.11, 28.8], "usr [s]": [26.96, 26.68, 26.71, 27.08, 26.89], "sys [s]": [2.28, 2.31, 2.46, 2.25, 2.22], "cpu [s]": [29.240000000000002, 28.99, 29.17, 29.33, 29.11]}, "command": "['xs', ' [sS][A-Za-z]*[kK] ', 'en.txt', '-j', '1', '-i']"}, "xs -j 2": {"data": {"wall [s]": [15.01, 15.06, 15.02, 15.12, 14.93], "usr [s]": [27.78, 28.07, 27.96, 27.89, 27.67], "sys [s]": [2.35, 2.28, 2.32, 2.56, 2.39], "cpu [s]": [30.130000000000003, 30.35, 30.28, 30.45, 30.060000000000002]}, "command": "['xs', ' [sS][A-Za-z]*[kK] ', 'en.txt', '-j', '2', '-i']"}, "xs -j 4": {"data": {"wall [s]": [7.7, 7.61, 7.62, 7.76, 7.62], "usr [s]": [28.42, 28.16, 28.18, 28.67, 28.21], "sys [s]": [2.5, 2.48, 2.49, 2.49, 2.48], "cpu [s]": [30.92, 30.64, 30.67, 31.160000000000004, 30.69]}, "command": "['xs', ' [sS][A-Za-z]*[kK] ', 'en.txt', '-j', '4', '-i']"}, "xs -j 6": {"data": {"wall [s]": [5.21, 5.23, 5.22, 5.23, 5.22], "usr [s]": [28.59, 28.73, 28.77, 28.71, 28.64], "sys [s]": [2.74, 2.65, 2.6, 2.75, 2.76], "cpu [s]": [31.33, 31.38, 31.37, 31.46, 31.4]}, "command": "['xs', ' [sS][A-Za-z]*[kK] ', 'en.txt', '-j', '6', '-i']"}, "xs -j 8": {"data": {"wall [s]": [4.01, 4.02, 4.0, 3.99, 3.99], "usr [s]": [29.01, 29.39, 29.06, 29.11, 29.21], "sys [s]": [2.93, 2.71, 2.75, 2.68, 2.66], "cpu [s]": [31.94, 32.1, 31.81, 31.79, 31.87]}, "command": "['xs', ' [sS][A-Za-z]*[kK] ', 'en.txt', '-j', '8', '-i']"}, "xs -j 10": {"data": {"wall [s]": [3.97, 4.03, 4.0, 4.0, 3.99], "usr [s]": [29.13, 29.6, 29.25, 29.18, 29.23], "sys [s]": [2.6, 2.47, 2.65, 2.73, 2.62], "cpu [s]": [31.73, 32.07, 31.9, 31.91, 31.85]}, "command": "['xs', ' [sS][A-Za-z]*[kK] ', 'en.txt', '-j', '10', '-i']"}, "xs -j 12": {"data": {"wall [s]": [4.0, 4.01, 3.99, 3.99, 4.04], "usr [s]": [29.09, 29.28, 29.03, 29.08, 29.39], "sys [s]": [2.81, 2.71, 2.84, 2.75, 2.75], "cpu [s]": [31.9, 31.990000000000002, 31.87, 31.83, 32.14]}, "command": "['xs', ' [sS][A-Za-z]*[kK] ', 'en.txt', '-j', '12', '-i']"}, "xs -j 14": {"data": {"wall [s]": [3.95, 3.98, 4.0, 4.03, 4.02], "usr [s]": [28.92, 29.09, 29.21, 29.55, 29.21], "sys [s]": [2.69, 2.72, 2.69, 2.54, 2.74], "cpu [s]": [31.610000000000003, 31.81, 31.900000000000002, 32.09, 31.950000000000003]}, "command": "['xs', ' [sS][A-Za-z]*[kK] ', 'en.txt', '-j', '14', '-i']"}, "xs -j 16": {"data": {"wall [s]": [4.01, 3.99, 4.01, 4.01, 4.08], "usr [s]": [29.21, 29.2, 29.29, 29.07, 29.96], "sys [s]": [2.76, 2.65, 2.61, 2.87, 2.62], "cpu [s]": [31.97, 31.849999999999998, 31.9, 31.94, 32.58]}, "command": "['xs', ' [sS][A-Za-z]*[kK] ', 'en.txt', '-j', '16', '-i']"}}}