{"setup": {"name": "xsgrep mmap vs std::ifstream::read", "hardware": {"client": "lena", "cpu": "AMD Ryzen 7 3700X 8-Core Processor"}}, "results": {"xs": {"data": {"wall [s]": [1.6, 1.61, 1.61, 1.6, 1.6], "usr [s]": [0.81, 0.94, 0.87, 0.9, 0.96], "sys [s]": [3.66, 3.52, 3.68, 3.66, 3.49], "cpu [s]": [4.470000000000001, 4.46, 4.55, 4.5600000000000005, 4.45]}, "command": "['xs', 'Sherlock', 'en.txt']"}, "xs --no-mmap": {"data": {"wall [s]": [3.5, 3.54, 3.5, 3.5, 3.52], "usr [s]": [1.06, 1.17, 1.07, 1.1, 1.07], "sys [s]": [3.47, 3.5, 3.47, 3.46, 3.5], "cpu [s]": [4.53, 4.67, 4.54, 4.5600000000000005, 4.57]}, "command": "['xs', 'Sherlock', 'en.txt', '--no-mmap']"}, "xs -j 1": {"data": {"wall [s]": [1.87, 1.89, 1.84, 1.89, 1.85], "usr [s]": [0.74, 0.76, 0.82, 0.69, 0.84], "sys [s]": [2.69, 2.8, 2.69, 2.87, 2.71], "cpu [s]": [3.4299999999999997, 3.5599999999999996, 3.51, 3.56, 3.55]}, "command": "['xs', 'Sherlock', 'en.txt', '-j', '2']"}, "xs --no-mmap -j 1": {"data": {"wall [s]": [3.53, 3.52, 3.49, 3.51, 3.53], "usr [s]": [1.14, 1.3, 1.08, 1.22, 1.12], "sys [s]": [3.5, 3.48, 3.47, 3.5, 3.51], "cpu [s]": [4.64, 4.78, 4.550000000000001, 4.72, 4.63]}, "command": "['xs', 'Sherlock', 'en.txt', '-j', '2', '--no-mmap']"}}}