{"setup": {"name": "Compressed input (ZStandard)", "hardware": {"client": "ural", "cpu": "AMD Ryzen 7 3700X 8-Core Processor"}}, "results": {"zstdcat -> just_read": {"data": {"wall [s]": [9.3, 9.12, 9.1, 9.48, 9.16], "usr [s]": [6.32, 6.18, 6.4, 6.61, 6.14], "sys [s]": [2.23, 2.3, 2.12, 2.18, 2.36], "cpu [s]": [8.55, 8.48, 8.52, 8.790000000000001, 8.5]}, "command": "zstdcat en.zst | just_read"}, "just_read": {"data": {"wall [s]": [4.09, 4.07, 4.05, 4.03, 4.08], "usr [s]": [0.07, 0.02, 0.03, 0.05, 0.07], "sys [s]": [0.59, 0.61, 0.62, 0.53, 0.58], "cpu [s]": [0.6599999999999999, 0.63, 0.65, 0.5800000000000001, 0.6499999999999999]}, "command": "['just_read', 'en.zst']"}, "zstdcat -> GNU grep": {"data": {"wall [s]": [9.89, 9.84, 9.82, 9.81, 9.92], "usr [s]": [6.2, 6.13, 6.25, 6.13, 6.26], "sys [s]": [1.74, 1.8, 1.71, 1.77, 1.9], "cpu [s]": [7.94, 7.93, 7.96, 7.9, 8.16]}, "command": "zstdcat en.zst | grep Sherlock"}, "zstdcat -> ripgrep": {"data": {"wall [s]": [9.45, 9.43, 9.46, 9.52, 9.49], "usr [s]": [6.15, 6.26, 6.18, 6.33, 6.28], "sys [s]": [1.87, 1.71, 1.83, 1.73, 1.79], "cpu [s]": [8.02, 7.97, 8.01, 8.06, 8.07]}, "command": "zstdcat en.zst | rg Sherlock"}, "zstdcat -> xs grep": {"data": {"wall [s]": [9.32, 9.29, 9.36, 9.32, 9.46], "usr [s]": [6.43, 6.38, 6.34, 6.3, 6.48], "sys [s]": [1.83, 1.82, 1.93, 1.91, 1.95], "cpu [s]": [8.26, 8.2, 8.27, 8.209999999999999, 8.43]}, "command": "zstdcat en.zst | xs Sherlock"}, "xspp -> xs grep": {"data": {"wall [s]": [5.07, 5.11, 5.05, 5.09, 5.08], "usr [s]": [8.84, 8.29, 9.03, 8.81, 8.9], "sys [s]": [1.0, 1.0, 1.01, 0.95, 1.06], "cpu [s]": [9.84, 9.29, 10.04, 9.76, 9.96]}, "command": "['xs', 'Sherlock', 'en.xszst', '-m', 'en.xszst.meta']"}, "xspp -> xs grep --max-readers 2": {"data": {"wall [s]": [7.94, 7.83, 7.6, 7.75, 7.97], "usr [s]": [9.91, 9.85, 9.89, 9.85, 9.28], "sys [s]": [0.86, 0.91, 0.84, 0.95, 0.85], "cpu [s]": [10.77, 10.76, 10.73, 10.799999999999999, 10.129999999999999]}, "command": "['xs', 'Sherlock', 'en.xszst', '-m', 'en.xszst.meta', '--max-readers', '2']"}, "zstdcat -> xs grep --no-mmap": {"data": {"wall [s]": [9.37, 9.49, 9.38, 9.6, 9.33], "usr [s]": [6.3, 6.28, 6.27, 6.32, 6.31], "sys [s]": [1.95, 2.02, 1.88, 2.15, 1.92], "cpu [s]": [8.25, 8.3, 8.149999999999999, 8.47, 8.23]}, "command": "zstdcat en.zst | xs Sherlock --no-mmap"}, "xspp -> xs grep --no-mmap": {"data": {"wall [s]": [5.15, 5.0, 5.04, 5.08, 5.19], "usr [s]": [8.99, 9.05, 8.93, 8.95, 8.99], "sys [s]": [0.95, 0.95, 0.92, 1.01, 0.98], "cpu [s]": [9.94, 10.0, 9.85, 9.959999999999999, 9.97]}, "command": "['xs', 'Sherlock', 'en.xszst', '-m', 'en.xszst.meta', '--no-mmap']"}, "xspp -> xs grep --max-readers 2 --no-mmap": {"data": {"wall [s]": [5.71, 5.71, 6.23, 6.2, 5.6], "usr [s]": [9.39, 9.26, 9.19, 8.93, 9.24], "sys [s]": [0.9, 1.0, 0.96, 1.18, 1.0], "cpu [s]": [10.290000000000001, 10.26, 10.149999999999999, 10.11, 10.24]}, "command": "['xs', 'Sherlock', 'en.xszst', '-m', 'en.xszst.meta', '--max-readers', '2', '--no-mmap']"}}}