{"setup": {"name": "Compressed input (LZ4)", "hardware": {"client": "ural", "cpu": "AMD Ryzen 7 3700X 8-Core Processor"}}, "results": {"lz4cat -> just_read": {"data": {"wall [s]": [10.83, 10.58, 10.54, 10.56, 10.55], "usr [s]": [3.59, 3.63, 3.66, 3.58, 3.52], "sys [s]": [3.06, 2.94, 3.04, 2.98, 3.01], "cpu [s]": [6.65, 6.57, 6.7, 6.5600000000000005, 6.529999999999999]}, "command": "lz4cat en.lz4 | just_read"}, "just_read": {"data": {"wall [s]": [10.65, 10.93, 10.59, 10.5, 10.57], "usr [s]": [0.14, 0.1, 0.14, 0.13, 0.16], "sys [s]": [1.47, 1.53, 1.46, 1.47, 1.49], "cpu [s]": [1.6099999999999999, 1.6300000000000001, 1.6, 1.6, 1.65]}, "command": "['just_read', 'en.lz4']"}, "lz4cat -> GNU grep": {"data": {"wall [s]": [13.64, 13.22, 13.1, 12.98, 13.06], "usr [s]": [5.3, 4.96, 5.05, 4.86, 4.95], "sys [s]": [3.0, 3.04, 2.72, 2.95, 2.89], "cpu [s]": [8.3, 8.0, 7.77, 7.8100000000000005, 7.84]}, "command": "lz4cat en.lz4 | grep Sherlock"}, "lz4cat -> ripgrep": {"data": {"wall [s]": [10.52, 10.56, 10.58, 10.58, 10.53], "usr [s]": [3.53, 3.52, 3.56, 3.49, 3.48], "sys [s]": [2.87, 2.85, 2.91, 2.94, 2.89], "cpu [s]": [6.4, 6.37, 6.470000000000001, 6.43, 6.37]}, "command": "lz4cat en.lz4 | rg Sherlock"}, "lz4cat -> xs grep": {"data": {"wall [s]": [10.52, 10.58, 10.54, 10.57, 10.52], "usr [s]": [3.49, 3.76, 3.5, 3.47, 3.64], "sys [s]": [4.18, 3.99, 4.3, 4.27, 4.1], "cpu [s]": [7.67, 7.75, 7.8, 7.74, 7.74]}, "command": "lz4cat en.lz4 | xs Sherlock"}, "xspp -> xs grep": {"data": {"wall [s]": [11.95, 11.52, 11.61, 11.4, 11.39], "usr [s]": [4.47, 4.54, 4.54, 4.69, 4.67], "sys [s]": [1.91, 1.83, 1.88, 1.75, 1.83], "cpu [s]": [6.38, 6.37, 6.42, 6.44, 6.5]}, "command": "['xs', 'Sherlock', 'en.xslz4', '-m', 'en.xslz4.meta']"}, "xspp -> xs grep --max-readers 2": {"data": {"wall [s]": [16.92, 16.83, 17.07, 16.82, 16.62], "usr [s]": [4.67, 4.56, 4.51, 4.45, 4.66], "sys [s]": [1.49, 1.62, 1.64, 1.69, 1.54], "cpu [s]": [6.16, 6.18, 6.1499999999999995, 6.140000000000001, 6.2]}, "command": "['xs', 'Sherlock', 'en.xslz4', '-m', 'en.xslz4.meta', '--max-readers', '2']"}, "lz4cat -> xs grep --no-mmap": {"data": {"wall [s]": [10.56, 10.59, 10.54, 10.55, 10.56], "usr [s]": [3.55, 3.59, 3.62, 3.63, 3.52], "sys [s]": [4.07, 4.04, 4.05, 3.97, 4.18], "cpu [s]": [7.62, 7.63, 7.67, 7.6, 7.699999999999999]}, "command": "lz4cat en.lz4 | xs Sherlock --no-mmap"}, "xspp -> xs grep --no-mmap": {"data": {"wall [s]": [11.47, 11.65, 11.48, 11.54, 11.47], "usr [s]": [4.58, 4.54, 4.55, 4.26, 4.51], "sys [s]": [1.84, 1.94, 2.01, 2.1, 1.89], "cpu [s]": [6.42, 6.48, 6.56, 6.359999999999999, 6.3999999999999995]}, "command": "['xs', 'Sherlock', 'en.xslz4', '-m', 'en.xslz4.meta', '--no-mmap']"}, "xspp -> xs grep --max-readers 2 --no-mmap": {"data": {"wall [s]": [17.03, 18.3, 17.51, 17.82, 17.85], "usr [s]": [4.42, 4.46, 4.54, 4.49, 4.57], "sys [s]": [1.99, 2.11, 2.13, 2.06, 1.96], "cpu [s]": [6.41, 6.57, 6.67, 6.550000000000001, 6.53]}, "command": "['xs', 'Sherlock', 'en.xslz4', '-m', 'en.xslz4.meta', '--max-readers', '2', '--no-mmap']"}}}