{"setup": {"name": "Compressed input (LZ4 HC)", "hardware": {"client": "ural", "cpu": "AMD Ryzen 7 3700X 8-Core Processor"}}, "results": {"lz4cat -> just_read": {"data": {"wall [s]": [6.86, 6.52, 6.62, 6.6, 6.64], "usr [s]": [3.42, 3.39, 3.43, 3.28, 3.36], "sys [s]": [2.57, 2.48, 2.52, 2.66, 2.6], "cpu [s]": [5.99, 5.87, 5.95, 5.9399999999999995, 5.96]}, "command": "lz4cat en.lz4 | just_read"}, "just_read": {"data": {"wall [s]": [4.7, 5.1, 5.53, 5.23, 5.14], "usr [s]": [0.07, 0.08, 0.06, 0.05, 0.09], "sys [s]": [0.86, 0.84, 0.86, 0.86, 0.82], "cpu [s]": [0.9299999999999999, 0.9199999999999999, 0.9199999999999999, 0.91, 0.9099999999999999]}, "command": "['just_read', 'en.lz4']"}, "lz4cat -> GNU grep": {"data": {"wall [s]": [12.84, 10.79, 9.96, 11.72, 12.76], "usr [s]": [5.14, 4.05, 3.48, 4.39, 5.12], "sys [s]": [2.54, 1.94, 1.87, 2.44, 2.43], "cpu [s]": [7.68, 5.99, 5.35, 6.83, 7.550000000000001]}, "command": "lz4cat en.lz4 | grep Sherlock"}, "lz4cat -> ripgrep": {"data": {"wall [s]": [6.45, 6.5, 6.46, 6.34, 6.48], "usr [s]": [3.17, 3.36, 3.25, 3.35, 3.37], "sys [s]": [2.58, 2.44, 2.5, 2.31, 2.42], "cpu [s]": [5.75, 5.8, 5.75, 5.66, 5.79]}, "command": "lz4cat en.lz4 | rg Sherlock"}, "lz4cat -> xs grep": {"data": {"wall [s]": [7.15, 7.22, 6.96, 7.07, 7.11], "usr [s]": [3.44, 3.31, 3.38, 3.31, 3.35], "sys [s]": [3.64, 3.85, 3.53, 3.7, 3.69], "cpu [s]": [7.08, 7.16, 6.91, 7.01, 7.04]}, "command": "lz4cat en.lz4 | xs Sherlock"}, "xspp -> xs grep": {"data": {"wall [s]": [5.35, 5.25, 5.34, 5.24, 5.61], "usr [s]": [4.59, 4.36, 4.55, 4.51, 4.54], "sys [s]": [1.21, 1.33, 1.24, 1.29, 1.1], "cpu [s]": [5.8, 5.69, 5.79, 5.8, 5.640000000000001]}, "command": "['xs', 'Sherlock', 'en.xslz4', '-m', 'en.xslz4.meta']"}, "xspp -> xs grep --max-readers 2": {"data": {"wall [s]": [8.24, 8.28, 8.36, 8.07, 8.28], "usr [s]": [4.4, 4.18, 4.19, 4.39, 4.37], "sys [s]": [0.99, 1.09, 0.97, 1.09, 1.1], "cpu [s]": [5.390000000000001, 5.27, 5.16, 5.4799999999999995, 5.470000000000001]}, "command": "['xs', 'Sherlock', 'en.xslz4', '-m', 'en.xslz4.meta', '--max-readers', '2']"}, "lz4cat -> xs grep --no-mmap": {"data": {"wall [s]": [7.23, 7.24, 7.21, 7.18, 7.25], "usr [s]": [3.31, 3.27, 3.29, 3.31, 3.41], "sys [s]": [3.77, 3.84, 3.79, 3.74, 3.71], "cpu [s]": [7.08, 7.109999999999999, 7.08, 7.050000000000001, 7.12]}, "command": "lz4cat en.lz4 | xs Sherlock --no-mmap"}, "xspp -> xs grep --no-mmap": {"data": {"wall [s]": [5.26, 5.33, 5.61, 5.29, 5.37], "usr [s]": [4.61, 4.45, 4.53, 4.43, 4.35], "sys [s]": [1.29, 1.22, 1.19, 1.28, 1.33], "cpu [s]": [5.9, 5.67, 5.720000000000001, 5.71, 5.68]}, "command": "['xs', 'Sherlock', 'en.xslz4', '-m', 'en.xslz4.meta', '--no-mmap']"}, "xspp -> xs grep --max-readers 2 --no-mmap": {"data": {"wall [s]": [8.77, 8.97, 8.81, 8.94, 8.84], "usr [s]": [4.51, 4.33, 4.37, 4.44, 4.47], "sys [s]": [1.39, 1.3, 1.32, 1.37, 1.36], "cpu [s]": [5.8999999999999995, 5.63, 5.69, 5.8100000000000005, 5.83]}, "command": "['xs', 'Sherlock', 'en.xslz4', '-m', 'en.xslz4.meta', '--max-readers', '2', '--no-mmap']"}}}