{"setup": {"name": "Compressed input (LZ4)", "hardware": {"client": "ural", "cpu": "AMD Ryzen 7 3700X 8-Core Processor"}}, "results": {"lz4cat -> just_read": {"data": {"wall [s]": [8.42, 8.14, 8.08, 8.16, 8.07], "usr [s]": [3.63, 3.36, 3.56, 3.55, 3.49], "sys [s]": [2.95, 3.06, 2.93, 2.98, 3.01], "cpu [s]": [6.58, 6.42, 6.49, 6.529999999999999, 6.5]}, "command": "lz4cat en.lz4 | just_read"}, "just_read": {"data": {"wall [s]": [8.95, 9.26, 9.47, 9.33, 10.07], "usr [s]": [0.13, 0.12, 0.1, 0.12, 0.18], "sys [s]": [1.53, 1.5, 1.53, 1.48, 1.43], "cpu [s]": [1.6600000000000001, 1.62, 1.6300000000000001, 1.6, 1.6099999999999999]}, "command": "['just_read', 'en.lz4']"}, "lz4cat -> GNU grep": {"data": {"wall [s]": [13.7, 13.55, 13.62, 13.54, 11.07], "usr [s]": [5.34, 5.32, 5.47, 5.3, 3.82], "sys [s]": [3.07, 2.94, 2.98, 2.93, 2.31], "cpu [s]": [8.41, 8.26, 8.45, 8.23, 6.13]}, "command": "lz4cat en.lz4 | grep Sherlock"}, "lz4cat -> ripgrep": {"data": {"wall [s]": [8.19, 8.13, 8.2, 8.2, 8.2], "usr [s]": [3.57, 3.44, 3.46, 3.54, 3.46], "sys [s]": [2.85, 2.84, 2.84, 2.77, 2.89], "cpu [s]": [6.42, 6.279999999999999, 6.3, 6.3100000000000005, 6.35]}, "command": "lz4cat en.lz4 | rg Sherlock"}, "lz4cat -> xs grep": {"data": {"wall [s]": [8.2, 8.32, 8.19, 8.26, 8.17], "usr [s]": [3.42, 3.36, 3.46, 3.5, 3.48], "sys [s]": [4.09, 4.42, 4.08, 4.11, 4.01], "cpu [s]": [7.51, 7.779999999999999, 7.54, 7.61, 7.49]}, "command": "lz4cat en.lz4 | xs Sherlock"}, "xspp -> xs grep": {"data": {"wall [s]": [9.02, 8.74, 8.81, 8.91, 8.83], "usr [s]": [4.54, 4.51, 4.63, 4.49, 4.48], "sys [s]": [1.84, 1.9, 1.95, 1.96, 1.89], "cpu [s]": [6.38, 6.41, 6.58, 6.45, 6.37]}, "command": "['xs', 'Sherlock', 'data.xslz4', '-m', 'data.xslz4.meta']"}, "xspp -> xs grep --max-readers 2": {"data": {"wall [s]": [13.93, 13.9, 13.91, 13.85, 13.69], "usr [s]": [4.58, 4.22, 4.51, 4.65, 4.54], "sys [s]": [1.57, 1.59, 1.69, 1.53, 1.63], "cpu [s]": [6.15, 5.81, 6.199999999999999, 6.180000000000001, 6.17]}, "command": "['xs', 'Sherlock', 'data.xslz4', '-m', 'data.xslz4.meta', '--max-readers', '2']"}, "lz4cat -> xs grep --no-mmap": {"data": {"wall [s]": [8.2, 8.25, 8.17, 8.19, 8.39], "usr [s]": [3.57, 3.54, 3.55, 3.47, 3.51], "sys [s]": [3.99, 4.1, 3.95, 4.08, 4.23], "cpu [s]": [7.5600000000000005, 7.64, 7.5, 7.550000000000001, 7.74]}, "command": "lz4cat en.lz4 | xs Sherlock --no-mmap"}, "xspp -> xs grep --no-mmap": {"data": {"wall [s]": [8.76, 8.88, 8.8, 8.86, 8.91], "usr [s]": [4.59, 4.62, 4.51, 4.58, 4.37], "sys [s]": [1.82, 1.8, 1.97, 2.0, 1.9], "cpu [s]": [6.41, 6.42, 6.4799999999999995, 6.58, 6.27]}, "command": "['xs', 'Sherlock', 'data.xslz4', '-m', 'data.xslz4.meta', '--no-mmap']"}, "xspp -> xs grep --max-readers 2 --no-mmap": {"data": {"wall [s]": [14.42, 15.0, 14.81, 15.0, 15.11], "usr [s]": [4.56, 4.58, 4.55, 4.3, 4.26], "sys [s]": [2.01, 2.03, 2.04, 2.0, 2.06], "cpu [s]": [6.569999999999999, 6.609999999999999, 6.59, 6.3, 6.32]}, "command": "['xs', 'Sherlock', 'data.xslz4', '-m', 'data.xslz4.meta', '--max-readers', '2', '--no-mmap']"}}}