{"setup": {"name": "Compressed input (ZStandard)", "hardware": {"client": "ural", "cpu": "AMD Ryzen 7 3700X 8-Core Processor"}}, "results": {"zstdcat -> just_read": {"data": {"wall [s]": [9.25, 9.27, 9.14, 9.34, 9.23], "usr [s]": [6.39, 6.45, 6.32, 6.41, 6.41], "sys [s]": [2.18, 2.11, 2.14, 2.24, 2.12], "cpu [s]": [8.57, 8.56, 8.46, 8.65, 8.530000000000001]}, "command": "zstdcat en.zst | just_read"}, "just_read": {"data": {"wall [s]": [3.28, 3.57, 3.59, 3.38, 3.25], "usr [s]": [0.06, 0.05, 0.04, 0.05, 0.07], "sys [s]": [0.57, 0.6, 0.6, 0.59, 0.57], "cpu [s]": [0.6299999999999999, 0.65, 0.64, 0.64, 0.6399999999999999]}, "command": "['just_read', 'en.zst']"}, "zstdcat -> GNU grep": {"data": {"wall [s]": [10.02, 9.9, 9.8, 10.05, 9.84], "usr [s]": [6.42, 6.2, 6.39, 6.29, 6.25], "sys [s]": [1.69, 1.71, 1.77, 1.74, 1.83], "cpu [s]": [8.11, 7.91, 8.16, 8.03, 8.08]}, "command": "zstdcat en.zst | grep Sherlock"}, "zstdcat -> ripgrep": {"data": {"wall [s]": [9.58, 9.41, 9.6, 9.66, 9.34], "usr [s]": [6.26, 6.23, 6.34, 6.3, 6.2], "sys [s]": [1.87, 1.79, 1.72, 1.78, 1.85], "cpu [s]": [8.129999999999999, 8.02, 8.06, 8.08, 8.05]}, "command": "zstdcat en.zst | rg Sherlock"}, "zstdcat -> xs grep": {"data": {"wall [s]": [9.39, 9.49, 9.59, 9.48, 9.47], "usr [s]": [6.17, 6.4, 6.32, 6.35, 6.4], "sys [s]": [2.07, 1.88, 2.12, 1.89, 1.87], "cpu [s]": [8.24, 8.280000000000001, 8.440000000000001, 8.24, 8.27]}, "command": "zstdcat en.zst | xs Sherlock"}, "xspp -> xs grep": {"data": {"wall [s]": [4.08, 3.94, 3.93, 3.99, 3.94], "usr [s]": [7.2, 7.18, 7.14, 7.02, 7.18], "sys [s]": [0.94, 0.96, 0.95, 0.96, 1.05], "cpu [s]": [8.14, 8.14, 8.09, 7.9799999999999995, 8.23]}, "command": "['xs', 'Sherlock', 'data.xszst', '-m', 'data.xszst.meta']"}, "xspp -> xs grep --max-readers 2": {"data": {"wall [s]": [6.75, 6.63, 6.83, 6.55, 6.61], "usr [s]": [9.96, 9.54, 9.84, 9.9, 9.91], "sys [s]": [0.81, 0.8, 0.89, 0.84, 0.86], "cpu [s]": [10.770000000000001, 10.34, 10.73, 10.74, 10.77]}, "command": "['xs', 'Sherlock', 'data.xszst', '-m', 'data.xszst.meta', '--max-readers', '2']"}, "zstdcat -> xs grep --no-mmap": {"data": {"wall [s]": [9.74, 9.61, 9.56, 9.82, 9.35], "usr [s]": [6.31, 6.3, 6.41, 6.35, 6.36], "sys [s]": [2.21, 2.05, 1.9, 2.13, 1.79], "cpu [s]": [8.52, 8.35, 8.31, 8.48, 8.15]}, "command": "zstdcat en.zst | xs Sherlock --no-mmap"}, "xspp -> xs grep --no-mmap": {"data": {"wall [s]": [3.9, 3.95, 3.95, 3.96, 3.93], "usr [s]": [7.31, 7.37, 7.1, 7.25, 7.06], "sys [s]": [0.96, 0.97, 0.95, 1.0, 0.99], "cpu [s]": [8.27, 8.34, 8.049999999999999, 8.25, 8.049999999999999]}, "command": "['xs', 'Sherlock', 'data.xszst', '-m', 'data.xszst.meta', '--no-mmap']"}, "xspp -> xs grep --max-readers 2 --no-mmap": {"data": {"wall [s]": [4.9, 4.73, 5.7, 4.77, 5.25], "usr [s]": [8.0, 7.63, 8.77, 7.29, 8.46], "sys [s]": [0.99, 1.06, 0.98, 1.03, 0.97], "cpu [s]": [8.99, 8.69, 9.75, 8.32, 9.430000000000001]}, "command": "['xs', 'Sherlock', 'data.xszst', '-m', 'data.xszst.meta', '--max-readers', '2', '--no-mmap']"}}}