{"setup": {"name": "Compressed input (LZ4 HC)", "hardware": {"client": "ural", "cpu": "AMD Ryzen 7 3700X 8-Core Processor"}}, "results": {"lz4cat -> just_read": {"data": {"wall [s]": [6.96, 6.69, 6.69, 6.77, 6.59], "usr [s]": [3.4, 3.4, 3.32, 3.51, 3.42], "sys [s]": [2.63, 2.54, 2.66, 2.53, 2.46], "cpu [s]": [6.029999999999999, 5.9399999999999995, 5.98, 6.039999999999999, 5.88]}, "command": "lz4cat en.lz4 | just_read"}, "just_read": {"data": {"wall [s]": [5.91, 5.87, 5.91, 5.82, 5.88], "usr [s]": [0.06, 0.07, 0.08, 0.08, 0.06], "sys [s]": [0.86, 0.84, 0.86, 0.84, 0.85], "cpu [s]": [0.9199999999999999, 0.9099999999999999, 0.94, 0.9199999999999999, 0.9099999999999999]}, "command": "['just_read', 'en.lz4']"}, "lz4cat -> GNU grep": {"data": {"wall [s]": [10.27, 11.53, 12.88, 12.7, 9.06], "usr [s]": [3.61, 4.52, 5.24, 5.22, 3.54], "sys [s]": [2.15, 2.11, 2.5, 2.35, 2.01], "cpu [s]": [5.76, 6.629999999999999, 7.74, 7.57, 5.55]}, "command": "lz4cat en.lz4 | grep Sherlock"}, "lz4cat -> ripgrep": {"data": {"wall [s]": [6.49, 6.46, 6.42, 6.36, 6.41], "usr [s]": [3.32, 3.18, 3.24, 3.29, 3.29], "sys [s]": [2.45, 2.54, 2.46, 2.47, 2.36], "cpu [s]": [5.77, 5.720000000000001, 5.7, 5.76, 5.65]}, "command": "lz4cat en.lz4 | rg Sherlock"}, "lz4cat -> xs grep": {"data": {"wall [s]": [7.2, 7.14, 7.16, 7.06, 7.02], "usr [s]": [3.44, 3.42, 3.32, 3.44, 3.32], "sys [s]": [3.65, 3.65, 3.77, 3.51, 3.63], "cpu [s]": [7.09, 7.07, 7.09, 6.949999999999999, 6.949999999999999]}, "command": "lz4cat en.lz4 | xs Sherlock"}, "xspp -> xs grep": {"data": {"wall [s]": [7.1, 6.78, 6.89, 6.83, 6.86], "usr [s]": [4.41, 4.32, 4.39, 4.48, 4.39], "sys [s]": [1.24, 1.27, 1.12, 1.16, 1.23], "cpu [s]": [5.65, 5.59, 5.51, 5.640000000000001, 5.619999999999999]}, "command": "['xs', 'Sherlock', 'en.xslz4', '-m', 'en.xslz4.meta']"}, "xspp -> xs grep --max-readers 2": {"data": {"wall [s]": [10.07, 9.87, 9.94, 10.11, 10.14], "usr [s]": [4.52, 4.47, 4.26, 4.48, 4.45], "sys [s]": [1.01, 1.04, 1.14, 1.05, 1.04], "cpu [s]": [5.529999999999999, 5.51, 5.3999999999999995, 5.53, 5.49]}, "command": "['xs', 'Sherlock', 'en.xslz4', '-m', 'en.xslz4.meta', '--max-readers', '2']"}, "lz4cat -> xs grep --no-mmap": {"data": {"wall [s]": [7.34, 7.22, 7.35, 7.17, 7.13], "usr [s]": [3.33, 3.22, 3.36, 3.34, 3.32], "sys [s]": [3.89, 3.85, 3.85, 3.7, 3.7], "cpu [s]": [7.220000000000001, 7.07, 7.21, 7.04, 7.02]}, "command": "lz4cat en.lz4 | xs Sherlock --no-mmap"}, "xspp -> xs grep --no-mmap": {"data": {"wall [s]": [6.85, 6.81, 6.81, 6.79, 6.91], "usr [s]": [4.5, 4.35, 4.27, 4.45, 4.43], "sys [s]": [1.09, 1.29, 1.36, 1.19, 1.28], "cpu [s]": [5.59, 5.64, 5.63, 5.640000000000001, 5.71]}, "command": "['xs', 'Sherlock', 'en.xslz4', '-m', 'en.xslz4.meta', '--no-mmap']"}, "xspp -> xs grep --max-readers 2 --no-mmap": {"data": {"wall [s]": [10.78, 10.47, 10.47, 10.44, 10.1], "usr [s]": [4.46, 4.1, 4.44, 4.42, 4.11], "sys [s]": [1.27, 1.28, 1.36, 1.18, 1.17], "cpu [s]": [5.73, 5.38, 5.800000000000001, 5.6, 5.28]}, "command": "['xs', 'Sherlock', 'en.xslz4', '-m', 'en.xslz4.meta', '--max-readers', '2', '--no-mmap']"}}}