{"setup": {"name": "Preprocessed (compressed) input", "hardware": {"client": "ural", "cpu": "AMD Ryzen 7 3700X 8-Core Processor"}}, "results": {"xspp zstd -> xs grep": {"data": {"wall [s]": [3.97, 4.12, 3.89, 4.07, 4.21], "usr [s]": [7.39, 7.1, 7.28, 7.08, 7.52], "sys [s]": [1.02, 0.96, 0.99, 0.86, 0.91], "cpu [s]": [8.41, 8.059999999999999, 8.27, 7.94, 8.43]}, "command": "['xs', 'Sherlock', 'data.xszst', '-m', 'data.xszst.meta']"}, "xspp lz4 -> xs grep": {"data": {"wall [s]": [8.94, 8.72, 8.79, 8.79, 8.9], "usr [s]": [4.67, 4.61, 4.57, 4.51, 4.51], "sys [s]": [1.88, 1.81, 1.84, 1.91, 1.89], "cpu [s]": [6.55, 6.42, 6.41, 6.42, 6.3999999999999995]}, "command": "['xs', 'Sherlock', 'data.xslz4', '-m', 'data.xslz4.meta']"}, "xspp lz4 hc -> xs grep": {"data": {"wall [s]": [5.38, 5.24, 5.22, 5.23, 5.55], "usr [s]": [4.33, 4.32, 4.37, 4.48, 4.49], "sys [s]": [1.26, 1.25, 1.33, 1.19, 1.19], "cpu [s]": [5.59, 5.57, 5.7, 5.67, 5.68]}, "command": "['xs', 'Sherlock', 'en.hc.xslz4', '-m', 'en.hc.xslz4.meta']"}, "xspp zstd -> xs grep*": {"data": {"wall [s]": [6.63, 7.03, 7.06, 6.54, 6.47], "usr [s]": [9.88, 9.5, 8.88, 9.94, 9.92], "sys [s]": [0.92, 0.96, 0.75, 0.81, 0.8], "cpu [s]": [10.8, 10.46, 9.63, 10.75, 10.72]}, "command": "['xs', 'Sherlock', 'data.xszst', '-m', 'data.xszst.meta', '--max-readers', '4']"}, "xspp lz4 -> xs grep*": {"data": {"wall [s]": [14.15, 13.74, 13.92, 13.89, 14.19], "usr [s]": [4.61, 4.56, 4.53, 4.3, 4.5], "sys [s]": [1.55, 1.66, 1.66, 1.61, 1.67], "cpu [s]": [6.16, 6.22, 6.19, 5.91, 6.17]}, "command": "['xs', 'Sherlock', 'data.xslz4', '-m', 'data.xslz4.meta', '--max-readers', '4']"}, "xspp lz4 hc -> xs grep*": {"data": {"wall [s]": [8.22, 8.47, 8.36, 8.17, 8.22], "usr [s]": [4.32, 4.48, 4.46, 4.58, 4.39], "sys [s]": [0.96, 1.11, 1.08, 1.01, 1.13], "cpu [s]": [5.28, 5.590000000000001, 5.54, 5.59, 5.52]}, "command": "['xs', 'Sherlock', 'en.hc.xslz4', '-m', 'en.hc.xslz4.meta', '--max-readers', '4']"}}}