{"setup": {"name": "Preprocessed (compressed) input", "hardware": {"client": "ural", "cpu": "AMD Ryzen 7 3700X 8-Core Processor"}}, "results": {"xspp zstd -> xs grep": {"data": {"wall [s]": [5.33, 5.34, 5.34, 5.53, 5.38], "usr [s]": [9.06, 9.32, 9.12, 9.17, 9.05], "sys [s]": [1.05, 1.0, 1.14, 1.05, 1.04], "cpu [s]": [10.110000000000001, 10.32, 10.26, 10.22, 10.09]}, "command": "['xs', 'Sherlock', 'en.xszst', '-m', 'en.xszst.meta']"}, "xspp lz4 -> xs grep": {"data": {"wall [s]": [12.15, 11.6, 11.53, 11.58, 11.68], "usr [s]": [4.57, 4.41, 4.43, 4.55, 4.7], "sys [s]": [1.9, 1.89, 1.98, 1.88, 1.79], "cpu [s]": [6.470000000000001, 6.3, 6.41, 6.43, 6.49]}, "command": "['xs', 'Sherlock', 'en.xslz4', '-m', 'en.xslz4.meta']"}, "xspp lz4 hc -> xs grep": {"data": {"wall [s]": [7.18, 7.11, 6.9, 6.97, 6.97], "usr [s]": [4.41, 4.17, 4.57, 4.33, 4.46], "sys [s]": [1.2, 1.32, 1.05, 1.09, 1.19], "cpu [s]": [5.61, 5.49, 5.62, 5.42, 5.65]}, "command": "['xs', 'Sherlock', 'en.hc.xslz4', '-m', 'en.hc.xslz4.meta']"}, "xspp zstd -> xs grep*": {"data": {"wall [s]": [8.08, 8.08, 7.97, 7.9, 8.15], "usr [s]": [10.06, 9.78, 9.86, 10.02, 9.56], "sys [s]": [0.87, 0.95, 0.95, 0.87, 0.81], "cpu [s]": [10.93, 10.729999999999999, 10.809999999999999, 10.889999999999999, 10.370000000000001]}, "command": "['xs', 'Sherlock', 'en.xszst', '-m', 'en.xszst.meta', '--max-readers', '4']"}, "xspp lz4 -> xs grep*": {"data": {"wall [s]": [17.08, 16.85, 16.78, 17.02, 16.68], "usr [s]": [4.54, 4.55, 4.49, 4.56, 4.65], "sys [s]": [1.55, 1.56, 1.7, 1.62, 1.62], "cpu [s]": [6.09, 6.109999999999999, 6.19, 6.18, 6.2700000000000005]}, "command": "['xs', 'Sherlock', 'en.xslz4', '-m', 'en.xslz4.meta', '--max-readers', '4']"}, "xspp lz4 hc -> xs grep*": {"data": {"wall [s]": [10.42, 10.16, 10.13, 10.1, 10.17], "usr [s]": [4.35, 4.51, 4.42, 4.31, 4.22], "sys [s]": [1.16, 1.02, 1.04, 0.99, 1.07], "cpu [s]": [5.51, 5.529999999999999, 5.46, 5.3, 5.29]}, "command": "['xs', 'Sherlock', 'en.hc.xslz4', '-m', 'en.hc.xslz4.meta', '--max-readers', '4']"}}}