{"setup": {"name": "search lines (regex 'She[r ]lock')", "hardware": {"client": "ural", "cpu": "AMD Ryzen 7 3700X 8-Core Processor"}}, "results": {"GNU grep": {"data": {"wall [s]": [25.71, 25.62, 25.66, 25.64, 25.6], "usr [s]": [12.45, 13.07, 12.86, 12.21, 13.09], "sys [s]": [2.42, 1.9, 2.28, 2.52, 1.78], "cpu [s]": [14.87, 14.97, 15.139999999999999, 14.73, 14.87]}, "command": "['grep', 'She[r ]lock', 'en.txt', '-i']"}, "ripgrep": {"data": {"wall [s]": [25.78, 25.81, 25.82, 25.78, 25.83], "usr [s]": [4.08, 4.18, 4.26, 3.6, 4.04], "sys [s]": [2.84, 2.67, 2.75, 2.52, 2.91], "cpu [s]": [6.92, 6.85, 7.01, 6.12, 6.95]}, "command": "['rg', 'She[r ]lock', 'en.txt', '-i']"}, "xs grep -j 1": {"data": {"wall [s]": [39.11, 40.27, 38.88, 39.05, 37.07], "usr [s]": [19.18, 19.27, 18.23, 18.59, 18.06], "sys [s]": [2.65, 2.74, 2.77, 2.52, 2.4], "cpu [s]": [21.83, 22.009999999999998, 21.0, 21.11, 20.459999999999997]}, "command": "['xs', 'She[r ]lock', 'en.txt', '-i', '-j', '1']"}, "xs grep": {"data": {"wall [s]": [36.07, 36.45, 36.55, 36.0, 36.7], "usr [s]": [23.01, 22.62, 22.97, 22.58, 22.77], "sys [s]": [3.13, 3.2, 2.91, 3.03, 3.01], "cpu [s]": [26.14, 25.82, 25.88, 25.61, 25.78]}, "command": "['xs', 'She[r ]lock', 'en.txt', '-i']"}, "xs grep -j": {"data": {"wall [s]": [36.34, 37.05, 36.61, 36.84, 36.72], "usr [s]": [22.97, 23.1, 22.94, 22.66, 22.92], "sys [s]": [2.98, 3.11, 3.13, 3.25, 3.22], "cpu [s]": [25.95, 26.21, 26.07, 25.91, 26.14]}, "command": "['xs', 'She[r ]lock', 'en.txt', '-i', '-j']"}, "xs grep -j 1 --no-mmap": {"data": {"wall [s]": [25.66, 25.7, 25.66, 25.72, 25.75], "usr [s]": [11.74, 11.77, 11.63, 11.73, 11.76], "sys [s]": [3.88, 3.93, 3.92, 3.84, 3.91], "cpu [s]": [15.620000000000001, 15.7, 15.55, 15.57, 15.67]}, "command": "['xs', 'She[r ]lock', 'en.txt', '-i', '-j', '1', '--no-mmap']"}, "xs grep --no-mmap": {"data": {"wall [s]": [25.68, 25.65, 25.81, 25.67, 25.68], "usr [s]": [22.81, 22.47, 22.68, 22.84, 23.14], "sys [s]": [4.05, 4.22, 4.19, 4.06, 4.07], "cpu [s]": [26.86, 26.689999999999998, 26.87, 26.9, 27.21]}, "command": "['xs', 'She[r ]lock', 'en.txt', '-i', '--no-mmap']"}, "xs grep -j --no-mmap": {"data": {"wall [s]": [25.7, 25.64, 25.7, 25.65, 25.66], "usr [s]": [21.94, 22.29, 22.7, 22.48, 23.0], "sys [s]": [4.36, 4.32, 4.02, 4.27, 4.04], "cpu [s]": [26.3, 26.61, 26.72, 26.75, 27.04]}, "command": "['xs', 'She[r ]lock', 'en.txt', '-i', '-j', '--no-mmap']"}}}