{"setup": {"name": "search lines (regex 'She[r ]lock')", "hardware": {"client": "ural", "cpu": "AMD Ryzen 7 3700X 8-Core Processor"}}, "results": {"GNU grep": {"data": {"wall [s]": [25.76, 25.59, 25.58, 25.58, 25.59], "usr [s]": [6.53, 6.41, 6.43, 6.48, 6.61], "sys [s]": [3.27, 3.31, 3.16, 3.21, 3.18], "cpu [s]": [9.8, 9.72, 9.59, 9.690000000000001, 9.790000000000001]}, "command": "['grep', 'She[r ]lock', 'data.txt']"}, "ripgrep": {"data": {"wall [s]": [25.8, 25.78, 25.81, 25.78, 25.83], "usr [s]": [1.65, 1.67, 1.72, 1.73, 1.72], "sys [s]": [2.84, 2.86, 2.92, 2.72, 2.88], "cpu [s]": [4.49, 4.529999999999999, 4.64, 4.45, 4.6]}, "command": "['rg', 'She[r ]lock', 'data.txt']"}, "xs grep -j 1": {"data": {"wall [s]": [34.73, 34.07, 34.23, 34.5, 34.43], "usr [s]": [1.33, 1.25, 1.34, 1.45, 1.5], "sys [s]": [3.11, 3.23, 3.15, 2.96, 2.83], "cpu [s]": [4.4399999999999995, 4.48, 4.49, 4.41, 4.33]}, "command": "['xs', 'She[r ]lock', 'data.txt', '-j', '1']"}, "xs grep": {"data": {"wall [s]": [38.25, 37.1, 38.27, 37.87, 37.86], "usr [s]": [1.39, 1.34, 1.34, 1.24, 1.35], "sys [s]": [3.24, 3.32, 3.08, 3.39, 3.07], "cpu [s]": [4.63, 4.66, 4.42, 4.63, 4.42]}, "command": "['xs', 'She[r ]lock', 'data.txt']"}, "xs grep -j": {"data": {"wall [s]": [37.76, 37.58, 37.56, 37.64, 37.76], "usr [s]": [1.33, 1.39, 1.37, 1.33, 1.32], "sys [s]": [3.29, 3.24, 3.24, 3.24, 3.2], "cpu [s]": [4.62, 4.63, 4.61, 4.57, 4.5200000000000005]}, "command": "['xs', 'She[r ]lock', 'data.txt', '-j']"}, "xs grep -j 1 --no-mmap": {"data": {"wall [s]": [25.68, 25.82, 25.65, 25.69, 25.65], "usr [s]": [1.2, 1.4, 1.5, 1.37, 1.25], "sys [s]": [3.61, 3.85, 3.84, 3.88, 3.93], "cpu [s]": [4.81, 5.25, 5.34, 5.25, 5.18]}, "command": "['xs', 'She[r ]lock', 'data.txt', '-j', '1', '--no-mmap']"}, "xs grep --no-mmap": {"data": {"wall [s]": [25.62, 25.64, 25.66, 25.65, 25.63], "usr [s]": [1.39, 1.38, 1.44, 1.38, 1.38], "sys [s]": [3.98, 3.97, 3.83, 3.94, 3.92], "cpu [s]": [5.37, 5.35, 5.27, 5.32, 5.3]}, "command": "['xs', 'She[r ]lock', 'data.txt', '--no-mmap']"}, "xs grep -j --no-mmap": {"data": {"wall [s]": [25.63, 25.66, 25.62, 25.65, 25.62], "usr [s]": [1.18, 1.29, 1.23, 1.4, 1.18], "sys [s]": [3.95, 4.02, 3.98, 3.9, 4.07], "cpu [s]": [5.13, 5.31, 5.21, 5.3, 5.25]}, "command": "['xs', 'She[r ]lock', 'data.txt', '-j', '--no-mmap']"}}}