{"setup": {"name": "search lines (literal 'Sherlock')", "hardware": {"client": "ural", "cpu": "AMD Ryzen 7 3700X 8-Core Processor"}}, "results": {"GNU grep": {"data": {"wall [s]": [25.63, 25.6, 25.69, 25.65, 25.59], "usr [s]": [5.06, 4.14, 4.97, 4.99, 5.06], "sys [s]": [3.08, 2.98, 3.31, 3.16, 3.24], "cpu [s]": [8.14, 7.119999999999999, 8.28, 8.15, 8.3]}, "command": "['grep', 'Sherlock', 'data.txt']"}, "ripgrep": {"data": {"wall [s]": [25.78, 25.79, 25.83, 25.83, 25.82], "usr [s]": [0.69, 0.68, 0.67, 0.64, 0.76], "sys [s]": [2.79, 2.74, 2.9, 2.77, 2.67], "cpu [s]": [3.48, 3.4200000000000004, 3.57, 3.41, 3.4299999999999997]}, "command": "['rg', 'Sherlock', 'data.txt']"}, "xs grep -j 1": {"data": {"wall [s]": [33.73, 34.32, 35.15, 35.31, 34.17], "usr [s]": [0.84, 0.9, 0.92, 0.94, 0.89], "sys [s]": [3.21, 3.08, 3.1, 3.02, 3.08], "cpu [s]": [4.05, 3.98, 4.0200000000000005, 3.96, 3.97]}, "command": "['xs', 'Sherlock', 'data.txt', '-j', '1']"}, "xs grep": {"data": {"wall [s]": [37.82, 37.72, 37.55, 37.75, 37.9], "usr [s]": [0.79, 0.92, 0.9, 0.94, 0.83], "sys [s]": [3.2, 3.35, 3.37, 3.08, 3.33], "cpu [s]": [3.99, 4.2700000000000005, 4.2700000000000005, 4.02, 4.16]}, "command": "['xs', 'Sherlock', 'data.txt']"}, "xs grep -j": {"data": {"wall [s]": [37.09, 37.39, 37.67, 38.11, 37.8], "usr [s]": [0.89, 0.83, 0.84, 0.95, 0.91], "sys [s]": [3.28, 3.39, 3.36, 3.22, 3.23], "cpu [s]": [4.17, 4.22, 4.2, 4.17, 4.14]}, "command": "['xs', 'Sherlock', 'data.txt', '-j']"}, "xs grep -j 1 --no-mmap": {"data": {"wall [s]": [25.67, 25.64, 25.67, 25.64, 25.69], "usr [s]": [0.84, 0.95, 0.96, 0.87, 0.99], "sys [s]": [3.78, 3.89, 3.9, 4.07, 3.88], "cpu [s]": [4.62, 4.84, 4.859999999999999, 4.94, 4.87]}, "command": "['xs', 'Sherlock', 'data.txt', '-j', '1', '--no-mmap']"}, "xs grep --no-mmap": {"data": {"wall [s]": [25.62, 25.62, 25.67, 25.65, 25.64], "usr [s]": [1.0, 0.85, 1.01, 0.97, 1.0], "sys [s]": [3.8, 4.05, 3.92, 3.91, 3.88], "cpu [s]": [4.8, 4.8999999999999995, 4.93, 4.88, 4.88]}, "command": "['xs', 'Sherlock', 'data.txt', '--no-mmap']"}, "xs grep -j --no-mmap": {"data": {"wall [s]": [25.61, 25.63, 25.65, 25.66, 25.6], "usr [s]": [0.87, 1.0, 0.96, 1.03, 0.94], "sys [s]": [4.05, 3.68, 3.94, 3.77, 4.0], "cpu [s]": [4.92, 4.68, 4.9, 4.8, 4.9399999999999995]}, "command": "['xs', 'Sherlock', 'data.txt', '-j', '--no-mmap']"}, "GNU grep*": {"data": {"wall [s]": [25.63, 25.61, 25.6, 25.62, 25.6], "usr [s]": [5.22, 4.11, 5.04, 5.0, 5.13], "sys [s]": [3.07, 2.73, 3.13, 3.34, 3.07], "cpu [s]": [8.29, 6.84, 8.17, 8.34, 8.2]}, "command": "['grep', 'sherlock', 'data.txt']"}, "ripgrep*": {"data": {"wall [s]": [25.8, 25.82, 25.8, 25.8, 25.79], "usr [s]": [0.8, 0.76, 0.73, 0.75, 0.79], "sys [s]": [2.8, 2.81, 2.95, 2.85, 2.72], "cpu [s]": [3.5999999999999996, 3.5700000000000003, 3.68, 3.6, 3.5100000000000002]}, "command": "['rg', 'sherlock', 'data.txt']"}, "xs grep -j 1*": {"data": {"wall [s]": [34.96, 34.18, 34.39, 33.88, 34.07], "usr [s]": [0.98, 0.98, 1.0, 0.95, 1.0], "sys [s]": [3.08, 3.09, 3.1, 3.15, 2.81], "cpu [s]": [4.0600000000000005, 4.07, 4.1, 4.1, 3.81]}, "command": "['xs', 'sherlock', 'data.txt', '-j', '1']"}, "xs grep*": {"data": {"wall [s]": [38.3, 37.43, 37.72, 37.57, 38.47], "usr [s]": [0.98, 0.94, 0.94, 1.01, 0.85], "sys [s]": [3.4, 3.37, 3.27, 3.23, 3.38], "cpu [s]": [4.38, 4.3100000000000005, 4.21, 4.24, 4.2299999999999995]}, "command": "['xs', 'sherlock', 'data.txt']"}, "xs grep -j*": {"data": {"wall [s]": [37.44, 37.38, 37.32, 37.0, 37.34], "usr [s]": [0.87, 0.98, 0.92, 0.84, 1.0], "sys [s]": [3.35, 3.24, 3.33, 3.39, 3.25], "cpu [s]": [4.22, 4.220000000000001, 4.25, 4.23, 4.25]}, "command": "['xs', 'sherlock', 'data.txt', '-j']"}, "xs grep -j 1 --no-mmap*": {"data": {"wall [s]": [25.65, 25.65, 25.66, 25.69, 25.64], "usr [s]": [0.88, 0.94, 1.2, 1.07, 0.89], "sys [s]": [3.66, 4.03, 3.76, 4.03, 3.94], "cpu [s]": [4.54, 4.970000000000001, 4.96, 5.1000000000000005, 4.83]}, "command": "['xs', 'sherlock', 'data.txt', '-j', '1', '--no-mmap']"}, "xs grep --no-mmap*": {"data": {"wall [s]": [25.63, 25.61, 25.62, 25.6, 25.67], "usr [s]": [1.03, 0.98, 0.81, 0.78, 0.97], "sys [s]": [3.98, 4.07, 4.07, 4.15, 4.03], "cpu [s]": [5.01, 5.050000000000001, 4.880000000000001, 4.930000000000001, 5.0]}, "command": "['xs', 'sherlock', 'data.txt', '--no-mmap']"}, "xs grep -j --no-mmap*": {"data": {"wall [s]": [25.6, 25.62, 25.69, 25.65, 25.62], "usr [s]": [0.83, 0.92, 1.05, 0.97, 1.1], "sys [s]": [4.0, 4.04, 3.78, 3.96, 3.89], "cpu [s]": [4.83, 4.96, 4.83, 4.93, 4.99]}, "command": "['xs', 'sherlock', 'data.txt', '-j', '--no-mmap']"}}}