{"setup": {"name": "search lines (regex 'She[r ]lock')", "hardware": {"client": "ural", "cpu": "AMD Ryzen 7 3700X 8-Core Processor"}}, "results": {"GNU grep": {"data": {"wall [s]": [25.65, 25.63, 25.6, 25.69, 25.79], "usr [s]": [15.02, 15.17, 14.88, 15.36, 14.89], "sys [s]": [2.26, 1.98, 2.17, 2.11, 2.27], "cpu [s]": [17.28, 17.15, 17.05, 17.47, 17.16]}, "command": "['grep', 'She[r ]lock', 'data.txt', '-i', '-n']"}, "ripgrep": {"data": {"wall [s]": [25.82, 25.8, 25.83, 25.81, 25.82], "usr [s]": [4.49, 4.51, 4.54, 4.63, 4.62], "sys [s]": [2.82, 2.86, 2.69, 2.6, 2.69], "cpu [s]": [7.3100000000000005, 7.369999999999999, 7.23, 7.23, 7.3100000000000005]}, "command": "['rg', 'She[r ]lock', 'data.txt', '-i', '-n']"}, "xs grep -j 1": {"data": {"wall [s]": [55.69, 52.08, 47.58, 57.16, 56.4], "usr [s]": [25.0, 24.0, 22.06, 25.13, 25.49], "sys [s]": [2.72, 2.72, 2.57, 2.61, 2.6], "cpu [s]": [27.72, 26.72, 24.63, 27.74, 28.09]}, "command": "['xs', 'She[r ]lock', 'data.txt', '-i', '-n', '-j', '1']"}, "xs grep": {"data": {"wall [s]": [38.23, 38.93, 37.4, 37.37, 38.14], "usr [s]": [27.63, 28.71, 25.67, 26.95, 28.4], "sys [s]": [3.03, 3.34, 2.83, 3.15, 3.18], "cpu [s]": [30.66, 32.05, 28.5, 30.099999999999998, 31.58]}, "command": "['xs', 'She[r ]lock', 'data.txt', '-i', '-n']"}, "xs grep -j": {"data": {"wall [s]": [37.64, 37.86, 37.18, 37.35, 37.37], "usr [s]": [29.55, 29.55, 29.36, 29.56, 29.75], "sys [s]": [3.12, 3.14, 3.1, 3.37, 3.3], "cpu [s]": [32.67, 32.69, 32.46, 32.93, 33.05]}, "command": "['xs', 'She[r ]lock', 'data.txt', '-i', '-n', '-j']"}, "xs grep -j 1 --no-mmap": {"data": {"wall [s]": [25.67, 25.68, 25.68, 25.66, 25.66], "usr [s]": [14.6, 14.66, 14.54, 14.52, 14.55], "sys [s]": [3.79, 3.97, 3.81, 3.99, 3.81], "cpu [s]": [18.39, 18.63, 18.349999999999998, 18.509999999999998, 18.36]}, "command": "['xs', 'She[r ]lock', 'data.txt', '-i', '-n', '-j', '1', '--no-mmap']"}, "xs grep --no-mmap": {"data": {"wall [s]": [25.69, 25.66, 25.66, 25.75, 25.7], "usr [s]": [22.72, 22.87, 22.66, 24.55, 23.04], "sys [s]": [4.26, 4.33, 4.08, 4.66, 3.81], "cpu [s]": [26.979999999999997, 27.200000000000003, 26.740000000000002, 29.21, 26.849999999999998]}, "command": "['xs', 'She[r ]lock', 'data.txt', '-i', '-n', '--no-mmap']"}, "xs grep -j --no-mmap": {"data": {"wall [s]": [25.66, 25.65, 25.69, 25.68, 25.65], "usr [s]": [22.92, 20.83, 21.89, 21.86, 22.68], "sys [s]": [3.97, 4.3, 4.01, 3.82, 4.23], "cpu [s]": [26.89, 25.13, 25.9, 25.68, 26.91]}, "command": "['xs', 'She[r ]lock', 'data.txt', '-i', '-n', '-j', '--no-mmap']"}}}