{"setup": {"name": "search lines (literal 'Sherlock' line numbers)", "hardware": {"client": "ural", "cpu": "AMD Ryzen 7 3700X 8-Core Processor"}}, "results": {"GNU grep": {"data": {"wall [s]": [25.73, 25.59, 25.68, 25.59, 25.62], "usr [s]": [10.21, 10.23, 10.28, 10.12, 10.54], "sys [s]": [3.22, 3.25, 3.25, 3.3, 3.23], "cpu [s]": [13.430000000000001, 13.48, 13.53, 13.419999999999998, 13.77]}, "command": "['grep', 'Sherlock', 'data.txt', '-n']"}, "ripgrep": {"data": {"wall [s]": [25.81, 25.8, 25.84, 25.79, 25.81], "usr [s]": [1.08, 1.13, 1.08, 1.02, 1.11], "sys [s]": [2.7, 2.81, 2.72, 2.82, 2.87], "cpu [s]": [3.7800000000000002, 3.94, 3.8000000000000003, 3.84, 3.9800000000000004]}, "command": "['rg', 'Sherlock', 'data.txt', '-n']"}, "xs grep -j 1": {"data": {"wall [s]": [34.8, 34.79, 35.0, 35.8, 35.12], "usr [s]": [6.45, 6.81, 6.98, 6.73, 6.92], "sys [s]": [3.07, 3.0, 3.1, 3.08, 2.9], "cpu [s]": [9.52, 9.809999999999999, 10.08, 9.81, 9.82]}, "command": "['xs', 'Sherlock', 'data.txt', '-n', '-j', '1']"}, "xs grep": {"data": {"wall [s]": [37.41, 37.77, 38.22, 37.63, 37.17], "usr [s]": [6.84, 6.88, 6.54, 6.4, 6.84], "sys [s]": [3.07, 3.07, 2.95, 3.13, 3.03], "cpu [s]": [9.91, 9.95, 9.49, 9.530000000000001, 9.87]}, "command": "['xs', 'Sherlock', 'data.txt', '-n']"}, "xs grep -j": {"data": {"wall [s]": [37.53, 37.68, 36.89, 37.17, 37.65], "usr [s]": [6.84, 6.73, 6.77, 6.98, 6.95], "sys [s]": [3.13, 3.26, 3.1, 2.97, 3.12], "cpu [s]": [9.969999999999999, 9.99, 9.87, 9.950000000000001, 10.07]}, "command": "['xs', 'Sherlock', 'data.txt', '-n', '-j']"}, "xs grep -j 1 --no-mmap": {"data": {"wall [s]": [25.69, 25.66, 25.67, 25.69, 25.71], "usr [s]": [6.92, 6.66, 7.08, 7.07, 6.75], "sys [s]": [3.91, 3.98, 3.85, 3.91, 3.8], "cpu [s]": [10.83, 10.64, 10.93, 10.98, 10.55]}, "command": "['xs', 'Sherlock', 'data.txt', '-n', '-j', '1', '--no-mmap']"}, "xs grep --no-mmap": {"data": {"wall [s]": [25.63, 25.62, 25.63, 25.63, 25.62], "usr [s]": [6.63, 6.78, 6.09, 6.2, 6.52], "sys [s]": [3.91, 3.82, 3.89, 4.0, 4.13], "cpu [s]": [10.54, 10.6, 9.98, 10.2, 10.649999999999999]}, "command": "['xs', 'Sherlock', 'data.txt', '-n', '--no-mmap']"}, "xs grep -j --no-mmap": {"data": {"wall [s]": [25.61, 25.63, 25.61, 25.59, 25.63], "usr [s]": [6.61, 6.62, 6.71, 6.79, 6.69], "sys [s]": [4.0, 4.07, 3.89, 3.92, 3.84], "cpu [s]": [10.61, 10.690000000000001, 10.6, 10.71, 10.530000000000001]}, "command": "['xs', 'Sherlock', 'data.txt', '-n', '-j', '--no-mmap']"}, "GNU grep*": {"data": {"wall [s]": [25.63, 25.6, 25.61, 25.57, 25.59], "usr [s]": [10.37, 10.26, 10.14, 10.19, 10.27], "sys [s]": [2.95, 3.14, 3.37, 3.13, 3.3], "cpu [s]": [13.32, 13.4, 13.510000000000002, 13.32, 13.57]}, "command": "['grep', 'sherlock', 'data.txt', '-n']"}, "ripgrep*": {"data": {"wall [s]": [25.91, 25.86, 25.87, 25.82, 25.84], "usr [s]": [1.22, 1.26, 1.25, 1.28, 1.15], "sys [s]": [2.83, 2.88, 2.71, 2.69, 2.9], "cpu [s]": [4.05, 4.14, 3.96, 3.9699999999999998, 4.05]}, "command": "['rg', 'sherlock', 'data.txt', '-n']"}, "xs grep -j 1*": {"data": {"wall [s]": [35.83, 34.32, 35.51, 36.22, 36.78], "usr [s]": [6.8, 6.62, 6.88, 6.86, 6.69], "sys [s]": [3.0, 3.24, 3.04, 3.09, 3.17], "cpu [s]": [9.8, 9.86, 9.92, 9.95, 9.86]}, "command": "['xs', 'sherlock', 'data.txt', '-n', '-j', '1']"}, "xs grep*": {"data": {"wall [s]": [38.03, 37.56, 37.89, 37.14, 38.23], "usr [s]": [6.65, 6.89, 6.73, 6.81, 6.91], "sys [s]": [3.1, 3.08, 3.02, 3.05, 3.14], "cpu [s]": [9.75, 9.969999999999999, 9.75, 9.86, 10.05]}, "command": "['xs', 'sherlock', 'data.txt', '-n']"}, "xs grep -j*": {"data": {"wall [s]": [37.38, 36.98, 37.13, 37.14, 37.04], "usr [s]": [7.05, 6.83, 6.87, 6.73, 6.93], "sys [s]": [3.06, 3.31, 3.04, 3.18, 3.14], "cpu [s]": [10.11, 10.14, 9.91, 9.91, 10.07]}, "command": "['xs', 'sherlock', 'data.txt', '-n', '-j']"}, "xs grep -j 1 --no-mmap*": {"data": {"wall [s]": [25.7, 25.64, 25.66, 25.69, 25.67], "usr [s]": [7.06, 4.64, 7.48, 7.09, 7.14], "sys [s]": [3.96, 3.79, 3.87, 4.02, 3.77], "cpu [s]": [11.02, 8.43, 11.350000000000001, 11.11, 10.91]}, "command": "['xs', 'sherlock', 'data.txt', '-n', '-j', '1', '--no-mmap']"}, "xs grep --no-mmap*": {"data": {"wall [s]": [25.64, 25.63, 25.72, 25.63, 25.78], "usr [s]": [6.68, 6.74, 6.64, 6.75, 6.96], "sys [s]": [3.98, 3.94, 3.86, 4.0, 4.03], "cpu [s]": [10.66, 10.68, 10.5, 10.75, 10.99]}, "command": "['xs', 'sherlock', 'data.txt', '-n', '--no-mmap']"}, "xs grep -j --no-mmap*": {"data": {"wall [s]": [25.65, 25.63, 25.64, 25.7, 25.64], "usr [s]": [6.55, 6.52, 6.66, 6.67, 6.75], "sys [s]": [4.13, 4.1, 3.98, 3.97, 3.78], "cpu [s]": [10.68, 10.62, 10.64, 10.64, 10.53]}, "command": "['xs', 'sherlock', 'data.txt', '-n', '-j', '--no-mmap']"}}}