{"setup": {"name": "search lines (regex ' [sS][A-Za-z]*[kK] ', ignore case, line number)", "hardware": {"client": "ural", "cpu": "AMD Ryzen 7 3700X 8-Core Processor"}}, "results": {"GNU grep": {"data": {"wall [s]": [38.97, 39.29, 39.1, 39.53, 38.96], "usr [s]": [36.51, 36.89, 36.88, 37.14, 36.67], "sys [s]": [2.35, 2.27, 2.02, 2.31, 2.21], "cpu [s]": [38.86, 39.160000000000004, 38.900000000000006, 39.45, 38.88]}, "command": "['grep', ' [sS][A-Za-z]*[kK] ', 'data.txt', '-i', '-n']"}, "ripgrep": {"data": {"wall [s]": [25.88, 25.82, 25.87, 25.86, 25.88], "usr [s]": [21.71, 21.48, 20.86, 20.99, 21.16], "sys [s]": [1.69, 1.84, 1.93, 1.85, 1.86], "cpu [s]": [23.400000000000002, 23.32, 22.79, 22.84, 23.02]}, "command": "['rg', ' [sS][A-Za-z]*[kK] ', 'data.txt', '-i', '-n']"}, "xs grep -j 1": {"data": {"wall [s]": [64.34, 70.61, 67.04, 58.15, 65.47], "usr [s]": [33.75, 39.59, 36.98, 33.53, 34.37], "sys [s]": [2.31, 2.35, 2.32, 2.32, 2.29], "cpu [s]": [36.06, 41.940000000000005, 39.3, 35.85, 36.66]}, "command": "['xs', ' [sS][A-Za-z]*[kK] ', 'data.txt', '-j', '1', '-i', '-n']"}, "xs grep": {"data": {"wall [s]": [40.59, 41.56, 40.84, 41.4, 43.09], "usr [s]": [46.93, 48.1, 47.68, 45.96, 49.35], "sys [s]": [2.45, 2.39, 2.44, 2.43, 2.44], "cpu [s]": [49.38, 50.49, 50.12, 48.39, 51.79]}, "command": "['xs', ' [sS][A-Za-z]*[kK] ', 'data.txt', '-i', '-n']"}, "xs grep -j": {"data": {"wall [s]": [38.07, 38.32, 37.66, 37.37, 37.38], "usr [s]": [47.53, 48.48, 46.93, 48.27, 48.33], "sys [s]": [2.52, 2.82, 2.7, 2.77, 2.77], "cpu [s]": [50.050000000000004, 51.3, 49.63, 51.040000000000006, 51.1]}, "command": "['xs', ' [sS][A-Za-z]*[kK] ', 'data.txt', '-i', '-n', '-j']"}, "xs grep -j 1 --no-mmap": {"data": {"wall [s]": [30.59, 31.44, 31.63, 30.87, 31.25], "usr [s]": [30.51, 31.31, 31.34, 30.59, 30.96], "sys [s]": [4.19, 4.25, 4.05, 4.42, 4.45], "cpu [s]": [34.7, 35.56, 35.39, 35.01, 35.410000000000004]}, "command": "['xs', ' [sS][A-Za-z]*[kK] ', 'data.txt', '-j', '1', '-i', '-n', '--no-mmap']"}, "xs grep --no-mmap": {"data": {"wall [s]": [25.72, 25.69, 25.71, 25.74, 25.65], "usr [s]": [31.25, 31.09, 31.09, 31.82, 31.01], "sys [s]": [4.82, 4.8, 4.81, 4.97, 5.17], "cpu [s]": [36.07, 35.89, 35.9, 36.79, 36.18]}, "command": "['xs', ' [sS][A-Za-z]*[kK] ', 'data.txt', '-i', '-n', '--no-mmap']"}, "xs grep -j --no-mmap": {"data": {"wall [s]": [25.7, 25.79, 25.66, 25.67, 25.68], "usr [s]": [31.86, 31.98, 31.99, 32.19, 31.7], "sys [s]": [4.51, 4.61, 4.96, 4.47, 4.45], "cpu [s]": [36.37, 36.59, 36.949999999999996, 36.66, 36.15]}, "command": "['xs', ' [sS][A-Za-z]*[kK] ', 'data.txt', '-i', '-n', '-j', '--no-mmap']"}}}