{"setup": {"name": "search lines (literal 'Sherlock' ignore case)", "hardware": {"client": "ural", "cpu": "AMD Ryzen 7 3700X 8-Core Processor"}}, "results": {"GNU grep": {"data": {"wall [s]": [25.72, 25.6, 25.61, 25.62, 25.62], "usr [s]": [12.54, 12.6, 12.21, 13.03, 12.23], "sys [s]": [2.29, 2.05, 2.56, 1.97, 2.59], "cpu [s]": [14.829999999999998, 14.649999999999999, 14.770000000000001, 15.0, 14.82]}, "command": "['grep', 'Sherlock', 'data.txt', '-i']"}, "ripgrep": {"data": {"wall [s]": [25.81, 25.79, 25.79, 25.78, 25.78], "usr [s]": [2.03, 1.96, 1.97, 2.0, 2.02], "sys [s]": [2.8, 2.88, 2.88, 2.9, 2.75], "cpu [s]": [4.83, 4.84, 4.85, 4.9, 4.77]}, "command": "['rg', 'Sherlock', 'data.txt', '-i']"}, "xs grep -j 1": {"data": {"wall [s]": [34.7, 34.31, 34.41, 34.69, 34.35], "usr [s]": [2.29, 2.49, 2.31, 2.38, 2.51], "sys [s]": [3.36, 3.15, 3.36, 3.31, 3.15], "cpu [s]": [5.65, 5.640000000000001, 5.67, 5.6899999999999995, 5.66]}, "command": "['xs', 'Sherlock', 'data.txt', '-i', '-j', '1']"}, "xs grep": {"data": {"wall [s]": [38.0, 37.73, 37.34, 38.05, 37.51], "usr [s]": [2.43, 2.37, 2.53, 2.44, 2.42], "sys [s]": [3.42, 3.51, 3.35, 3.45, 3.29], "cpu [s]": [5.85, 5.88, 5.88, 5.890000000000001, 5.71]}, "command": "['xs', 'Sherlock', 'data.txt', '-i']"}, "xs grep -j": {"data": {"wall [s]": [37.28, 37.45, 37.24, 37.23, 37.59], "usr [s]": [2.53, 2.5, 2.56, 2.41, 2.42], "sys [s]": [3.41, 3.47, 3.32, 3.54, 3.52], "cpu [s]": [5.9399999999999995, 5.970000000000001, 5.88, 5.95, 5.9399999999999995]}, "command": "['xs', 'Sherlock', 'data.txt', '-i', '-j']"}, "xs grep -j 1 --no-mmap": {"data": {"wall [s]": [25.66, 25.65, 25.65, 25.68, 25.65], "usr [s]": [3.06, 3.05, 3.06, 3.04, 2.98], "sys [s]": [3.78, 4.01, 3.98, 3.84, 3.77], "cpu [s]": [6.84, 7.06, 7.04, 6.88, 6.75]}, "command": "['xs', 'Sherlock', 'data.txt', '-i', '-j', '1', '--no-mmap']"}, "xs grep --no-mmap": {"data": {"wall [s]": [25.67, 25.66, 25.64, 25.66, 25.63], "usr [s]": [3.05, 2.81, 2.89, 2.96, 2.8], "sys [s]": [3.91, 3.72, 4.04, 3.92, 4.06], "cpu [s]": [6.96, 6.53, 6.93, 6.88, 6.859999999999999]}, "command": "['xs', 'Sherlock', 'data.txt', '-i', '--no-mmap']"}, "xs grep -j --no-mmap": {"data": {"wall [s]": [25.65, 25.64, 25.61, 25.64, 25.67], "usr [s]": [2.82, 3.03, 2.96, 2.75, 2.84], "sys [s]": [4.15, 4.05, 3.94, 4.08, 3.93], "cpu [s]": [6.970000000000001, 7.08, 6.9, 6.83, 6.77]}, "command": "['xs', 'Sherlock', 'data.txt', '-i', '-j', '--no-mmap']"}, "GNU grep*": {"data": {"wall [s]": [25.58, 25.59, 25.6, 25.68, 25.63], "usr [s]": [12.66, 12.93, 12.67, 12.18, 12.48], "sys [s]": [2.34, 2.19, 2.13, 2.52, 2.3], "cpu [s]": [15.0, 15.12, 14.8, 14.7, 14.780000000000001]}, "command": "['grep', 'sherlock', 'data.txt', '-i']"}, "ripgrep*": {"data": {"wall [s]": [25.79, 25.78, 25.84, 25.81, 25.77], "usr [s]": [1.94, 1.98, 2.13, 2.01, 2.02], "sys [s]": [2.92, 2.83, 2.59, 2.83, 2.89], "cpu [s]": [4.859999999999999, 4.8100000000000005, 4.72, 4.84, 4.91]}, "command": "['rg', 'sherlock', 'data.txt', '-i']"}, "xs grep -j 1*": {"data": {"wall [s]": [34.49, 33.94, 35.92, 34.77, 34.35], "usr [s]": [2.44, 2.33, 2.22, 2.29, 2.32], "sys [s]": [3.14, 3.29, 3.48, 3.38, 3.31], "cpu [s]": [5.58, 5.62, 5.7, 5.67, 5.63]}, "command": "['xs', 'sherlock', 'data.txt', '-i', '-j', '1']"}, "xs grep*": {"data": {"wall [s]": [37.42, 37.68, 38.77, 37.73, 38.1], "usr [s]": [2.58, 2.36, 2.32, 2.53, 2.61], "sys [s]": [3.28, 3.54, 3.55, 3.28, 3.24], "cpu [s]": [5.859999999999999, 5.9, 5.869999999999999, 5.81, 5.85]}, "command": "['xs', 'sherlock', 'data.txt', '-i']"}, "xs grep -j*": {"data": {"wall [s]": [37.48, 37.56, 37.27, 37.83, 37.65], "usr [s]": [2.6, 2.62, 2.43, 2.48, 2.44], "sys [s]": [3.37, 3.38, 3.5, 3.45, 3.44], "cpu [s]": [5.970000000000001, 6.0, 5.93, 5.93, 5.88]}, "command": "['xs', 'sherlock', 'data.txt', '-i', '-j']"}, "xs grep -j 1 --no-mmap*": {"data": {"wall [s]": [25.63, 25.66, 25.65, 25.66, 25.65], "usr [s]": [3.24, 3.03, 2.92, 3.15, 2.74], "sys [s]": [3.96, 3.97, 3.99, 3.93, 3.9], "cpu [s]": [7.2, 7.0, 6.91, 7.08, 6.640000000000001]}, "command": "['xs', 'sherlock', 'data.txt', '-i', '-j', '1', '--no-mmap']"}, "xs grep --no-mmap*": {"data": {"wall [s]": [25.68, 25.63, 25.65, 25.63, 25.64], "usr [s]": [2.95, 2.88, 3.03, 2.84, 2.92], "sys [s]": [3.95, 4.05, 3.91, 3.99, 3.97], "cpu [s]": [6.9, 6.93, 6.9399999999999995, 6.83, 6.890000000000001]}, "command": "['xs', 'sherlock', 'data.txt', '-i', '--no-mmap']"}, "xs grep -j --no-mmap*": {"data": {"wall [s]": [25.64, 25.65, 25.64, 25.59, 25.62], "usr [s]": [2.96, 2.79, 2.84, 2.97, 2.81], "sys [s]": [3.97, 4.09, 4.08, 3.98, 4.11], "cpu [s]": [6.93, 6.88, 6.92, 6.95, 6.92]}, "command": "['xs', 'sherlock', 'data.txt', '-i', '-j', '--no-mmap']"}}}