{"setup": {"name": "search lines (regex 'She[r ]lock')", "hardware": {"client": "ural", "cpu": "AMD Ryzen 7 3700X 8-Core Processor"}}, "results": {"GNU grep": {"data": {"wall [s]": [25.75, 25.64, 25.65, 25.69, 25.57], "usr [s]": [12.15, 7.71, 12.23, 11.89, 11.75], "sys [s]": [3.33, 2.23, 3.18, 3.09, 3.28], "cpu [s]": [15.48, 9.94, 15.41, 14.98, 15.03]}, "command": "['grep', 'She[r ]lock', 'data.txt', '-n']"}, "ripgrep": {"data": {"wall [s]": [25.8, 25.82, 25.8, 25.79, 25.76], "usr [s]": [1.88, 2.03, 2.02, 1.98, 2.0], "sys [s]": [2.88, 2.91, 2.97, 2.87, 2.91], "cpu [s]": [4.76, 4.9399999999999995, 4.99, 4.85, 4.91]}, "command": "['rg', 'She[r ]lock', 'data.txt', '-n']"}, "xs grep -j 1": {"data": {"wall [s]": [34.89, 35.02, 35.26, 34.59, 35.92], "usr [s]": [7.49, 6.51, 7.06, 7.1, 7.15], "sys [s]": [3.12, 2.87, 3.0, 3.29, 3.06], "cpu [s]": [10.61, 9.379999999999999, 10.059999999999999, 10.39, 10.21]}, "command": "['xs', 'She[r ]lock', 'data.txt', '-n', '-j', '1']"}, "xs grep": {"data": {"wall [s]": [37.6, 37.24, 38.2, 37.61, 37.85], "usr [s]": [7.3, 7.36, 7.3, 6.6, 7.36], "sys [s]": [2.97, 3.15, 3.19, 2.97, 3.14], "cpu [s]": [10.27, 10.51, 10.49, 9.57, 10.5]}, "command": "['xs', 'She[r ]lock', 'data.txt', '-n']"}, "xs grep -j": {"data": {"wall [s]": [37.52, 37.78, 37.51, 37.46, 37.6], "usr [s]": [6.92, 7.3, 7.22, 7.21, 7.16], "sys [s]": [3.3, 3.0, 2.91, 3.25, 3.14], "cpu [s]": [10.219999999999999, 10.3, 10.129999999999999, 10.46, 10.3]}, "command": "['xs', 'She[r ]lock', 'data.txt', '-n', '-j']"}, "xs grep -j 1 --no-mmap": {"data": {"wall [s]": [25.67, 25.67, 25.7, 25.64, 25.65], "usr [s]": [7.06, 6.93, 7.16, 7.0, 7.0], "sys [s]": [3.95, 4.03, 3.76, 3.87, 4.01], "cpu [s]": [11.01, 10.96, 10.92, 10.870000000000001, 11.01]}, "command": "['xs', 'She[r ]lock', 'data.txt', '-n', '-j', '1', '--no-mmap']"}, "xs grep --no-mmap": {"data": {"wall [s]": [25.61, 25.64, 25.63, 25.66, 25.72], "usr [s]": [7.15, 7.3, 6.98, 7.27, 7.16], "sys [s]": [3.83, 3.8, 3.9, 3.96, 3.93], "cpu [s]": [10.98, 11.1, 10.88, 11.23, 11.09]}, "command": "['xs', 'She[r ]lock', 'data.txt', '-n', '--no-mmap']"}, "xs grep -j --no-mmap": {"data": {"wall [s]": [25.62, 25.61, 25.78, 25.61, 25.68], "usr [s]": [6.13, 6.88, 6.87, 6.94, 6.49], "sys [s]": [3.97, 4.16, 4.15, 3.99, 3.97], "cpu [s]": [10.1, 11.04, 11.02, 10.93, 10.46]}, "command": "['xs', 'She[r ]lock', 'data.txt', '-n', '-j', '--no-mmap']"}}}