{"setup": {"name": "search lines (literal 'Sherlock' ignore case, line numbers)", "hardware": {"client": "ural", "cpu": "AMD Ryzen 7 3700X 8-Core Processor"}}, "results": {"GNU grep": {"data": {"wall [s]": [25.69, 25.62, 25.6, 25.63, 25.62], "usr [s]": [15.08, 15.01, 14.98, 15.23, 15.17], "sys [s]": [2.19, 2.21, 2.31, 2.42, 2.07], "cpu [s]": [17.27, 17.22, 17.29, 17.65, 17.24]}, "command": "['grep', 'Sherlock', 'data.txt', '-n', '-i']"}, "ripgrep": {"data": {"wall [s]": [25.79, 25.85, 25.78, 25.78, 25.78], "usr [s]": [2.43, 2.31, 2.5, 2.41, 2.42], "sys [s]": [2.81, 2.95, 2.73, 2.88, 2.81], "cpu [s]": [5.24, 5.26, 5.23, 5.29, 5.23]}, "command": "['rg', 'Sherlock', 'data.txt', '-n', '-i']"}, "xs grep -j 1": {"data": {"wall [s]": [35.97, 36.13, 35.16, 36.49, 36.15], "usr [s]": [8.42, 8.36, 8.34, 8.1, 8.32], "sys [s]": [3.03, 3.01, 3.08, 3.36, 3.11], "cpu [s]": [11.45, 11.37, 11.42, 11.459999999999999, 11.43]}, "command": "['xs', 'Sherlock', 'data.txt', '-i', '-n', '-j', '1']"}, "xs grep": {"data": {"wall [s]": [38.15, 37.64, 37.33, 37.19, 38.53], "usr [s]": [9.34, 9.29, 8.72, 9.56, 9.34], "sys [s]": [3.16, 3.24, 3.07, 3.22, 3.25], "cpu [s]": [12.5, 12.53, 11.790000000000001, 12.780000000000001, 12.59]}, "command": "['xs', 'Sherlock', 'data.txt', '-n', '-i']"}, "xs grep -j": {"data": {"wall [s]": [37.0, 37.19, 37.7, 37.44, 37.74], "usr [s]": [9.08, 9.03, 9.04, 9.08, 9.13], "sys [s]": [3.19, 3.3, 3.38, 3.26, 3.21], "cpu [s]": [12.27, 12.329999999999998, 12.419999999999998, 12.34, 12.34]}, "command": "['xs', 'Sherlock', 'data.txt', '-i', '-n', '-j']"}, "xs grep -j 1 --no-mmap": {"data": {"wall [s]": [25.66, 25.68, 25.64, 25.7, 25.7], "usr [s]": [8.29, 8.58, 8.37, 8.38, 8.94], "sys [s]": [4.01, 3.67, 3.83, 3.75, 3.76], "cpu [s]": [12.299999999999999, 12.25, 12.2, 12.13, 12.7]}, "command": "['xs', 'Sherlock', 'data.txt', '-i', '-n', '-j', '1', '--no-mmap']"}, "xs grep --no-mmap": {"data": {"wall [s]": [25.64, 25.63, 25.66, 25.73, 25.64], "usr [s]": [8.4, 8.25, 8.31, 8.43, 7.77], "sys [s]": [3.83, 3.98, 3.8, 3.92, 3.88], "cpu [s]": [12.23, 12.23, 12.11, 12.35, 11.649999999999999]}, "command": "['xs', 'Sherlock', 'data.txt', '-i', '-n', '--no-mmap']"}, "xs grep -j --no-mmap": {"data": {"wall [s]": [25.64, 25.65, 25.69, 25.62, 25.67], "usr [s]": [8.4, 8.3, 8.23, 8.24, 8.24], "sys [s]": [3.83, 3.78, 3.99, 3.96, 4.03], "cpu [s]": [12.23, 12.08, 12.22, 12.2, 12.27]}, "command": "['xs', 'Sherlock', 'data.txt', '-i', '-n', '-j', '--no-mmap']"}, "GNU grep*": {"data": {"wall [s]": [25.61, 25.61, 25.64, 25.64, 25.77], "usr [s]": [14.94, 15.61, 15.59, 14.93, 15.2], "sys [s]": [2.17, 1.91, 2.12, 2.28, 2.18], "cpu [s]": [17.11, 17.52, 17.71, 17.21, 17.38]}, "command": "['grep', 'sherlock', 'data.txt', '-n', '-i']"}, "ripgrep*": {"data": {"wall [s]": [25.8, 25.81, 25.84, 25.85, 25.8], "usr [s]": [2.41, 2.48, 2.32, 2.37, 2.33], "sys [s]": [2.85, 2.74, 2.91, 2.87, 2.86], "cpu [s]": [5.26, 5.220000000000001, 5.23, 5.24, 5.1899999999999995]}, "command": "['rg', 'sherlock', 'data.txt', '-n', '-i']"}, "xs grep -j 1*": {"data": {"wall [s]": [35.85, 35.98, 35.79, 35.24, 35.3], "usr [s]": [8.27, 8.23, 8.29, 8.14, 8.49], "sys [s]": [3.02, 3.22, 3.06, 3.26, 3.04], "cpu [s]": [11.29, 11.450000000000001, 11.35, 11.4, 11.530000000000001]}, "command": "['xs', 'sherlock', 'data.txt', '-i', '-n', '-j', '1']"}, "xs grep*": {"data": {"wall [s]": [37.59, 37.65, 37.92, 37.84, 37.79], "usr [s]": [9.09, 9.48, 9.23, 9.12, 9.18], "sys [s]": [3.03, 3.24, 3.1, 3.16, 3.23], "cpu [s]": [12.12, 12.72, 12.33, 12.28, 12.41]}, "command": "['xs', 'sherlock', 'data.txt', '-n', '-i']"}, "xs grep -j*": {"data": {"wall [s]": [38.31, 38.1, 38.47, 37.73, 37.56], "usr [s]": [9.21, 9.05, 9.38, 9.07, 9.23], "sys [s]": [3.28, 3.39, 3.1, 3.19, 3.31], "cpu [s]": [12.49, 12.440000000000001, 12.48, 12.26, 12.540000000000001]}, "command": "['xs', 'sherlock', 'data.txt', '-i', '-n', '-j']"}, "xs grep -j 1 --no-mmap*": {"data": {"wall [s]": [25.67, 25.64, 25.66, 25.7, 25.7], "usr [s]": [8.24, 8.38, 8.47, 8.4, 8.67], "sys [s]": [3.82, 3.83, 3.89, 3.61, 3.63], "cpu [s]": [12.06, 12.21, 12.360000000000001, 12.01, 12.3]}, "command": "['xs', 'sherlock', 'data.txt', '-i', '-n', '-j', '1', '--no-mmap']"}, "xs grep --no-mmap*": {"data": {"wall [s]": [25.66, 25.7, 25.68, 25.61, 25.7], "usr [s]": [8.27, 8.33, 8.39, 8.38, 8.26], "sys [s]": [3.88, 3.9, 3.67, 3.81, 3.66], "cpu [s]": [12.149999999999999, 12.23, 12.06, 12.190000000000001, 11.92]}, "command": "['xs', 'sherlock', 'data.txt', '-i', '-n', '--no-mmap']"}, "xs grep -j --no-mmap*": {"data": {"wall [s]": [25.63, 25.64, 25.64, 25.65, 25.64], "usr [s]": [8.44, 8.54, 8.39, 8.26, 8.27], "sys [s]": [3.52, 3.75, 3.9, 4.1, 3.94], "cpu [s]": [11.959999999999999, 12.29, 12.290000000000001, 12.36, 12.209999999999999]}, "command": "['xs', 'sherlock', 'data.txt', '-i', '-n', '-j', '--no-mmap']"}}}