{"setup": {"name": "search lines (regex ' [sS][A-Za-z]*k ', line number)", "hardware": {"client": "ural", "cpu": "AMD Ryzen 7 3700X 8-Core Processor"}}, "results": {"GNU grep": {"data": {"wall [s]": [28.35, 28.46, 28.45, 28.56, 28.71], "usr [s]": [26.27, 26.07, 26.18, 26.4, 26.4], "sys [s]": [1.88, 2.3, 2.17, 1.99, 2.2], "cpu [s]": [28.15, 28.37, 28.35, 28.389999999999997, 28.599999999999998]}, "command": "['grep', ' [sS][A-Za-z]*k ', 'en.txt', '-n']"}, "ripgrep": {"data": {"wall [s]": [25.83, 25.82, 25.81, 25.81, 25.86], "usr [s]": [9.46, 8.87, 9.06, 8.62, 8.53], "sys [s]": [2.62, 2.79, 2.85, 2.98, 3.09], "cpu [s]": [12.080000000000002, 11.66, 11.91, 11.6, 11.62]}, "command": "['rg', ' [sS][A-Za-z]*k ', 'en.txt', '-n']"}, "xs grep -j 1": {"data": {"wall [s]": [56.38, 50.43, 56.07, 56.06, 50.53], "usr [s]": [24.57, 17.41, 24.4, 24.86, 23.95], "sys [s]": [2.67, 2.17, 2.78, 2.71, 2.58], "cpu [s]": [27.240000000000002, 19.58, 27.18, 27.57, 26.53]}, "command": "['xs', ' [sS][A-Za-z]*k ', 'en.txt', '-j', '1', '-n']"}, "xs grep": {"data": {"wall [s]": [38.96, 38.3, 38.1, 38.48, 37.85], "usr [s]": [28.27, 28.61, 28.36, 28.26, 28.39], "sys [s]": [3.12, 3.07, 3.03, 3.07, 3.1], "cpu [s]": [31.39, 31.68, 31.39, 31.330000000000002, 31.490000000000002]}, "command": "['xs', ' [sS][A-Za-z]*k ', 'en.txt', '-n']"}, "xs grep -j": {"data": {"wall [s]": [38.11, 37.46, 38.36, 37.34, 37.84], "usr [s]": [29.05, 28.28, 29.04, 28.85, 28.43], "sys [s]": [3.16, 3.22, 3.29, 3.15, 3.25], "cpu [s]": [32.21, 31.5, 32.33, 32.0, 31.68]}, "command": "['xs', ' [sS][A-Za-z]*k ', 'en.txt', '-n', '-j']"}, "xs grep -j 1 --no-mmap": {"data": {"wall [s]": [25.68, 25.68, 25.75, 25.69, 25.68], "usr [s]": [14.74, 15.05, 14.58, 14.9, 14.71], "sys [s]": [3.71, 3.46, 3.79, 3.75, 3.93], "cpu [s]": [18.45, 18.51, 18.37, 18.65, 18.64]}, "command": "['xs', ' [sS][A-Za-z]*k ', 'en.txt', '-j', '1', '-n', '--no-mmap']"}, "xs grep --no-mmap": {"data": {"wall [s]": [25.67, 25.66, 25.76, 25.67, 25.66], "usr [s]": [22.74, 22.48, 22.51, 22.35, 22.4], "sys [s]": [4.11, 4.24, 4.37, 4.03, 4.29], "cpu [s]": [26.849999999999998, 26.72, 26.880000000000003, 26.380000000000003, 26.689999999999998]}, "command": "['xs', ' [sS][A-Za-z]*k ', 'en.txt', '-n', '--no-mmap']"}, "xs grep -j --no-mmap": {"data": {"wall [s]": [25.68, 25.72, 25.69, 25.67, 25.65], "usr [s]": [22.25, 22.45, 22.75, 22.66, 22.43], "sys [s]": [4.07, 3.99, 4.16, 4.34, 4.26], "cpu [s]": [26.32, 26.439999999999998, 26.91, 27.0, 26.689999999999998]}, "command": "['xs', ' [sS][A-Za-z]*k ', 'en.txt', '-n', '-j', '--no-mmap']"}}}