{"setup": {"name": "search lines (regex ' [sS][A-Za-z]*[kK] ', line number)", "hardware": {"client": "ural", "cpu": "AMD Ryzen 7 3700X 8-Core Processor"}}, "results": {"GNU grep": {"data": {"wall [s]": [37.4, 37.74, 37.33, 37.61, 37.31], "usr [s]": [35.19, 35.28, 35.2, 35.55, 34.91], "sys [s]": [2.12, 2.29, 2.05, 1.94, 2.34], "cpu [s]": [37.309999999999995, 37.57, 37.25, 37.489999999999995, 37.25]}, "command": "['grep', ' [sS][A-Za-z]*[kK] ', 'data.txt', '-n']"}, "ripgrep": {"data": {"wall [s]": [25.82, 25.8, 25.88, 25.92, 25.91], "usr [s]": [21.29, 20.87, 21.88, 21.37, 21.3], "sys [s]": [1.82, 1.85, 1.99, 1.84, 1.74], "cpu [s]": [23.11, 22.720000000000002, 23.869999999999997, 23.21, 23.04]}, "command": "['rg', ' [sS][A-Za-z]*[kK] ', 'data.txt', '-n']"}, "xs grep -j 1": {"data": {"wall [s]": [57.02, 54.3, 48.15, 56.9, 56.08], "usr [s]": [25.0, 25.9, 23.69, 24.68, 25.24], "sys [s]": [2.88, 2.78, 2.65, 2.88, 2.84], "cpu [s]": [27.88, 28.68, 26.34, 27.56, 28.08]}, "command": "['xs', ' [sS][A-Za-z]*[kK] ', 'data.txt', '-j', '1', '-n']"}, "xs grep": {"data": {"wall [s]": [38.7, 39.02, 38.18, 37.4, 37.88], "usr [s]": [28.61, 28.94, 28.31, 27.07, 26.71], "sys [s]": [3.14, 3.14, 2.82, 3.02, 2.92], "cpu [s]": [31.75, 32.08, 31.13, 30.09, 29.630000000000003]}, "command": "['xs', ' [sS][A-Za-z]*[kK] ', 'data.txt', '-n']"}, "xs grep -j": {"data": {"wall [s]": [37.26, 37.81, 37.49, 37.1, 37.53], "usr [s]": [28.42, 28.46, 29.03, 28.56, 28.77], "sys [s]": [3.24, 3.09, 3.18, 3.16, 3.33], "cpu [s]": [31.660000000000004, 31.55, 32.21, 31.72, 32.1]}, "command": "['xs', ' [sS][A-Za-z]*[kK] ', 'data.txt', '-n', '-j']"}, "xs grep -j 1 --no-mmap": {"data": {"wall [s]": [25.77, 25.66, 25.66, 25.66, 25.67], "usr [s]": [14.78, 14.71, 15.17, 14.84, 14.66], "sys [s]": [3.8, 3.76, 3.58, 3.11, 3.85], "cpu [s]": [18.58, 18.47, 18.75, 17.95, 18.51]}, "command": "['xs', ' [sS][A-Za-z]*[kK] ', 'data.txt', '-j', '1', '-n', '--no-mmap']"}, "xs grep --no-mmap": {"data": {"wall [s]": [25.67, 25.66, 25.66, 25.68, 25.7], "usr [s]": [22.88, 22.88, 22.07, 22.09, 22.36], "sys [s]": [4.03, 4.66, 3.98, 3.47, 4.28], "cpu [s]": [26.91, 27.54, 26.05, 25.56, 26.64]}, "command": "['xs', ' [sS][A-Za-z]*[kK] ', 'data.txt', '-n', '--no-mmap']"}, "xs grep -j --no-mmap": {"data": {"wall [s]": [25.68, 25.66, 25.68, 25.68, 25.64], "usr [s]": [22.63, 22.46, 22.77, 22.57, 22.88], "sys [s]": [4.38, 4.12, 4.26, 4.21, 4.11], "cpu [s]": [27.009999999999998, 26.580000000000002, 27.03, 26.78, 26.99]}, "command": "['xs', ' [sS][A-Za-z]*[kK] ', 'data.txt', '-n', '-j', '--no-mmap']"}}}