{"setup": {"name": "search lines (regex ' [sS][A-Za-z]*[kK] ')", "hardware": {"client": "ural", "cpu": "AMD Ryzen 7 3700X 8-Core Processor"}}, "results": {"GNU grep": {"data": {"wall [s]": [34.48, 34.83, 34.53, 34.89, 34.89], "usr [s]": [32.1, 32.55, 32.23, 32.4, 32.63], "sys [s]": [2.25, 2.18, 2.21, 2.36, 2.2], "cpu [s]": [34.35, 34.73, 34.44, 34.76, 34.830000000000005]}, "command": "['grep', ' [sS][A-Za-z]*[kK] ', 'en.txt']"}, "ripgrep": {"data": {"wall [s]": [25.89, 25.87, 25.82, 25.85, 25.86], "usr [s]": [20.65, 20.96, 20.77, 20.73, 20.94], "sys [s]": [1.9, 1.93, 1.65, 1.83, 1.74], "cpu [s]": [22.549999999999997, 22.89, 22.419999999999998, 22.560000000000002, 22.68]}, "command": "['rg', ' [sS][A-Za-z]*[kK] ', 'en.txt']"}, "xs grep -j 1": {"data": {"wall [s]": [36.12, 39.08, 37.63, 37.52, 39.27], "usr [s]": [14.02, 18.14, 17.64, 17.61, 18.24], "sys [s]": [2.15, 2.78, 2.68, 2.6, 2.66], "cpu [s]": [16.169999999999998, 20.92, 20.32, 20.21, 20.9]}, "command": "['xs', ' [sS][A-Za-z]*[kK] ', 'en.txt', '-j', '1']"}, "xs grep": {"data": {"wall [s]": [36.08, 36.38, 36.69, 36.28, 36.18], "usr [s]": [20.86, 20.95, 21.32, 20.94, 20.66], "sys [s]": [3.06, 3.28, 3.17, 3.1, 3.09], "cpu [s]": [23.919999999999998, 24.23, 24.490000000000002, 24.040000000000003, 23.75]}, "command": "['xs', ' [sS][A-Za-z]*[kK] ', 'en.txt']"}, "xs grep -j": {"data": {"wall [s]": [36.62, 37.04, 36.23, 37.04, 36.76], "usr [s]": [21.07, 20.91, 21.07, 20.77, 20.41], "sys [s]": [3.12, 3.09, 3.1, 3.05, 3.1], "cpu [s]": [24.19, 24.0, 24.17, 23.82, 23.51]}, "command": "['xs', ' [sS][A-Za-z]*[kK] ', 'en.txt', '-j']"}, "xs grep -j 1 --no-mmap": {"data": {"wall [s]": [25.68, 25.67, 25.69, 25.82, 25.69], "usr [s]": [10.96, 11.33, 10.72, 11.45, 10.95], "sys [s]": [3.83, 3.81, 3.86, 3.93, 3.82], "cpu [s]": [14.790000000000001, 15.14, 14.58, 15.379999999999999, 14.77]}, "command": "['xs', ' [sS][A-Za-z]*[kK] ', 'en.txt', '-j', '1', '--no-mmap']"}, "xs grep --no-mmap": {"data": {"wall [s]": [25.68, 25.65, 25.68, 25.7, 25.65], "usr [s]": [20.86, 21.51, 20.79, 20.45, 21.4], "sys [s]": [4.0, 4.07, 4.18, 3.87, 4.04], "cpu [s]": [24.86, 25.580000000000002, 24.97, 24.32, 25.439999999999998]}, "command": "['xs', ' [sS][A-Za-z]*[kK] ', 'en.txt', '--no-mmap']"}, "xs grep -j --no-mmap": {"data": {"wall [s]": [25.67, 25.78, 25.71, 25.66, 25.66], "usr [s]": [21.01, 20.96, 21.46, 20.87, 20.62], "sys [s]": [4.01, 4.19, 3.97, 4.01, 3.97], "cpu [s]": [25.020000000000003, 25.150000000000002, 25.43, 24.880000000000003, 24.59]}, "command": "['xs', ' [sS][A-Za-z]*[kK] ', 'en.txt', '-j', '--no-mmap']"}}}