{"setup": {"name": "search lines (regex ' [sS][A-Za-z]*[kK] ', ignore case)", "hardware": {"client": "ural", "cpu": "AMD Ryzen 7 3700X 8-Core Processor"}}, "results": {"GNU grep": {"data": {"wall [s]": [36.69, 36.65, 36.13, 37.1, 36.3], "usr [s]": [34.48, 34.44, 33.75, 34.58, 33.96], "sys [s]": [2.1, 2.1, 2.27, 2.43, 2.21], "cpu [s]": [36.58, 36.54, 36.02, 37.01, 36.17]}, "command": "['grep', ' [sS][A-Za-z]*[kK] ', 'data.txt', '-i']"}, "ripgrep": {"data": {"wall [s]": [25.93, 25.86, 25.83, 25.84, 25.93], "usr [s]": [21.39, 20.98, 20.98, 21.36, 21.07], "sys [s]": [1.75, 1.75, 1.73, 1.76, 1.8], "cpu [s]": [23.14, 22.73, 22.71, 23.12, 22.87]}, "command": "['rg', ' [sS][A-Za-z]*[kK] ', 'data.txt', '-i']"}, "xs grep -j 1": {"data": {"wall [s]": [44.02, 43.16, 41.46, 42.62, 43.5], "usr [s]": [27.14, 27.05, 26.82, 26.88, 27.21], "sys [s]": [1.97, 2.04, 2.16, 1.9, 1.86], "cpu [s]": [29.11, 29.09, 28.98, 28.779999999999998, 29.07]}, "command": "['xs', ' [sS][A-Za-z]*[kK] ', 'data.txt', '-j', '1', '-i']"}, "xs grep": {"data": {"wall [s]": [36.8, 37.1, 37.24, 36.81, 37.59], "usr [s]": [52.09, 51.95, 52.27, 49.78, 50.95], "sys [s]": [3.0, 3.03, 3.06, 2.99, 2.9], "cpu [s]": [55.09, 54.980000000000004, 55.330000000000005, 52.77, 53.85]}, "command": "['xs', ' [sS][A-Za-z]*[kK] ', 'data.txt', '-i']"}, "xs grep -j": {"data": {"wall [s]": [35.75, 36.31, 35.78, 35.59, 36.05], "usr [s]": [53.96, 54.67, 54.55, 54.28, 54.49], "sys [s]": [3.21, 3.33, 3.31, 3.06, 3.22], "cpu [s]": [57.17, 58.0, 57.86, 57.34, 57.71]}, "command": "['xs', ' [sS][A-Za-z]*[kK] ', 'data.txt', '-i', '-j']"}, "xs grep -j 1 --no-mmap": {"data": {"wall [s]": [27.16, 26.78, 26.64, 27.09, 27.09], "usr [s]": [26.94, 26.64, 26.6, 27.0, 26.88], "sys [s]": [4.13, 4.01, 3.98, 4.06, 3.99], "cpu [s]": [31.07, 30.65, 30.580000000000002, 31.06, 30.869999999999997]}, "command": "['xs', ' [sS][A-Za-z]*[kK] ', 'data.txt', '-j', '1', '-i', '--no-mmap']"}, "xs grep --no-mmap": {"data": {"wall [s]": [25.68, 25.64, 25.7, 25.7, 25.64], "usr [s]": [27.99, 28.3, 28.22, 28.34, 27.85], "sys [s]": [4.9, 4.89, 4.33, 4.9, 4.61], "cpu [s]": [32.89, 33.19, 32.55, 33.24, 32.46]}, "command": "['xs', ' [sS][A-Za-z]*[kK] ', 'data.txt', '-i', '--no-mmap']"}, "xs grep -j --no-mmap": {"data": {"wall [s]": [25.67, 25.78, 25.66, 25.69, 25.71], "usr [s]": [28.42, 27.94, 28.01, 28.45, 28.03], "sys [s]": [4.69, 4.83, 4.85, 4.83, 5.04], "cpu [s]": [33.11, 32.77, 32.86, 33.28, 33.07]}, "command": "['xs', ' [sS][A-Za-z]*[kK] ', 'data.txt', '-i', '-j', '--no-mmap']"}}}