{"setup": {"name": "search lines (regex ' [sS][A-Za-z]*k ')", "hardware": {"client": "ural", "cpu": "AMD Ryzen 7 3700X 8-Core Processor"}}, "results": {"GNU grep": {"data": {"wall [s]": [25.96, 25.93, 25.99, 25.91, 25.73], "usr [s]": [23.53, 23.5, 23.81, 23.46, 23.28], "sys [s]": [2.27, 2.28, 2.03, 2.33, 2.24], "cpu [s]": [25.8, 25.78, 25.84, 25.79, 25.520000000000003]}, "command": "['grep', ' [sS][A-Za-z]*k ', 'en.txt']"}, "ripgrep": {"data": {"wall [s]": [25.78, 25.82, 25.8, 26.1, 26.22], "usr [s]": [8.72, 9.39, 8.38, 8.33, 8.82], "sys [s]": [2.72, 2.92, 2.98, 3.05, 2.65], "cpu [s]": [11.440000000000001, 12.31, 11.360000000000001, 11.379999999999999, 11.47]}, "command": "['rg', ' [sS][A-Za-z]*k ', 'en.txt']"}, "xs grep -j 1": {"data": {"wall [s]": [37.87, 39.28, 38.87, 38.68, 38.85], "usr [s]": [17.82, 18.12, 18.41, 17.85, 17.96], "sys [s]": [2.68, 2.66, 2.53, 2.78, 2.79], "cpu [s]": [20.5, 20.78, 20.94, 20.630000000000003, 20.75]}, "command": "['xs', ' [sS][A-Za-z]*k ', 'en.txt', '-j', '1']"}, "xs grep": {"data": {"wall [s]": [36.45, 36.73, 36.9, 36.56, 36.46], "usr [s]": [20.78, 21.31, 20.78, 20.92, 21.09], "sys [s]": [3.02, 3.07, 2.87, 3.0, 2.78], "cpu [s]": [23.8, 24.38, 23.650000000000002, 23.92, 23.87]}, "command": "['xs', ' [sS][A-Za-z]*k ', 'en.txt']"}, "xs grep -j": {"data": {"wall [s]": [37.09, 36.22, 36.57, 36.77, 36.7], "usr [s]": [20.89, 20.44, 20.98, 21.25, 20.51], "sys [s]": [3.17, 3.02, 2.86, 2.97, 3.06], "cpu [s]": [24.060000000000002, 23.46, 23.84, 24.22, 23.57]}, "command": "['xs', ' [sS][A-Za-z]*k ', 'en.txt', '-j']"}, "xs grep -j 1 --no-mmap": {"data": {"wall [s]": [25.71, 25.68, 25.82, 25.78, 25.72], "usr [s]": [11.05, 10.82, 11.34, 10.94, 10.86], "sys [s]": [3.71, 4.05, 3.84, 3.8, 3.54], "cpu [s]": [14.760000000000002, 14.870000000000001, 15.18, 14.739999999999998, 14.399999999999999]}, "command": "['xs', ' [sS][A-Za-z]*k ', 'en.txt', '-j', '1', '--no-mmap']"}, "xs grep --no-mmap": {"data": {"wall [s]": [25.73, 25.78, 25.69, 25.76, 25.72], "usr [s]": [20.92, 20.93, 21.0, 20.65, 20.04], "sys [s]": [4.03, 3.92, 4.14, 4.09, 4.19], "cpu [s]": [24.950000000000003, 24.85, 25.14, 24.74, 24.23]}, "command": "['xs', ' [sS][A-Za-z]*k ', 'en.txt', '--no-mmap']"}, "xs grep -j --no-mmap": {"data": {"wall [s]": [25.64, 25.66, 25.7, 25.68, 25.7], "usr [s]": [20.42, 21.06, 20.97, 21.03, 21.78], "sys [s]": [4.05, 3.94, 4.16, 4.14, 4.16], "cpu [s]": [24.470000000000002, 25.0, 25.13, 25.17, 25.94]}, "command": "['xs', ' [sS][A-Za-z]*k ', 'en.txt', '-j', '--no-mmap']"}}}