{"setup": {"name": "search lines (regex ' [sS][A-Za-z]*k ', ignore case, line number)", "hardware": {"client": "ural", "cpu": "AMD Ryzen 7 3700X 8-Core Processor"}}, "results": {"GNU grep": {"data": {"wall [s]": [39.09, 38.89, 38.89, 39.65, 39.37], "usr [s]": [36.88, 36.6, 36.65, 37.41, 36.92], "sys [s]": [2.1, 2.19, 2.18, 2.19, 2.27], "cpu [s]": [38.980000000000004, 38.79, 38.83, 39.599999999999994, 39.190000000000005]}, "command": "['grep', ' [sS][A-Za-z]*k ', 'data.txt', '-i', '-n']"}, "ripgrep": {"data": {"wall [s]": [25.84, 25.88, 25.83, 25.81, 25.84], "usr [s]": [20.93, 22.46, 21.39, 21.36, 21.13], "sys [s]": [1.81, 1.81, 1.81, 2.01, 1.85], "cpu [s]": [22.74, 24.27, 23.2, 23.369999999999997, 22.98]}, "command": "['rg', ' [sS][A-Za-z]*k ', 'data.txt', '-i', '-n']"}, "xs grep -j 1": {"data": {"wall [s]": [68.23, 68.25, 66.02, 69.51, 64.67], "usr [s]": [37.39, 37.6, 36.86, 38.63, 33.36], "sys [s]": [2.21, 2.29, 2.22, 2.2, 2.18], "cpu [s]": [39.6, 39.89, 39.08, 40.830000000000005, 35.54]}, "command": "['xs', ' [sS][A-Za-z]*k ', 'data.txt', '-j', '1', '-i', '-n']"}, "xs grep": {"data": {"wall [s]": [42.08, 41.45, 41.18, 41.03, 41.65], "usr [s]": [49.2, 48.91, 48.08, 46.83, 48.98], "sys [s]": [2.4, 2.38, 2.43, 2.53, 2.3], "cpu [s]": [51.6, 51.29, 50.51, 49.36, 51.279999999999994]}, "command": "['xs', ' [sS][A-Za-z]*k ', 'data.txt', '-i', '-n']"}, "xs grep -j": {"data": {"wall [s]": [38.22, 37.65, 37.75, 38.09, 38.24], "usr [s]": [48.38, 49.14, 47.93, 49.44, 49.24], "sys [s]": [2.67, 2.68, 2.73, 2.64, 2.58], "cpu [s]": [51.050000000000004, 51.82, 50.66, 52.08, 51.82]}, "command": "['xs', ' [sS][A-Za-z]*k ', 'data.txt', '-i', '-n', '-j']"}, "xs grep -j 1 --no-mmap": {"data": {"wall [s]": [31.16, 31.3, 30.78, 30.96, 30.89], "usr [s]": [30.72, 30.85, 30.5, 30.71, 30.89], "sys [s]": [4.5, 4.56, 3.74, 4.34, 4.12], "cpu [s]": [35.22, 35.410000000000004, 34.24, 35.05, 35.01]}, "command": "['xs', ' [sS][A-Za-z]*k ', 'data.txt', '-j', '1', '-i', '-n', '--no-mmap']"}, "xs grep --no-mmap": {"data": {"wall [s]": [25.75, 25.73, 25.64, 25.7, 25.69], "usr [s]": [31.95, 31.69, 32.06, 32.1, 32.07], "sys [s]": [4.74, 4.88, 4.54, 4.71, 4.9], "cpu [s]": [36.69, 36.57, 36.6, 36.81, 36.97]}, "command": "['xs', ' [sS][A-Za-z]*k ', 'data.txt', '-i', '-n', '--no-mmap']"}, "xs grep -j --no-mmap": {"data": {"wall [s]": [25.67, 25.66, 25.65, 25.66, 25.72], "usr [s]": [31.85, 31.95, 31.94, 31.81, 31.73], "sys [s]": [4.86, 4.46, 4.26, 4.69, 4.9], "cpu [s]": [36.71, 36.41, 36.2, 36.5, 36.63]}, "command": "['xs', ' [sS][A-Za-z]*k ', 'data.txt', '-i', '-n', '-j', '--no-mmap']"}}}