{"setup": {"name": "search lines (regex ' [sS][A-Za-z]*k ', ignore case)", "hardware": {"client": "ural", "cpu": "AMD Ryzen 7 3700X 8-Core Processor"}}, "results": {"GNU grep": {"data": {"wall [s]": [36.34, 36.46, 36.65, 36.72, 36.8], "usr [s]": [33.97, 34.1, 34.45, 34.1, 34.4], "sys [s]": [2.21, 2.23, 2.13, 2.48, 2.29], "cpu [s]": [36.18, 36.33, 36.580000000000005, 36.58, 36.69]}, "command": "['grep', ' [sS][A-Za-z]*k ', 'en.txt', '-i']"}, "ripgrep": {"data": {"wall [s]": [25.85, 25.84, 25.85, 25.94, 25.83], "usr [s]": [20.82, 20.83, 21.04, 20.94, 21.26], "sys [s]": [1.84, 1.85, 1.99, 1.77, 1.74], "cpu [s]": [22.66, 22.68, 23.029999999999998, 22.71, 23.0]}, "command": "['rg', ' [sS][A-Za-z]*k ', 'en.txt', '-i']"}, "xs grep -j 1": {"data": {"wall [s]": [42.47, 43.84, 42.08, 43.83, 42.45], "usr [s]": [26.82, 26.85, 26.73, 26.91, 26.87], "sys [s]": [2.04, 2.2, 2.03, 2.02, 1.91], "cpu [s]": [28.86, 29.05, 28.76, 28.93, 28.78]}, "command": "['xs', ' [sS][A-Za-z]*k ', 'en.txt', '-j', '1', '-i']"}, "xs grep": {"data": {"wall [s]": [37.12, 37.1, 37.05, 37.11, 37.25], "usr [s]": [51.92, 51.65, 51.85, 52.06, 50.43], "sys [s]": [2.85, 3.05, 3.01, 3.14, 2.91], "cpu [s]": [54.77, 54.699999999999996, 54.86, 55.2, 53.34]}, "command": "['xs', ' [sS][A-Za-z]*k ', 'en.txt', '-i']"}, "xs grep -j": {"data": {"wall [s]": [36.16, 36.1, 36.14, 35.87, 35.87], "usr [s]": [54.28, 54.79, 54.6, 54.3, 54.0], "sys [s]": [3.18, 3.16, 3.25, 3.21, 3.42], "cpu [s]": [57.46, 57.95, 57.85, 57.51, 57.42]}, "command": "['xs', ' [sS][A-Za-z]*k ', 'en.txt', '-i', '-j']"}, "xs grep -j 1 --no-mmap": {"data": {"wall [s]": [27.24, 26.9, 27.36, 27.33, 26.93], "usr [s]": [27.05, 26.72, 27.11, 27.08, 26.78], "sys [s]": [4.12, 4.09, 4.22, 4.15, 3.88], "cpu [s]": [31.17, 30.81, 31.33, 31.229999999999997, 30.66]}, "command": "['xs', ' [sS][A-Za-z]*k ', 'en.txt', '-j', '1', '-i', '--no-mmap']"}, "xs grep --no-mmap": {"data": {"wall [s]": [25.67, 25.67, 25.79, 25.68, 25.66], "usr [s]": [27.52, 28.25, 28.05, 27.9, 28.03], "sys [s]": [4.98, 4.94, 4.9, 4.97, 4.94], "cpu [s]": [32.5, 33.19, 32.95, 32.87, 32.97]}, "command": "['xs', ' [sS][A-Za-z]*k ', 'en.txt', '-i', '--no-mmap']"}, "xs grep -j --no-mmap": {"data": {"wall [s]": [25.67, 25.64, 25.72, 25.68, 25.77], "usr [s]": [28.83, 28.66, 28.51, 28.93, 28.7], "sys [s]": [4.76, 4.42, 4.53, 4.58, 4.82], "cpu [s]": [33.589999999999996, 33.08, 33.04, 33.51, 33.519999999999996]}, "command": "['xs', ' [sS][A-Za-z]*k ', 'en.txt', '-i', '-j', '--no-mmap']"}}}