{"setup": {"name": "xs grep: search line numbers", "hardware": {"client": "ural", "cpu": "AMD Ryzen 7 3700X 8-Core Processor"}}, "results": {"xs": {"data": {"wall [s]": [37.31, 37.8, 37.82, 37.85, 37.82], "usr [s]": [0.91, 0.89, 0.88, 1.08, 0.85], "sys [s]": [3.38, 3.34, 3.36, 3.25, 3.31], "cpu [s]": [4.29, 4.2299999999999995, 4.24, 4.33, 4.16]}, "command": "['xs', 'Sherlock', 'en.txt']"}, "xs --max-readers 2": {"data": {"wall [s]": [37.32, 37.74, 38.52, 37.97, 37.57], "usr [s]": [0.88, 0.96, 0.88, 0.99, 0.91], "sys [s]": [3.25, 3.26, 3.26, 3.25, 3.32], "cpu [s]": [4.13, 4.22, 4.14, 4.24, 4.2299999999999995]}, "command": "['xs', 'Sherlock', 'en.txt', '--max-readers', '2']"}, "xs --no-mmap": {"data": {"wall [s]": [25.64, 25.64, 25.66, 25.65, 25.7], "usr [s]": [0.97, 0.96, 0.86, 0.93, 1.0], "sys [s]": [3.94, 3.95, 4.01, 3.98, 3.83], "cpu [s]": [4.91, 4.91, 4.87, 4.91, 4.83]}, "command": "['xs', 'Sherlock', 'en.txt', '--no-mmap']"}, "xs --max-readers 2 --no-mmap": {"data": {"wall [s]": [25.62, 25.63, 25.61, 25.66, 25.63], "usr [s]": [0.85, 0.85, 1.0, 0.79, 0.97], "sys [s]": [4.04, 3.99, 3.88, 4.09, 3.81], "cpu [s]": [4.89, 4.84, 4.88, 4.88, 4.78]}, "command": "['xs', 'Sherlock', 'en.txt', '--max-readers', '2', '--no-mmap']"}, "xs -n": {"data": {"wall [s]": [37.37, 37.51, 37.34, 37.18, 37.53], "usr [s]": [6.82, 6.91, 6.92, 6.72, 6.9], "sys [s]": [3.11, 3.13, 2.97, 3.13, 3.11], "cpu [s]": [9.93, 10.04, 9.89, 9.85, 10.01]}, "command": "['xs', 'Sherlock', 'en.txt', '-n']"}, "xs -n --max-readers 2 --no-mmap": {"data": {"wall [s]": [25.7, 25.66, 25.65, 25.66, 25.71], "usr [s]": [6.59, 6.67, 6.77, 6.46, 6.75], "sys [s]": [3.88, 3.91, 3.97, 3.99, 3.89], "cpu [s]": [10.469999999999999, 10.58, 10.74, 10.45, 10.64]}, "command": "['xs', 'Sherlock', 'en.txt', '-n', '--max-readers', '2', '--no-mmap']"}, "xs -n --no-mmap": {"data": {"wall [s]": [25.65, 25.62, 25.64, 25.66, 25.68], "usr [s]": [6.64, 6.73, 6.67, 6.82, 6.61], "sys [s]": [4.04, 4.17, 3.96, 3.8, 4.08], "cpu [s]": [10.68, 10.9, 10.629999999999999, 10.620000000000001, 10.690000000000001]}, "command": "['xs', 'Sherlock', 'en.txt', '-n', '--no-mmap']"}, "xs -n --max-readers 2": {"data": {"wall [s]": [37.24, 37.59, 37.37, 37.57, 37.24], "usr [s]": [6.59, 6.79, 6.57, 6.71, 6.74], "sys [s]": [3.02, 3.15, 3.12, 3.07, 3.26], "cpu [s]": [9.61, 9.94, 9.690000000000001, 9.78, 10.0]}, "command": "['xs', 'Sherlock', 'en.txt', '-n', '--max-readers', '2']"}, "xs -n -m": {"data": {"wall [s]": [27.0, 26.56, 26.66, 26.65, 26.51], "usr [s]": [0.95, 0.93, 1.04, 1.0, 0.96], "sys [s]": [4.65, 4.64, 4.58, 4.61, 4.58], "cpu [s]": [5.6000000000000005, 5.569999999999999, 5.62, 5.61, 5.54]}, "command": "['xs', 'Sherlock', 'en.txt', '-m', 'en.meta', '-n']"}, "xs -n -m --max-readers 2": {"data": {"wall [s]": [37.45, 36.95, 37.57, 37.44, 37.38], "usr [s]": [0.92, 0.94, 0.94, 0.96, 0.94], "sys [s]": [3.37, 3.41, 3.42, 3.34, 3.36], "cpu [s]": [4.29, 4.35, 4.359999999999999, 4.3, 4.3]}, "command": "['xs', 'Sherlock', 'en.txt', '-m', 'en.meta', '-n', '--max-readers', '2']"}, "xs -n -m --no-mmap": {"data": {"wall [s]": [26.54, 26.59, 26.62, 26.47, 26.53], "usr [s]": [1.06, 0.99, 1.12, 0.98, 0.98], "sys [s]": [4.48, 4.58, 4.51, 4.6, 4.63], "cpu [s]": [5.540000000000001, 5.57, 5.63, 5.58, 5.609999999999999]}, "command": "['xs', 'Sherlock', 'en.txt', '-m', 'en.meta', '-n', '--no-mmap']"}, "xs -n -m --max-readers 2 --no-mmap": {"data": {"wall [s]": [39.43, 38.15, 38.75, 38.76, 38.24], "usr [s]": [1.01, 1.0, 0.93, 0.99, 0.99], "sys [s]": [4.54, 4.55, 4.55, 4.4, 4.46], "cpu [s]": [5.55, 5.55, 5.4799999999999995, 5.390000000000001, 5.45]}, "command": "['xs', 'Sherlock', 'en.txt', '-m', 'en.meta', '-n', '--max-readers', '2', '--no-mmap']"}}}