{"setup": {"name": "xs grep: search line numbers", "hardware": {"client": "ural", "cpu": "AMD Ryzen 7 3700X 8-Core Processor"}}, "results": {"xs": {"data": {"wall [s]": [38.1, 37.85, 37.98, 37.49, 37.07], "usr [s]": [0.91, 0.83, 0.83, 0.92, 0.91], "sys [s]": [3.31, 3.34, 3.45, 3.25, 3.22], "cpu [s]": [4.22, 4.17, 4.28, 4.17, 4.13]}, "command": "['xs', 'Sherlock', 'en.txt']"}, "xs --max-readers 2": {"data": {"wall [s]": [38.18, 38.26, 37.92, 37.93, 37.41], "usr [s]": [0.89, 0.94, 0.85, 0.85, 0.95], "sys [s]": [3.32, 3.36, 3.31, 3.52, 3.33], "cpu [s]": [4.21, 4.3, 4.16, 4.37, 4.28]}, "command": "['xs', 'Sherlock', 'en.txt', '--max-readers', '2']"}, "xs --no-mmap": {"data": {"wall [s]": [25.63, 25.64, 25.64, 25.72, 25.69], "usr [s]": [0.82, 0.89, 1.01, 0.89, 1.05], "sys [s]": [4.18, 4.07, 3.85, 4.02, 3.85], "cpu [s]": [5.0, 4.96, 4.86, 4.909999999999999, 4.9]}, "command": "['xs', 'Sherlock', 'en.txt', '--no-mmap']"}, "xs --max-readers 2 --no-mmap": {"data": {"wall [s]": [25.65, 25.62, 25.65, 25.62, 25.59], "usr [s]": [0.92, 1.04, 0.9, 1.03, 0.85], "sys [s]": [4.08, 3.91, 4.01, 3.8, 3.93], "cpu [s]": [5.0, 4.95, 4.91, 4.83, 4.78]}, "command": "['xs', 'Sherlock', 'en.txt', '--max-readers', '2', '--no-mmap']"}, "xs -n": {"data": {"wall [s]": [37.78, 37.45, 37.56, 37.53, 37.46], "usr [s]": [6.89, 6.98, 6.79, 6.61, 6.92], "sys [s]": [3.24, 3.09, 3.26, 3.14, 3.19], "cpu [s]": [10.129999999999999, 10.07, 10.05, 9.75, 10.11]}, "command": "['xs', 'Sherlock', 'en.txt', '-n']"}, "xs -n --max-readers 2 --no-mmap": {"data": {"wall [s]": [25.72, 25.62, 25.65, 25.66, 25.71], "usr [s]": [6.28, 6.51, 6.26, 6.63, 6.6], "sys [s]": [4.08, 3.85, 3.85, 3.97, 3.98], "cpu [s]": [10.36, 10.36, 10.11, 10.6, 10.58]}, "command": "['xs', 'Sherlock', 'en.txt', '-n', '--max-readers', '2', '--no-mmap']"}, "xs -n --no-mmap": {"data": {"wall [s]": [25.65, 25.64, 25.63, 25.66, 25.63], "usr [s]": [6.58, 6.64, 6.57, 6.72, 6.86], "sys [s]": [3.94, 4.09, 4.12, 3.88, 3.56], "cpu [s]": [10.52, 10.73, 10.690000000000001, 10.6, 10.42]}, "command": "['xs', 'Sherlock', 'en.txt', '-n', '--no-mmap']"}, "xs -n --max-readers 2": {"data": {"wall [s]": [37.9, 37.38, 37.35, 37.44, 38.03], "usr [s]": [6.81, 6.66, 6.37, 6.56, 6.48], "sys [s]": [3.2, 3.11, 3.03, 3.12, 2.91], "cpu [s]": [10.01, 9.77, 9.4, 9.68, 9.39]}, "command": "['xs', 'Sherlock', 'en.txt', '-n', '--max-readers', '2']"}, "xs -n -m": {"data": {"wall [s]": [27.14, 26.6, 26.7, 26.67, 26.7], "usr [s]": [1.17, 0.96, 0.97, 1.13, 1.05], "sys [s]": [4.45, 4.59, 4.62, 4.47, 4.58], "cpu [s]": [5.62, 5.55, 5.59, 5.6, 5.63]}, "command": "['xs', 'Sherlock', 'en.txt', '-m', 'en.meta', '-n']"}, "xs -n -m --max-readers 2": {"data": {"wall [s]": [37.17, 37.16, 36.97, 36.97, 36.4], "usr [s]": [0.94, 0.92, 0.88, 0.85, 0.92], "sys [s]": [3.37, 3.32, 3.47, 3.44, 3.36], "cpu [s]": [4.3100000000000005, 4.24, 4.3500000000000005, 4.29, 4.28]}, "command": "['xs', 'Sherlock', 'en.txt', '-m', 'en.meta', '-n', '--max-readers', '2']"}, "xs -n -m --no-mmap": {"data": {"wall [s]": [26.73, 26.65, 26.85, 26.65, 26.56], "usr [s]": [1.06, 0.95, 1.07, 0.97, 0.99], "sys [s]": [4.56, 4.63, 4.59, 4.65, 4.61], "cpu [s]": [5.619999999999999, 5.58, 5.66, 5.62, 5.6000000000000005]}, "command": "['xs', 'Sherlock', 'en.txt', '-m', 'en.meta', '-n', '--no-mmap']"}, "xs -n -m --max-readers 2 --no-mmap": {"data": {"wall [s]": [37.22, 39.38, 37.51, 38.19, 39.46], "usr [s]": [1.05, 0.91, 0.96, 0.96, 0.92], "sys [s]": [4.31, 4.61, 4.53, 4.7, 4.43], "cpu [s]": [5.359999999999999, 5.5200000000000005, 5.49, 5.66, 5.35]}, "command": "['xs', 'Sherlock', 'en.txt', '-m', 'en.meta', '-n', '--max-readers', '2', '--no-mmap']"}}}