{"setup": {"name": "xs grep threads (LZ4 HC compressed input)", "hardware": {"client": "ural", "cpu": "AMD Ryzen 7 3700X 8-Core Processor"}}, "results": {"xs": {"data": {"wall [s]": [5.41, 5.2, 5.14, 5.09, 5.11], "usr [s]": [4.44, 4.49, 4.5, 4.3, 4.29], "sys [s]": [1.24, 1.3, 1.18, 1.15, 1.24], "cpu [s]": [5.680000000000001, 5.79, 5.68, 5.449999999999999, 5.53]}, "command": "['xs', 'Sherlock', 'en.hc.xslz4', '-m', 'en.hc.xslz4.meta']"}, "xs -j 1": {"data": {"wall [s]": [5.42, 5.19, 5.14, 5.13, 5.18], "usr [s]": [2.5, 2.65, 2.79, 2.68, 2.62], "sys [s]": [1.18, 1.12, 1.07, 1.02, 1.0], "cpu [s]": [3.6799999999999997, 3.77, 3.8600000000000003, 3.7, 3.62]}, "command": "['xs', 'Sherlock', 'en.hc.xslz4', '-j', '1', '-m', 'en.hc.xslz4.meta']"}, "xs -j 2": {"data": {"wall [s]": [5.17, 5.13, 5.12, 5.1, 5.16], "usr [s]": [4.29, 4.41, 4.57, 4.42, 4.3], "sys [s]": [1.2, 1.19, 1.17, 1.14, 1.2], "cpu [s]": [5.49, 5.6, 5.74, 5.56, 5.5]}, "command": "['xs', 'Sherlock', 'en.hc.xslz4', '-j', '2', '-m', 'en.hc.xslz4.meta']"}, "xs -j 4": {"data": {"wall [s]": [5.3, 5.14, 5.07, 5.11, 5.17], "usr [s]": [4.55, 4.43, 4.39, 4.63, 4.57], "sys [s]": [1.25, 1.1, 1.19, 1.19, 1.17], "cpu [s]": [5.8, 5.529999999999999, 5.58, 5.82, 5.74]}, "command": "['xs', 'Sherlock', 'en.hc.xslz4', '-j', '4', '-m', 'en.hc.xslz4.meta']"}, "xs -j 6": {"data": {"wall [s]": [5.15, 5.19, 5.16, 5.11, 5.17], "usr [s]": [4.56, 4.42, 4.5, 4.52, 4.53], "sys [s]": [1.06, 1.23, 1.14, 1.19, 1.19], "cpu [s]": [5.619999999999999, 5.65, 5.64, 5.709999999999999, 5.720000000000001]}, "command": "['xs', 'Sherlock', 'en.hc.xslz4', '-j', '6', '-m', 'en.hc.xslz4.meta']"}, "xs -j 8": {"data": {"wall [s]": [5.2, 5.16, 5.14, 5.08, 5.2], "usr [s]": [4.52, 4.46, 4.43, 4.48, 4.41], "sys [s]": [1.31, 1.29, 1.28, 1.24, 1.3], "cpu [s]": [5.83, 5.75, 5.71, 5.720000000000001, 5.71]}, "command": "['xs', 'Sherlock', 'en.hc.xslz4', '-j', '8', '-m', 'en.hc.xslz4.meta']"}, "xs -j 10": {"data": {"wall [s]": [5.29, 5.12, 5.12, 5.28, 5.22], "usr [s]": [4.45, 4.33, 4.47, 4.55, 4.59], "sys [s]": [1.35, 1.28, 1.29, 1.22, 1.22], "cpu [s]": [5.800000000000001, 5.61, 5.76, 5.77, 5.81]}, "command": "['xs', 'Sherlock', 'en.hc.xslz4', '-j', '10', '-m', 'en.hc.xslz4.meta']"}, "xs -j 12": {"data": {"wall [s]": [5.15, 5.22, 5.09, 5.17, 5.24], "usr [s]": [4.52, 4.46, 4.59, 4.47, 4.54], "sys [s]": [1.3, 1.29, 1.16, 1.17, 1.19], "cpu [s]": [5.819999999999999, 5.75, 5.75, 5.64, 5.73]}, "command": "['xs', 'Sherlock', 'en.hc.xslz4', '-j', '12', '-m', 'en.hc.xslz4.meta']"}, "xs -j 14": {"data": {"wall [s]": [5.19, 5.13, 5.16, 5.25, 5.19], "usr [s]": [4.53, 4.53, 4.57, 4.41, 4.5], "sys [s]": [1.35, 1.19, 1.2, 1.31, 1.28], "cpu [s]": [5.880000000000001, 5.720000000000001, 5.7700000000000005, 5.720000000000001, 5.78]}, "command": "['xs', 'Sherlock', 'en.hc.xslz4', '-j', '14', '-m', 'en.hc.xslz4.meta']"}, "xs -j 16": {"data": {"wall [s]": [5.14, 5.2, 5.16, 5.22, 5.12], "usr [s]": [4.53, 4.51, 4.53, 4.47, 4.3], "sys [s]": [1.28, 1.2, 1.28, 1.22, 1.19], "cpu [s]": [5.8100000000000005, 5.71, 5.8100000000000005, 5.6899999999999995, 5.49]}, "command": "['xs', 'Sherlock', 'en.hc.xslz4', '-j', '16', '-m', 'en.hc.xslz4.meta']"}}}