{"setup": {"name": "xs grep reader threads (preprocessed input)", "hardware": {"client": "ural", "cpu": "AMD Ryzen 7 3700X 8-Core Processor"}}, "results": {"xs": {"data": {"wall [s]": [26.87, 26.6, 26.7, 26.58, 26.68], "usr [s]": [1.03, 1.08, 1.07, 0.94, 0.97], "sys [s]": [4.13, 4.5, 4.42, 4.59, 4.5], "cpu [s]": [5.16, 5.58, 5.49, 5.529999999999999, 5.47]}, "command": "['xs', 'Sherlock', 'en.txt', '-m', 'en.meta']"}, "xs --max-readers 1": {"data": {"wall [s]": [26.58, 26.63, 26.54, 26.56, 26.6], "usr [s]": [1.06, 0.97, 0.93, 0.91, 0.87], "sys [s]": [4.46, 4.55, 4.47, 4.61, 4.72], "cpu [s]": [5.52, 5.52, 5.3999999999999995, 5.5200000000000005, 5.59]}, "command": "['xs', 'Sherlock', 'en.txt', '--max-readers', '1', '-m', 'en.meta']"}, "xs --max-readers 2": {"data": {"wall [s]": [37.01, 36.58, 37.0, 37.56, 37.48], "usr [s]": [0.82, 0.81, 0.96, 0.96, 0.88], "sys [s]": [3.49, 3.4, 3.35, 3.32, 3.44], "cpu [s]": [4.3100000000000005, 4.21, 4.3100000000000005, 4.279999999999999, 4.32]}, "command": "['xs', 'Sherlock', 'en.txt', '--max-readers', '2', '-m', 'en.meta']"}, "xs --max-readers 4": {"data": {"wall [s]": [36.99, 36.96, 36.71, 37.19, 37.61], "usr [s]": [0.89, 0.85, 0.94, 0.95, 0.93], "sys [s]": [3.38, 3.39, 3.26, 3.35, 3.29], "cpu [s]": [4.27, 4.24, 4.199999999999999, 4.3, 4.22]}, "command": "['xs', 'Sherlock', 'en.txt', '--max-readers', '4', '-m', 'en.meta']"}, "xs --max-readers 6": {"data": {"wall [s]": [37.18, 36.93, 36.77, 37.53, 36.94], "usr [s]": [0.75, 0.93, 0.92, 0.96, 0.89], "sys [s]": [3.24, 3.35, 3.3, 3.32, 3.3], "cpu [s]": [3.99, 4.28, 4.22, 4.279999999999999, 4.1899999999999995]}, "command": "['xs', 'Sherlock', 'en.txt', '--max-readers', '6', '-m', 'en.meta']"}, "xs --max-readers 8": {"data": {"wall [s]": [37.13, 37.09, 36.71, 37.11, 37.19], "usr [s]": [0.94, 0.91, 0.97, 0.98, 0.9], "sys [s]": [3.29, 3.4, 3.15, 3.3, 3.4], "cpu [s]": [4.23, 4.31, 4.12, 4.279999999999999, 4.3]}, "command": "['xs', 'Sherlock', 'en.txt', '--max-readers', '8', '-m', 'en.meta']"}, "xs --max-readers 10": {"data": {"wall [s]": [37.02, 37.28, 36.61, 37.39, 37.16], "usr [s]": [0.85, 0.91, 1.02, 0.91, 0.83], "sys [s]": [3.35, 3.39, 3.17, 3.42, 3.43], "cpu [s]": [4.2, 4.3, 4.1899999999999995, 4.33, 4.26]}, "command": "['xs', 'Sherlock', 'en.txt', '--max-readers', '10', '-m', 'en.meta']"}, "xs --max-readers 12": {"data": {"wall [s]": [36.22, 37.05, 37.12, 36.97, 37.22], "usr [s]": [0.94, 0.86, 0.92, 0.86, 0.78], "sys [s]": [3.3, 3.4, 3.29, 3.44, 3.4], "cpu [s]": [4.24, 4.26, 4.21, 4.3, 4.18]}, "command": "['xs', 'Sherlock', 'en.txt', '--max-readers', '12', '-m', 'en.meta']"}, "xs --max-readers 14": {"data": {"wall [s]": [36.49, 36.91, 36.68, 37.13, 37.3], "usr [s]": [0.94, 0.87, 0.88, 1.0, 0.87], "sys [s]": [3.28, 3.41, 3.27, 3.3, 3.43], "cpu [s]": [4.22, 4.28, 4.15, 4.3, 4.3]}, "command": "['xs', 'Sherlock', 'en.txt', '--max-readers', '14', '-m', 'en.meta']"}, "xs --max-readers 16": {"data": {"wall [s]": [36.72, 37.38, 37.05, 36.75, 37.16], "usr [s]": [0.92, 0.98, 0.87, 0.93, 0.79], "sys [s]": [3.26, 3.29, 3.24, 3.34, 3.33], "cpu [s]": [4.18, 4.27, 4.11, 4.27, 4.12]}, "command": "['xs', 'Sherlock', 'en.txt', '--max-readers', '16', '-m', 'en.meta']"}}}