{"setup": {"name": "xs grep threads (LZ4 HC compressed input)", "hardware": {"client": "ural", "cpu": "AMD Ryzen 7 3700X 8-Core Processor"}}, "results": {"xs": {"data": {"wall [s]": [7.18, 6.61, 6.72, 6.72, 6.87], "usr [s]": [4.53, 4.5, 4.56, 4.35, 4.37], "sys [s]": [1.15, 1.16, 1.15, 1.29, 1.32], "cpu [s]": [5.68, 5.66, 5.709999999999999, 5.64, 5.69]}, "command": "['xs', 'Sherlock', 'en.hc.xslz4', '-m', 'en.hc.xslz4.meta']"}, "xs -j 1": {"data": {"wall [s]": [6.77, 6.68, 6.57, 6.71, 6.91], "usr [s]": [3.55, 3.38, 3.66, 3.65, 3.56], "sys [s]": [1.15, 1.25, 1.06, 1.14, 1.17], "cpu [s]": [4.699999999999999, 4.63, 4.720000000000001, 4.79, 4.73]}, "command": "['xs', 'Sherlock', 'en.hc.xslz4', '-j', '1', '-m', 'en.hc.xslz4.meta']"}, "xs -j 2": {"data": {"wall [s]": [6.78, 6.68, 6.54, 6.57, 6.7], "usr [s]": [4.34, 4.47, 4.31, 4.24, 4.48], "sys [s]": [1.27, 1.13, 1.17, 1.16, 1.07], "cpu [s]": [5.609999999999999, 5.6, 5.4799999999999995, 5.4, 5.550000000000001]}, "command": "['xs', 'Sherlock', 'en.hc.xslz4', '-j', '2', '-m', 'en.hc.xslz4.meta']"}, "xs -j 4": {"data": {"wall [s]": [6.8, 6.65, 6.58, 6.75, 7.05], "usr [s]": [4.21, 4.58, 4.5, 4.23, 4.21], "sys [s]": [1.21, 1.08, 1.16, 1.23, 1.19], "cpu [s]": [5.42, 5.66, 5.66, 5.460000000000001, 5.4]}, "command": "['xs', 'Sherlock', 'en.hc.xslz4', '-j', '4', '-m', 'en.hc.xslz4.meta']"}, "xs -j 6": {"data": {"wall [s]": [6.74, 6.64, 6.55, 6.69, 6.73], "usr [s]": [4.45, 4.38, 4.16, 4.44, 4.5], "sys [s]": [1.2, 1.3, 1.18, 1.24, 1.17], "cpu [s]": [5.65, 5.68, 5.34, 5.680000000000001, 5.67]}, "command": "['xs', 'Sherlock', 'en.hc.xslz4', '-j', '6', '-m', 'en.hc.xslz4.meta']"}, "xs -j 8": {"data": {"wall [s]": [6.69, 6.8, 6.59, 6.72, 6.74], "usr [s]": [4.28, 4.51, 4.58, 4.64, 4.35], "sys [s]": [1.33, 1.17, 1.14, 1.09, 1.28], "cpu [s]": [5.61, 5.68, 5.72, 5.7299999999999995, 5.63]}, "command": "['xs', 'Sherlock', 'en.hc.xslz4', '-j', '8', '-m', 'en.hc.xslz4.meta']"}, "xs -j 10": {"data": {"wall [s]": [6.77, 6.72, 6.59, 6.63, 6.74], "usr [s]": [4.35, 4.5, 4.5, 4.45, 4.38], "sys [s]": [1.22, 1.18, 1.24, 1.17, 1.35], "cpu [s]": [5.569999999999999, 5.68, 5.74, 5.62, 5.73]}, "command": "['xs', 'Sherlock', 'en.hc.xslz4', '-j', '10', '-m', 'en.hc.xslz4.meta']"}, "xs -j 12": {"data": {"wall [s]": [6.71, 6.84, 6.62, 6.74, 6.76], "usr [s]": [4.48, 4.51, 4.49, 4.42, 4.42], "sys [s]": [1.18, 1.21, 1.2, 1.28, 1.24], "cpu [s]": [5.66, 5.72, 5.69, 5.7, 5.66]}, "command": "['xs', 'Sherlock', 'en.hc.xslz4', '-j', '12', '-m', 'en.hc.xslz4.meta']"}, "xs -j 14": {"data": {"wall [s]": [6.81, 6.68, 6.74, 6.74, 6.64], "usr [s]": [4.47, 4.31, 4.44, 4.37, 3.96], "sys [s]": [1.26, 1.24, 1.19, 1.23, 1.3], "cpu [s]": [5.7299999999999995, 5.55, 5.630000000000001, 5.6, 5.26]}, "command": "['xs', 'Sherlock', 'en.hc.xslz4', '-j', '14', '-m', 'en.hc.xslz4.meta']"}, "xs -j 16": {"data": {"wall [s]": [6.88, 6.79, 6.72, 6.74, 6.63], "usr [s]": [4.37, 4.3, 4.27, 4.42, 4.51], "sys [s]": [1.29, 1.41, 1.4, 1.28, 1.22], "cpu [s]": [5.66, 5.71, 5.67, 5.7, 5.7299999999999995]}, "command": "['xs', 'Sherlock', 'en.hc.xslz4', '-j', '16', '-m', 'en.hc.xslz4.meta']"}}}