{"setup": {"name": "xsgrep threads (regex, case insensitive, line number)", "hardware": {"client": "ural", "cpu": "AMD Ryzen 7 3700X 8-Core Processor"}}, "results": {"xs": {"data": {"wall [s]": [36.57, 36.64, 35.82, 36.0, 36.65], "usr [s]": [23.47, 22.78, 23.11, 23.02, 23.06], "sys [s]": [3.01, 3.13, 2.96, 2.89, 3.1], "cpu [s]": [26.479999999999997, 25.91, 26.07, 25.91, 26.16]}, "command": "['xs', 'She[r ]lock', 'en.txt', '-i']"}, "xs -j 1": {"data": {"wall [s]": [36.78, 38.15, 37.4, 37.15, 39.04], "usr [s]": [17.7, 17.96, 17.91, 17.87, 18.5], "sys [s]": [2.47, 2.68, 2.4, 2.49, 2.51], "cpu [s]": [20.169999999999998, 20.64, 20.31, 20.36, 21.009999999999998]}, "command": "['xs', 'She[r ]lock', 'en.txt', '-j', '1', '-i']"}, "xs -j 2": {"data": {"wall [s]": [42.54, 43.05, 41.78, 41.45, 42.8], "usr [s]": [23.34, 22.91, 23.14, 22.27, 22.8], "sys [s]": [3.15, 3.04, 3.19, 3.03, 3.16], "cpu [s]": [26.49, 25.95, 26.330000000000002, 25.3, 25.96]}, "command": "['xs', 'She[r ]lock', 'en.txt', '-j', '2', '-i']"}, "xs -j 4": {"data": {"wall [s]": [36.42, 36.47, 36.44, 36.13, 36.72], "usr [s]": [23.23, 21.81, 21.85, 21.76, 22.99], "sys [s]": [3.14, 2.97, 2.98, 2.89, 3.34], "cpu [s]": [26.37, 24.779999999999998, 24.830000000000002, 24.650000000000002, 26.33]}, "command": "['xs', 'She[r ]lock', 'en.txt', '-j', '4', '-i']"}, "xs -j 6": {"data": {"wall [s]": [36.92, 36.81, 36.24, 36.67, 36.9], "usr [s]": [22.55, 22.7, 22.13, 22.42, 23.14], "sys [s]": [2.9, 2.86, 2.94, 2.99, 2.94], "cpu [s]": [25.45, 25.56, 25.07, 25.410000000000004, 26.080000000000002]}, "command": "['xs', 'She[r ]lock', 'en.txt', '-j', '6', '-i']"}, "xs -j 8": {"data": {"wall [s]": [37.15, 37.05, 36.76, 36.11, 37.13], "usr [s]": [22.81, 23.29, 23.04, 22.99, 23.14], "sys [s]": [2.88, 3.09, 3.04, 3.19, 2.92], "cpu [s]": [25.689999999999998, 26.38, 26.08, 26.18, 26.060000000000002]}, "command": "['xs', 'She[r ]lock', 'en.txt', '-j', '8', '-i']"}, "xs -j 10": {"data": {"wall [s]": [36.06, 37.38, 37.12, 36.82, 37.39], "usr [s]": [22.94, 22.85, 23.06, 22.86, 22.93], "sys [s]": [3.03, 3.18, 3.19, 3.25, 3.29], "cpu [s]": [25.970000000000002, 26.03, 26.25, 26.11, 26.22]}, "command": "['xs', 'She[r ]lock', 'en.txt', '-j', '10', '-i']"}, "xs -j 12": {"data": {"wall [s]": [36.92, 36.74, 37.16, 36.66, 36.52], "usr [s]": [22.53, 22.68, 22.72, 22.68, 23.05], "sys [s]": [3.1, 3.07, 2.92, 3.14, 3.19], "cpu [s]": [25.630000000000003, 25.75, 25.64, 25.82, 26.240000000000002]}, "command": "['xs', 'She[r ]lock', 'en.txt', '-j', '12', '-i']"}, "xs -j 14": {"data": {"wall [s]": [36.47, 36.42, 37.05, 37.18, 36.88], "usr [s]": [23.0, 22.52, 23.07, 23.17, 23.03], "sys [s]": [3.12, 2.97, 2.98, 3.1, 2.95], "cpu [s]": [26.12, 25.49, 26.05, 26.270000000000003, 25.98]}, "command": "['xs', 'She[r ]lock', 'en.txt', '-j', '14', '-i']"}, "xs -j 16": {"data": {"wall [s]": [36.38, 36.73, 37.0, 37.18, 36.57], "usr [s]": [22.9, 23.07, 23.06, 22.96, 23.1], "sys [s]": [2.9, 3.2, 3.18, 3.1, 2.85], "cpu [s]": [25.799999999999997, 26.27, 26.24, 26.060000000000002, 25.950000000000003]}, "command": "['xs', 'She[r ]lock', 'en.txt', '-j', '16', '-i']"}}}