{"setup": {"name": "xsgrep threads (regex, case insensitive, line number)", "hardware": {"client": "ural", "cpu": "AMD Ryzen 7 3700X 8-Core Processor"}}, "results": {"xs": {"data": {"wall [s]": [38.21, 38.81, 38.41, 38.82, 38.56], "usr [s]": [28.98, 28.97, 29.06, 28.45, 27.8], "sys [s]": [3.06, 3.2, 3.15, 3.38, 3.19], "cpu [s]": [32.04, 32.17, 32.21, 31.83, 30.990000000000002]}, "command": "['xs', 'She[r ]lock', 'en.txt', '-i', '-n']"}, "xs -j 1": {"data": {"wall [s]": [53.02, 55.22, 57.24, 54.85, 55.92], "usr [s]": [24.62, 24.76, 25.07, 24.67, 24.88], "sys [s]": [2.6, 2.72, 2.64, 2.7, 2.62], "cpu [s]": [27.220000000000002, 27.48, 27.71, 27.37, 27.5]}, "command": "['xs', 'She[r ]lock', 'en.txt', '-j', '1', '-i', '-n']"}, "xs -j 2": {"data": {"wall [s]": [49.35, 47.02, 47.96, 48.44, 49.57], "usr [s]": [28.45, 28.86, 26.22, 29.17, 28.89], "sys [s]": [3.04, 3.07, 3.09, 2.86, 2.88], "cpu [s]": [31.49, 31.93, 29.31, 32.03, 31.77]}, "command": "['xs', 'She[r ]lock', 'en.txt', '-j', '2', '-i', '-n']"}, "xs -j 4": {"data": {"wall [s]": [38.26, 38.62, 38.36, 38.28, 38.56], "usr [s]": [28.98, 29.06, 28.91, 27.73, 29.11], "sys [s]": [3.16, 3.07, 3.24, 2.87, 3.19], "cpu [s]": [32.14, 32.129999999999995, 32.15, 30.6, 32.3]}, "command": "['xs', 'She[r ]lock', 'en.txt', '-j', '4', '-i', '-n']"}, "xs -j 6": {"data": {"wall [s]": [37.91, 37.37, 37.23, 37.57, 38.2], "usr [s]": [28.87, 29.13, 28.07, 28.29, 28.28], "sys [s]": [3.14, 3.14, 3.05, 3.11, 3.08], "cpu [s]": [32.01, 32.269999999999996, 31.12, 31.4, 31.36]}, "command": "['xs', 'She[r ]lock', 'en.txt', '-j', '6', '-i', '-n']"}, "xs -j 8": {"data": {"wall [s]": [37.76, 37.92, 37.74, 37.59, 37.86], "usr [s]": [29.09, 29.22, 29.3, 29.44, 28.95], "sys [s]": [3.12, 3.29, 3.0, 3.03, 3.02], "cpu [s]": [32.21, 32.51, 32.3, 32.47, 31.97]}, "command": "['xs', 'She[r ]lock', 'en.txt', '-j', '8', '-i', '-n']"}, "xs -j 10": {"data": {"wall [s]": [38.48, 37.7, 37.2, 37.31, 37.8], "usr [s]": [29.55, 29.31, 29.11, 29.74, 29.37], "sys [s]": [3.19, 3.35, 3.14, 3.17, 3.25], "cpu [s]": [32.74, 32.66, 32.25, 32.91, 32.620000000000005]}, "command": "['xs', 'She[r ]lock', 'en.txt', '-j', '10', '-i', '-n']"}, "xs -j 12": {"data": {"wall [s]": [38.38, 37.53, 37.82, 38.16, 37.68], "usr [s]": [29.73, 29.56, 29.29, 29.44, 29.42], "sys [s]": [3.18, 3.31, 3.26, 3.16, 2.96], "cpu [s]": [32.910000000000004, 32.87, 32.55, 32.6, 32.38]}, "command": "['xs', 'She[r ]lock', 'en.txt', '-j', '12', '-i', '-n']"}, "xs -j 14": {"data": {"wall [s]": [37.72, 37.75, 37.76, 38.12, 37.53], "usr [s]": [29.38, 28.83, 29.92, 29.47, 29.58], "sys [s]": [3.36, 3.1, 2.96, 3.18, 3.13], "cpu [s]": [32.74, 31.93, 32.88, 32.65, 32.71]}, "command": "['xs', 'She[r ]lock', 'en.txt', '-j', '14', '-i', '-n']"}, "xs -j 16": {"data": {"wall [s]": [38.06, 37.54, 37.21, 37.37, 38.13], "usr [s]": [28.59, 29.49, 29.42, 29.4, 28.61], "sys [s]": [2.98, 3.13, 3.14, 3.2, 3.23], "cpu [s]": [31.57, 32.62, 32.56, 32.6, 31.84]}, "command": "['xs', 'She[r ]lock', 'en.txt', '-j', '16', '-i', '-n']"}}}