{"setup": {"name": "xsgrep threads", "hardware": {"client": "ural", "cpu": "AMD Ryzen 7 3700X 8-Core Processor"}}, "results": {"xs": {"data": {"wall [s]": [37.25, 37.13, 37.79, 37.32, 37.15], "usr [s]": [0.88, 0.82, 0.87, 0.94, 0.85], "sys [s]": [3.27, 3.19, 3.35, 3.38, 3.31], "cpu [s]": [4.15, 4.01, 4.22, 4.32, 4.16]}, "command": "['xs', 'Sherlock', 'en.txt']"}, "xs -j 1": {"data": {"wall [s]": [34.3, 33.72, 34.75, 34.17, 34.16], "usr [s]": [0.98, 0.8, 0.94, 0.92, 0.82], "sys [s]": [3.1, 3.27, 3.06, 3.15, 3.19], "cpu [s]": [4.08, 4.07, 4.0, 4.07, 4.01]}, "command": "['xs', 'Sherlock', 'en.txt', '-j', '1']"}, "xs -j 2": {"data": {"wall [s]": [38.02, 37.96, 37.87, 37.76, 37.67], "usr [s]": [0.88, 0.92, 0.92, 0.87, 0.84], "sys [s]": [3.09, 3.03, 3.04, 3.13, 3.13], "cpu [s]": [3.9699999999999998, 3.9499999999999997, 3.96, 4.0, 3.9699999999999998]}, "command": "['xs', 'Sherlock', 'en.txt', '-j', '2']"}, "xs -j 4": {"data": {"wall [s]": [37.01, 38.06, 37.43, 36.89, 37.13], "usr [s]": [0.87, 0.96, 0.9, 0.91, 0.8], "sys [s]": [3.36, 3.31, 3.11, 3.3, 3.42], "cpu [s]": [4.2299999999999995, 4.27, 4.01, 4.21, 4.22]}, "command": "['xs', 'Sherlock', 'en.txt', '-j', '4']"}, "xs -j 6": {"data": {"wall [s]": [37.55, 37.94, 38.07, 37.11, 37.99], "usr [s]": [0.86, 0.89, 0.87, 0.86, 0.92], "sys [s]": [3.35, 3.22, 3.58, 3.35, 3.32], "cpu [s]": [4.21, 4.11, 4.45, 4.21, 4.24]}, "command": "['xs', 'Sherlock', 'en.txt', '-j', '6']"}, "xs -j 8": {"data": {"wall [s]": [37.32, 37.89, 37.4, 37.47, 37.89], "usr [s]": [0.94, 0.85, 0.93, 0.84, 0.88], "sys [s]": [3.22, 3.32, 3.25, 3.33, 3.39], "cpu [s]": [4.16, 4.17, 4.18, 4.17, 4.2700000000000005]}, "command": "['xs', 'Sherlock', 'en.txt', '-j', '8']"}, "xs -j 10": {"data": {"wall [s]": [37.7, 38.09, 37.45, 37.47, 37.82], "usr [s]": [0.91, 0.89, 0.87, 0.85, 0.96], "sys [s]": [3.17, 3.28, 3.36, 3.5, 3.34], "cpu [s]": [4.08, 4.17, 4.2299999999999995, 4.35, 4.3]}, "command": "['xs', 'Sherlock', 'en.txt', '-j', '10']"}, "xs -j 12": {"data": {"wall [s]": [37.29, 37.51, 37.63, 37.03, 37.94], "usr [s]": [0.78, 0.81, 0.95, 0.93, 0.91], "sys [s]": [3.43, 3.35, 3.3, 3.27, 3.21], "cpu [s]": [4.21, 4.16, 4.25, 4.2, 4.12]}, "command": "['xs', 'Sherlock', 'en.txt', '-j', '12']"}, "xs -j 14": {"data": {"wall [s]": [38.16, 37.9, 37.46, 36.84, 37.51], "usr [s]": [0.81, 0.89, 0.93, 0.93, 0.92], "sys [s]": [3.48, 3.33, 3.27, 3.29, 3.26], "cpu [s]": [4.29, 4.22, 4.2, 4.22, 4.18]}, "command": "['xs', 'Sherlock', 'en.txt', '-j', '14']"}, "xs -j 16": {"data": {"wall [s]": [37.2, 37.52, 37.57, 37.01, 37.52], "usr [s]": [1.0, 0.87, 0.81, 0.8, 0.9], "sys [s]": [3.17, 3.28, 3.36, 3.36, 3.27], "cpu [s]": [4.17, 4.1499999999999995, 4.17, 4.16, 4.17]}, "command": "['xs', 'Sherlock', 'en.txt', '-j', '16']"}}}