{"setup": {"name": "xsgrep mmap vs std::ifstream::read", "hardware": {"client": "ural", "cpu": "AMD Ryzen 7 3700X 8-Core Processor"}}, "results": {"xs": {"data": {"wall [s]": [37.75, 37.93, 36.98, 37.69, 37.01], "usr [s]": [0.86, 0.9, 0.86, 0.86, 0.8], "sys [s]": [3.3, 3.27, 3.17, 3.36, 3.29], "cpu [s]": [4.16, 4.17, 4.03, 4.22, 4.09]}, "command": "['xs', 'Sherlock', 'data.txt']"}, "xs --no-mmap": {"data": {"wall [s]": [25.65, 25.62, 25.64, 25.69, 25.77], "usr [s]": [1.0, 1.03, 0.93, 0.91, 1.01], "sys [s]": [3.88, 3.92, 3.97, 4.06, 3.99], "cpu [s]": [4.88, 4.95, 4.9, 4.97, 5.0]}, "command": "['xs', 'Sherlock', 'data.txt', '--no-mmap']"}, "xs -j 1": {"data": {"wall [s]": [38.41, 37.11, 37.31, 37.46, 37.94], "usr [s]": [0.87, 0.82, 0.84, 0.97, 0.9], "sys [s]": [3.07, 3.09, 3.14, 2.95, 3.12], "cpu [s]": [3.94, 3.9099999999999997, 3.98, 3.92, 4.0200000000000005]}, "command": "['xs', 'Sherlock', 'data.txt', '-j', '2']"}, "xs --no-mmap -j 1": {"data": {"wall [s]": [25.65, 25.64, 25.65, 25.65, 25.72], "usr [s]": [0.85, 0.93, 1.13, 1.11, 0.9], "sys [s]": [4.18, 4.05, 3.95, 3.82, 4.15], "cpu [s]": [5.029999999999999, 4.9799999999999995, 5.08, 4.93, 5.050000000000001]}, "command": "['xs', 'Sherlock', 'data.txt', '-j', '2', '--no-mmap']"}}}