{"setup": {"name": "regex search: lines", "hardware": {"client": "go", "cpu": "Intel(R) Core(TM) i7-10700K CPU @ 3.80GHz"}}, "results": {"GNU grep": {"wall [s]": [5.9, 5.89, 5.89, 5.86, 5.87], "usr [s]": [4.71, 4.69, 4.76, 4.63, 4.61], "sys [s]": [1.07, 1.09, 1.02, 1.13, 1.16], "cpu [s]": [5.78, 5.78, 5.779999999999999, 5.76, 5.7700000000000005]}, "xs grep": {"wall [s]": [3.43, 3.43, 3.43, 3.43, 3.43], "usr [s]": [7.86, 7.99, 7.83, 7.84, 7.77], "sys [s]": [1.22, 1.11, 1.3, 1.3, 1.36], "cpu [s]": [9.08, 9.1, 9.13, 9.14, 9.129999999999999]}, "xs grep meta": {"wall [s]": [3.53, 3.53, 3.53, 3.53, 3.53], "usr [s]": [7.84, 7.94, 7.79, 7.76, 7.9], "sys [s]": [1.23, 1.13, 1.28, 1.35, 1.2], "cpu [s]": [9.07, 9.07, 9.07, 9.11, 9.1]}, "xs grep -j 1": {"wall [s]": [8.14, 8.03, 8.07, 8.04, 8.04], "usr [s]": [7.16, 7.09, 7.04, 7.11, 7.0], "sys [s]": [0.86, 0.83, 0.9, 0.81, 0.93], "cpu [s]": [8.02, 7.92, 7.94, 7.92, 7.93]}, "xs grep -j 1 meta": {"wall [s]": [8.1, 8.09, 8.0, 8.05, 8.02], "usr [s]": [7.11, 7.11, 6.93, 6.98, 6.92], "sys [s]": [0.87, 0.86, 0.95, 0.95, 0.98], "cpu [s]": [7.98, 7.970000000000001, 7.88, 7.930000000000001, 7.9]}, "ripgrep": {"wall [s]": [3.64, 3.64, 3.64, 3.64, 3.64], "usr [s]": [0.67, 0.66, 0.7, 0.65, 0.58], "sys [s]": [0.95, 0.94, 0.91, 0.95, 1.03], "cpu [s]": [1.62, 1.6, 1.6099999999999999, 1.6, 1.6099999999999999]}, "cat": {"wall [s]": [3.6, 3.59, 3.59, 3.6, 3.61], "usr [s]": [0.0, 0.0, 0.01, 0.0, 0.01], "sys [s]": [2.85, 2.79, 2.79, 2.8, 2.79], "cpu [s]": [2.85, 2.79, 2.8, 2.8, 2.8]}}}