{"setup": {"name": "literal search: byte offsets", "hardware": {"client": "go", "cpu": "Intel(R) Core(TM) i7-10700K CPU @ 3.80GHz"}}, "results": {"GNU grep": {"wall [s]": [16.55, 16.55, 16.55, 16.59, 16.59], "usr [s]": [15.4, 15.53, 15.55, 15.54, 15.51], "sys [s]": [1.14, 1.0, 0.99, 1.03, 1.08], "cpu [s]": [16.54, 16.53, 16.54, 16.57, 16.59]}, "xs grep": {"wall [s]": [3.43, 3.43, 3.43, 3.43, 3.43], "usr [s]": [6.61, 6.61, 6.53, 6.52, 6.49], "sys [s]": [1.2, 1.14, 1.22, 1.24, 1.31], "cpu [s]": [7.8100000000000005, 7.75, 7.75, 7.76, 7.800000000000001]}, "xs grep meta": {"wall [s]": [3.53, 3.53, 3.53, 3.53, 3.53], "usr [s]": [6.48, 6.44, 6.57, 6.48, 6.62], "sys [s]": [1.25, 1.22, 1.18, 1.25, 1.2], "cpu [s]": [7.73, 7.66, 7.75, 7.73, 7.82]}, "xs grep -j 1": {"wall [s]": [6.7, 6.71, 6.71, 6.74, 6.71], "usr [s]": [5.67, 5.73, 5.66, 5.72, 5.68], "sys [s]": [0.91, 0.85, 0.93, 0.89, 0.91], "cpu [s]": [6.58, 6.58, 6.59, 6.609999999999999, 6.59]}, "xs grep -j 1 meta": {"wall [s]": [6.79, 6.8, 6.79, 6.82, 6.8], "usr [s]": [5.77, 5.7, 5.69, 5.71, 5.79], "sys [s]": [0.84, 0.93, 0.92, 0.93, 0.83], "cpu [s]": [6.609999999999999, 6.63, 6.61, 6.64, 6.62]}, "ripgrep": {"wall [s]": [3.82, 3.82, 3.82, 3.84, 3.82], "usr [s]": [2.18, 2.13, 2.06, 2.15, 2.04], "sys [s]": [0.86, 0.91, 0.99, 0.92, 1.01], "cpu [s]": [3.04, 3.04, 3.05, 3.07, 3.05]}, "cat": {"wall [s]": [3.59, 3.59, 3.6, 3.59, 3.61], "usr [s]": [0.0, 0.01, 0.01, 0.01, 0.0], "sys [s]": [2.79, 2.79, 2.8, 2.78, 2.8], "cpu [s]": [2.79, 2.8, 2.8099999999999996, 2.7899999999999996, 2.8]}}}