{"setup": {"name": "literal search: line numbers", "hardware": {"client": "go", "cpu": "Intel(R) Core(TM) i7-10700K CPU @ 3.80GHz"}}, "results": {"GNU grep": {"wall [s]": [6.86, 6.79, 6.79, 6.76, 6.77], "usr [s]": [5.72, 5.69, 5.6, 5.68, 5.62], "sys [s]": [1.06, 1.02, 1.12, 1.01, 1.07], "cpu [s]": [6.779999999999999, 6.710000000000001, 6.72, 6.6899999999999995, 6.69]}, "xs grep": {"wall [s]": [3.66, 3.64, 3.55, 3.53, 3.63], "usr [s]": [9.26, 9.36, 9.43, 9.24, 9.38], "sys [s]": [1.33, 1.28, 1.18, 1.26, 1.2], "cpu [s]": [10.59, 10.639999999999999, 10.61, 10.5, 10.58]}, "xs grep meta": {"wall [s]": [3.53, 3.53, 3.53, 3.53, 3.53], "usr [s]": [7.81, 7.78, 7.79, 7.78, 7.73], "sys [s]": [1.29, 1.31, 1.25, 1.29, 1.38], "cpu [s]": [9.1, 9.09, 9.04, 9.07, 9.11]}, "xs grep -j 1": {"wall [s]": [10.56, 10.55, 10.6, 10.61, 10.6], "usr [s]": [8.2, 8.33, 8.29, 8.36, 8.35], "sys [s]": [1.03, 0.88, 0.98, 0.94, 0.94], "cpu [s]": [9.229999999999999, 9.21, 9.27, 9.299999999999999, 9.29]}, "xs grep -j 1 meta": {"wall [s]": [8.04, 8.01, 8.1, 8.09, 7.99], "usr [s]": [6.96, 6.99, 7.14, 7.02, 7.0], "sys [s]": [0.96, 0.89, 0.83, 0.95, 0.88], "cpu [s]": [7.92, 7.88, 7.97, 7.97, 7.88]}, "ripgrep": {"wall [s]": [3.83, 3.84, 3.83, 3.83, 3.83], "usr [s]": [0.89, 0.83, 0.89, 0.84, 0.9], "sys [s]": [0.92, 1.0, 0.91, 0.97, 0.91], "cpu [s]": [1.81, 1.83, 1.8, 1.81, 1.81]}, "cat": {"wall [s]": [3.58, 3.59, 3.59, 3.59, 3.59], "usr [s]": [0.01, 0.01, 0.02, 0.0, 0.01], "sys [s]": [2.77, 2.8, 2.79, 2.81, 2.8], "cpu [s]": [2.78, 2.8099999999999996, 2.81, 2.81, 2.8099999999999996]}}}