{"setup": {"name": "literal search: byte offsets", "hardware": {"client": "go", "cpu": "Intel(R) Core(TM) i7-10700K CPU @ 3.80GHz"}}, "results": {"GNU grep": {"wall [s]": [5.89, 5.9, 5.9, 5.91, 5.9], "usr [s]": [4.83, 4.63, 4.75, 4.77, 4.62], "sys [s]": [0.96, 1.16, 1.04, 1.03, 1.17], "cpu [s]": [5.79, 5.79, 5.79, 5.8, 5.79]}, "xs grep": {"wall [s]": [3.43, 3.43, 3.43, 3.43, 3.43], "usr [s]": [7.76, 7.9, 7.86, 7.79, 7.74], "sys [s]": [1.36, 1.21, 1.28, 1.37, 1.4], "cpu [s]": [9.12, 9.11, 9.14, 9.16, 9.14]}, "xs grep meta": {"wall [s]": [3.53, 3.54, 3.53, 3.53, 3.53], "usr [s]": [7.8, 7.85, 7.88, 7.92, 7.93], "sys [s]": [1.31, 1.27, 1.21, 1.17, 1.13], "cpu [s]": [9.11, 9.12, 9.09, 9.09, 9.059999999999999]}, "xs grep -j 1": {"wall [s]": [8.14, 8.09, 8.03, 8.14, 8.13], "usr [s]": [7.24, 7.02, 7.04, 7.17, 7.08], "sys [s]": [0.77, 0.94, 0.87, 0.85, 0.92], "cpu [s]": [8.01, 7.959999999999999, 7.91, 8.02, 8.0]}, "xs grep -j 1 meta": {"wall [s]": [8.02, 8.03, 8.02, 8.04, 8.04], "usr [s]": [6.93, 6.91, 6.95, 7.13, 7.18], "sys [s]": [0.96, 0.99, 0.94, 0.79, 0.73], "cpu [s]": [7.89, 7.9, 7.890000000000001, 7.92, 7.91]}, "ripgrep": {"wall [s]": [3.64, 3.64, 3.65, 3.64, 3.64], "usr [s]": [0.64, 0.71, 0.71, 0.68, 0.67], "sys [s]": [0.97, 0.91, 0.92, 0.93, 0.94], "cpu [s]": [1.6099999999999999, 1.62, 1.63, 1.61, 1.6099999999999999]}, "cat": {"wall [s]": [3.6, 3.58, 3.58, 3.6, 3.58], "usr [s]": [0.01, 0.02, 0.0, 0.01, 0.0], "sys [s]": [2.82, 2.79, 2.79, 2.8, 2.78], "cpu [s]": [2.8299999999999996, 2.81, 2.79, 2.8099999999999996, 2.78]}}}