{"setup": {"name": "regex search: lines", "hardware": {"client": "go", "cpu": "Intel(R) Core(TM) i7-10700K CPU @ 3.80GHz"}}, "results": {"GNU grep": {"wall [s]": [5.0, 5.0, 5.03, 5.02, 5.01], "usr [s]": [4.62, 4.63, 4.59, 4.59, 4.67], "sys [s]": [0.37, 0.37, 0.41, 0.43, 0.34], "cpu [s]": [4.99, 5.0, 5.0, 5.02, 5.01]}, "xs grep": {"wall [s]": [1.0, 1.0, 1.01, 0.99, 0.98], "usr [s]": [7.54, 7.53, 7.6, 7.56, 7.57], "sys [s]": [0.21, 0.23, 0.28, 0.19, 0.16], "cpu [s]": [7.75, 7.760000000000001, 7.88, 7.75, 7.73]}, "xs grep meta": {"wall [s]": [1.0, 1.0, 1.0, 1.01, 1.0], "usr [s]": [7.54, 7.52, 7.48, 7.5, 7.53], "sys [s]": [0.2, 0.22, 0.25, 0.23, 0.23], "cpu [s]": [7.74, 7.739999999999999, 7.73, 7.73, 7.760000000000001]}, "xs grep -j 1": {"wall [s]": [7.09, 7.11, 7.11, 7.12, 7.09], "usr [s]": [6.87, 6.93, 6.92, 6.94, 6.88], "sys [s]": [0.22, 0.18, 0.19, 0.18, 0.21], "cpu [s]": [7.09, 7.109999999999999, 7.11, 7.12, 7.09]}, "xs grep -j 1 meta": {"wall [s]": [7.14, 7.11, 7.12, 7.13, 7.12], "usr [s]": [6.86, 6.87, 6.89, 6.93, 6.91], "sys [s]": [0.27, 0.24, 0.23, 0.2, 0.2], "cpu [s]": [7.130000000000001, 7.11, 7.12, 7.13, 7.11]}, "ripgrep": {"wall [s]": [0.83, 0.81, 0.8, 0.81, 0.81], "usr [s]": [0.6, 0.63, 0.61, 0.62, 0.64], "sys [s]": [0.19, 0.17, 0.19, 0.18, 0.17], "cpu [s]": [0.79, 0.8, 0.8, 0.8, 0.81]}, "cat": {"wall [s]": [2.11, 2.11, 2.13, 2.12, 2.08], "usr [s]": [0.0, 0.01, 0.01, 0.01, 0.02], "sys [s]": [2.1, 2.09, 2.12, 2.11, 2.06], "cpu [s]": [2.1, 2.0999999999999996, 2.13, 2.1199999999999997, 2.08]}}}