{"setup": {"name": "literal search: byte offsets", "hardware": {"client": "go", "cpu": "Intel(R) Core(TM) i7-10700K CPU @ 3.80GHz"}}, "results": {"GNU grep": {"wall [s]": [15.91, 15.9, 15.89, 15.91, 15.89, 15.88, 15.9, 16.05, 15.96, 15.88], "usr [s]": [15.49, 15.51, 15.56, 15.56, 15.41, 15.44, 15.54, 15.67, 15.56, 15.52], "sys [s]": [0.41, 0.38, 0.32, 0.35, 0.48, 0.43, 0.35, 0.37, 0.37, 0.35], "cpu [s]": [15.9, 15.89, 15.88, 15.91, 15.89, 15.87, 15.889999999999999, 16.04, 15.93, 15.87]}, "xs grep": {"wall [s]": [0.82, 0.83, 0.82, 0.82, 0.86, 0.84, 0.84, 0.85, 0.82, 0.83], "usr [s]": [6.16, 6.22, 6.12, 6.11, 6.38, 6.16, 6.21, 6.14, 6.08, 6.22], "sys [s]": [0.21, 0.18, 0.25, 0.26, 0.28, 0.25, 0.21, 0.27, 0.29, 0.2], "cpu [s]": [6.37, 6.3999999999999995, 6.37, 6.37, 6.66, 6.41, 6.42, 6.41, 6.37, 6.42]}, "xs grep meta": {"wall [s]": [0.02, 0.02, 0.02, 0.02, 0.02, 0.02, 0.02, 0.02, 0.02, 0.02], "usr [s]": [0.04, 0.03, 0.02, 0.03, 0.03, 0.03, 0.03, 0.03, 0.04, 0.03], "sys [s]": [0.0, 0.0, 0.01, 0.0, 0.01, 0.0, 0.0, 0.0, 0.0, 0.0], "cpu [s]": [0.04, 0.03, 0.03, 0.03, 0.04, 0.03, 0.03, 0.03, 0.04, 0.03]}, "xs grep -j 1": {"wall [s]": [5.89, 5.89, 5.88, 5.88, 5.88, 5.9, 5.89, 5.89, 5.9, 5.88], "usr [s]": [5.68, 5.65, 5.7, 5.68, 5.68, 5.67, 5.59, 5.71, 5.69, 5.66], "sys [s]": [0.2, 0.23, 0.17, 0.19, 0.2, 0.22, 0.29, 0.17, 0.21, 0.22], "cpu [s]": [5.88, 5.880000000000001, 5.87, 5.87, 5.88, 5.89, 5.88, 5.88, 5.9, 5.88]}, "xs grep -j 1 meta": {"wall [s]": [0.03, 0.03, 0.03, 0.03, 0.03, 0.03, 0.03, 0.03, 0.03, 0.03], "usr [s]": [0.03, 0.03, 0.03, 0.03, 0.03, 0.03, 0.03, 0.03, 0.03, 0.03], "sys [s]": [0.0, 0.0, 0.0, 0.0, 0.0, 0.0, 0.0, 0.0, 0.0, 0.0], "cpu [s]": [0.03, 0.03, 0.03, 0.03, 0.03, 0.03, 0.03, 0.03, 0.03, 0.03]}, "ripgrep": {"wall [s]": [2.27, 2.26, 2.27, 2.26, 2.26, 2.26, 2.27, 2.27, 2.28, 2.27], "usr [s]": [2.05, 2.04, 2.06, 2.04, 2.07, 2.08, 2.05, 2.05, 2.07, 2.09], "sys [s]": [0.21, 0.22, 0.2, 0.21, 0.18, 0.18, 0.22, 0.21, 0.2, 0.17], "cpu [s]": [2.26, 2.2600000000000002, 2.2600000000000002, 2.25, 2.25, 2.2600000000000002, 2.27, 2.26, 2.27, 2.26]}, "cat": {"wall [s]": [2.16, 2.19, 2.15, 2.15, 2.16, 2.14, 2.18, 2.16, 2.2, 2.18], "usr [s]": [0.0, 0.0, 0.0, 0.01, 0.0, 0.0, 0.0, 0.0, 0.0, 0.01], "sys [s]": [2.14, 2.18, 2.15, 2.13, 2.16, 2.14, 2.17, 2.15, 2.19, 2.17], "cpu [s]": [2.14, 2.18, 2.15, 2.1399999999999997, 2.16, 2.14, 2.17, 2.15, 2.19, 2.1799999999999997]}}}