{"setup": {"name": "literal search: byte offsets", "hardware": {"client": "go", "cpu": "Intel(R) Core(TM) i7-10700K CPU @ 3.80GHz"}}, "results": {"GNU grep": {"wall [s]": [5.04, 5.03, 5.04, 5.05, 5.07, 5.04, 5.04, 5.07, 5.04, 5.05], "usr [s]": [4.69, 4.64, 4.65, 4.65, 4.64, 4.64, 4.67, 4.62, 4.67, 4.63], "sys [s]": [0.35, 0.39, 0.38, 0.39, 0.42, 0.39, 0.36, 0.44, 0.36, 0.41], "cpu [s]": [5.04, 5.029999999999999, 5.03, 5.04, 5.06, 5.029999999999999, 5.03, 5.0600000000000005, 5.03, 5.04]}, "xs grep": {"wall [s]": [1.0, 0.99, 0.99, 0.98, 0.99, 1.01, 0.99, 1.01, 1.0, 1.0], "usr [s]": [7.51, 7.55, 7.48, 7.53, 7.49, 7.52, 7.53, 7.55, 7.5, 7.49], "sys [s]": [0.26, 0.21, 0.26, 0.2, 0.26, 0.27, 0.21, 0.25, 0.26, 0.25], "cpu [s]": [7.77, 7.76, 7.74, 7.73, 7.75, 7.789999999999999, 7.74, 7.8, 7.76, 7.74]}, "xs grep meta": {"wall [s]": [0.02, 0.02, 0.02, 0.02, 0.02, 0.02, 0.02, 0.02, 0.02, 0.02], "usr [s]": [0.04, 0.03, 0.04, 0.04, 0.04, 0.04, 0.04, 0.04, 0.03, 0.04], "sys [s]": [0.0, 0.0, 0.0, 0.0, 0.0, 0.0, 0.0, 0.0, 0.0, 0.0], "cpu [s]": [0.04, 0.03, 0.04, 0.04, 0.04, 0.04, 0.04, 0.04, 0.03, 0.04]}, "xs grep -j 1": {"wall [s]": [7.14, 7.15, 7.18, 7.13, 7.14, 7.14, 7.14, 7.14, 7.15, 7.13], "usr [s]": [6.93, 6.92, 6.93, 6.87, 6.99, 6.96, 6.93, 6.99, 6.98, 6.93], "sys [s]": [0.2, 0.22, 0.24, 0.25, 0.15, 0.17, 0.21, 0.15, 0.17, 0.2], "cpu [s]": [7.13, 7.14, 7.17, 7.12, 7.140000000000001, 7.13, 7.14, 7.140000000000001, 7.15, 7.13]}, "xs grep -j 1 meta": {"wall [s]": [0.04, 0.04, 0.04, 0.04, 0.04, 0.04, 0.04, 0.04, 0.04, 0.04], "usr [s]": [0.04, 0.03, 0.04, 0.04, 0.04, 0.04, 0.04, 0.03, 0.04, 0.04], "sys [s]": [0.0, 0.0, 0.0, 0.0, 0.0, 0.0, 0.0, 0.0, 0.0, 0.0], "cpu [s]": [0.04, 0.03, 0.04, 0.04, 0.04, 0.04, 0.04, 0.03, 0.04, 0.04]}, "ripgrep": {"wall [s]": [0.82, 0.83, 0.81, 0.82, 0.82, 0.81, 0.82, 0.81, 0.81, 0.81], "usr [s]": [0.59, 0.64, 0.62, 0.62, 0.63, 0.61, 0.64, 0.59, 0.61, 0.61], "sys [s]": [0.23, 0.18, 0.19, 0.19, 0.19, 0.2, 0.17, 0.22, 0.2, 0.2], "cpu [s]": [0.82, 0.8200000000000001, 0.81, 0.81, 0.8200000000000001, 0.81, 0.81, 0.8099999999999999, 0.81, 0.81]}, "cat": {"wall [s]": [2.18, 2.15, 2.15, 2.19, 2.17, 2.18, 2.18, 2.18, 2.19, 2.19], "usr [s]": [0.0, 0.0, 0.0, 0.0, 0.0, 0.0, 0.0, 0.0, 0.0, 0.0], "sys [s]": [2.18, 2.14, 2.15, 2.19, 2.17, 2.17, 2.18, 2.18, 2.18, 2.17], "cpu [s]": [2.18, 2.14, 2.15, 2.19, 2.17, 2.17, 2.18, 2.18, 2.18, 2.17]}}}