{"setup": {"name": "literal search: line numbers", "hardware": {"client": "go", "cpu": "Intel(R) Core(TM) i7-10700K CPU @ 3.80GHz"}}, "results": {"GNU grep": {"wall [s]": [5.97, 6.0, 5.97, 5.97, 6.03, 5.97, 5.98, 6.01, 5.99, 5.98], "usr [s]": [5.66, 5.56, 5.59, 5.61, 5.68, 5.6, 5.6, 5.61, 5.69, 5.6], "sys [s]": [0.3, 0.43, 0.38, 0.34, 0.33, 0.36, 0.37, 0.39, 0.29, 0.37], "cpu [s]": [5.96, 5.989999999999999, 5.97, 5.95, 6.01, 5.96, 5.97, 6.0, 5.98, 5.97]}, "xs grep": {"wall [s]": [1.25, 1.24, 1.23, 1.24, 1.24, 1.2, 1.24, 1.25, 1.24, 1.24], "usr [s]": [9.14, 9.16, 9.09, 9.12, 9.14, 9.07, 9.13, 9.14, 9.13, 9.12], "sys [s]": [0.25, 0.24, 0.28, 0.25, 0.22, 0.22, 0.27, 0.26, 0.28, 0.27], "cpu [s]": [9.39, 9.4, 9.37, 9.37, 9.360000000000001, 9.290000000000001, 9.4, 9.4, 9.41, 9.389999999999999]}, "xs grep meta": {"wall [s]": [0.02, 0.02, 0.02, 0.02, 0.02, 0.02, 0.02, 0.02, 0.02, 0.02], "usr [s]": [0.04, 0.04, 0.04, 0.04, 0.04, 0.04, 0.04, 0.04, 0.04, 0.04], "sys [s]": [0.0, 0.0, 0.0, 0.0, 0.0, 0.0, 0.0, 0.0, 0.0, 0.0], "cpu [s]": [0.04, 0.04, 0.04, 0.04, 0.04, 0.04, 0.04, 0.04, 0.04, 0.04]}, "xs grep -j 1": {"wall [s]": [8.47, 8.49, 8.47, 8.46, 8.47, 8.47, 8.48, 8.46, 8.5, 8.47], "usr [s]": [8.28, 8.27, 8.29, 8.23, 8.27, 8.24, 8.23, 8.24, 8.27, 8.27], "sys [s]": [0.18, 0.22, 0.18, 0.23, 0.19, 0.23, 0.25, 0.21, 0.21, 0.2], "cpu [s]": [8.459999999999999, 8.49, 8.469999999999999, 8.46, 8.459999999999999, 8.47, 8.48, 8.450000000000001, 8.48, 8.469999999999999]}, "xs grep -j 1 meta": {"wall [s]": [0.04, 0.04, 0.04, 0.04, 0.04, 0.04, 0.04, 0.04, 0.04, 0.04], "usr [s]": [0.04, 0.04, 0.04, 0.04, 0.04, 0.04, 0.04, 0.03, 0.04, 0.04], "sys [s]": [0.0, 0.0, 0.0, 0.0, 0.0, 0.0, 0.0, 0.0, 0.0, 0.0], "cpu [s]": [0.04, 0.04, 0.04, 0.04, 0.04, 0.04, 0.04, 0.03, 0.04, 0.04]}, "ripgrep": {"wall [s]": [1.01, 1.0, 1.01, 1.01, 1.01, 1.01, 1.06, 1.01, 1.03, 1.0], "usr [s]": [0.83, 0.83, 0.8, 0.82, 0.82, 0.82, 0.85, 0.8, 0.82, 0.79], "sys [s]": [0.18, 0.16, 0.2, 0.18, 0.18, 0.18, 0.21, 0.2, 0.2, 0.21], "cpu [s]": [1.01, 0.99, 1.0, 1.0, 1.0, 1.0, 1.06, 1.0, 1.02, 1.0]}, "cat": {"wall [s]": [2.19, 2.18, 2.17, 2.19, 2.17, 2.15, 2.16, 2.16, 2.15, 2.14], "usr [s]": [0.01, 0.01, 0.01, 0.0, 0.02, 0.01, 0.0, 0.0, 0.0, 0.01], "sys [s]": [2.17, 2.17, 2.16, 2.18, 2.14, 2.13, 2.15, 2.15, 2.14, 2.12], "cpu [s]": [2.1799999999999997, 2.1799999999999997, 2.17, 2.18, 2.16, 2.1399999999999997, 2.15, 2.15, 2.14, 2.13]}}}