{"setup": {"name": "literal search: byte offsets", "hardware": {"client": "go", "cpu": "Intel(R) Core(TM) i7-10700K CPU @ 3.80GHz"}}, "results": {"GNU grep": {"wall [s]": [15.9, 15.86, 15.88, 15.82, 15.86], "usr [s]": [15.45, 15.48, 15.5, 15.38, 15.44], "sys [s]": [0.41, 0.38, 0.38, 0.44, 0.42], "cpu [s]": [15.86, 15.860000000000001, 15.88, 15.82, 15.86]}, "xs grep": {"wall [s]": [0.83, 0.81, 0.84, 0.84, 0.82], "usr [s]": [6.15, 6.14, 6.16, 6.17, 6.18], "sys [s]": [0.25, 0.21, 0.2, 0.26, 0.18], "cpu [s]": [6.4, 6.35, 6.36, 6.43, 6.359999999999999]}, "xs grep meta": {"wall [s]": [0.84, 0.83, 0.84, 0.86, 0.84], "usr [s]": [6.22, 6.19, 6.13, 6.15, 6.17], "sys [s]": [0.23, 0.18, 0.24, 0.32, 0.21], "cpu [s]": [6.45, 6.37, 6.37, 6.470000000000001, 6.38]}, "xs grep -j 1": {"wall [s]": [5.84, 5.84, 5.84, 5.84, 5.84], "usr [s]": [5.65, 5.6, 5.66, 5.63, 5.6], "sys [s]": [0.18, 0.24, 0.18, 0.21, 0.24], "cpu [s]": [5.83, 5.84, 5.84, 5.84, 5.84]}, "xs grep -j 1 meta": {"wall [s]": [5.87, 5.86, 5.86, 5.87, 5.86], "usr [s]": [5.66, 5.65, 5.65, 5.62, 5.62], "sys [s]": [0.21, 0.2, 0.21, 0.24, 0.23], "cpu [s]": [5.87, 5.8500000000000005, 5.86, 5.86, 5.8500000000000005]}, "ripgrep": {"wall [s]": [2.24, 2.24, 2.24, 2.24, 2.24], "usr [s]": [2.01, 2.04, 2.04, 2.03, 2.01], "sys [s]": [0.22, 0.2, 0.2, 0.21, 0.23], "cpu [s]": [2.23, 2.24, 2.24, 2.2399999999999998, 2.2399999999999998]}, "cat": {"wall [s]": [2.09, 2.12, 2.12, 2.11, 2.11], "usr [s]": [0.0, 0.0, 0.01, 0.0, 0.0], "sys [s]": [2.08, 2.11, 2.11, 2.1, 2.11], "cpu [s]": [2.08, 2.11, 2.1199999999999997, 2.1, 2.11]}}}