{"setup": {"name": "literal search: line numbers", "hardware": {"client": "go", "cpu": "Intel(R) Core(TM) i7-10700K CPU @ 3.80GHz"}}, "results": {"GNU grep": {"wall [s]": [5.92, 5.95, 5.94, 5.93, 5.99], "usr [s]": [5.6, 5.5, 5.56, 5.59, 5.52], "sys [s]": [0.31, 0.44, 0.37, 0.33, 0.44], "cpu [s]": [5.909999999999999, 5.94, 5.93, 5.92, 5.96]}, "xs grep": {"wall [s]": [1.24, 1.24, 1.24, 1.23, 1.22], "usr [s]": [9.16, 9.11, 9.16, 9.14, 9.12], "sys [s]": [0.28, 0.27, 0.23, 0.25, 0.24], "cpu [s]": [9.44, 9.379999999999999, 9.39, 9.39, 9.36]}, "xs grep meta": {"wall [s]": [0.99, 1.0, 1.0, 1.0, 1.0], "usr [s]": [7.56, 7.52, 7.51, 7.5, 7.53], "sys [s]": [0.18, 0.22, 0.23, 0.24, 0.23], "cpu [s]": [7.739999999999999, 7.739999999999999, 7.74, 7.74, 7.760000000000001]}, "xs grep -j 1": {"wall [s]": [8.43, 8.43, 8.46, 8.42, 8.48], "usr [s]": [8.25, 8.19, 8.28, 8.16, 8.28], "sys [s]": [0.17, 0.23, 0.17, 0.25, 0.19], "cpu [s]": [8.42, 8.42, 8.45, 8.41, 8.469999999999999]}, "xs grep -j 1 meta": {"wall [s]": [7.13, 7.12, 7.12, 7.13, 7.12], "usr [s]": [6.92, 6.91, 6.95, 6.91, 6.9], "sys [s]": [0.21, 0.21, 0.16, 0.21, 0.21], "cpu [s]": [7.13, 7.12, 7.11, 7.12, 7.11]}, "ripgrep": {"wall [s]": [1.0, 0.99, 1.0, 0.99, 1.0], "usr [s]": [0.79, 0.79, 0.8, 0.8, 0.79], "sys [s]": [0.2, 0.19, 0.19, 0.18, 0.2], "cpu [s]": [0.99, 0.98, 0.99, 0.98, 0.99]}, "cat": {"wall [s]": [2.08, 2.11, 2.1, 2.13, 2.08], "usr [s]": [0.01, 0.01, 0.01, 0.0, 0.0], "sys [s]": [2.07, 2.1, 2.09, 2.12, 2.07], "cpu [s]": [2.0799999999999996, 2.11, 2.0999999999999996, 2.12, 2.07]}}}