{"setup": {"name": "regex search: lines", "hardware": {"client": "go", "cpu": "Intel(R) Core(TM) i7-10700K CPU @ 3.80GHz"}}, "results": {"GNU grep": {"wall [s]": [5.07, 5.05, 5.03, 5.07, 5.07, 5.05, 5.04, 5.04, 5.05, 5.06], "usr [s]": [4.66, 4.64, 4.64, 4.72, 4.67, 4.69, 4.66, 4.68, 4.67, 4.67], "sys [s]": [0.39, 0.41, 0.38, 0.34, 0.38, 0.35, 0.37, 0.35, 0.37, 0.38], "cpu [s]": [5.05, 5.05, 5.02, 5.06, 5.05, 5.04, 5.03, 5.029999999999999, 5.04, 5.05]}, "xs grep": {"wall [s]": [1.0, 1.01, 1.01, 0.99, 1.0, 0.98, 0.99, 0.98, 0.98, 1.0], "usr [s]": [7.52, 7.58, 7.58, 7.56, 7.53, 7.53, 7.53, 7.46, 7.49, 7.55], "sys [s]": [0.21, 0.18, 0.23, 0.19, 0.23, 0.2, 0.23, 0.26, 0.24, 0.22], "cpu [s]": [7.7299999999999995, 7.76, 7.8100000000000005, 7.75, 7.760000000000001, 7.73, 7.760000000000001, 7.72, 7.73, 7.77]}, "xs grep meta": {"wall [s]": [0.02, 0.02, 0.02, 0.02, 0.02, 0.02, 0.02, 0.02, 0.02, 0.02], "usr [s]": [0.04, 0.04, 0.05, 0.04, 0.04, 0.04, 0.04, 0.04, 0.04, 0.04], "sys [s]": [0.0, 0.0, 0.0, 0.0, 0.0, 0.0, 0.0, 0.0, 0.0, 0.0], "cpu [s]": [0.04, 0.04, 0.05, 0.04, 0.04, 0.04, 0.04, 0.04, 0.04, 0.04]}, "xs grep -j 1": {"wall [s]": [7.13, 7.14, 7.14, 7.15, 7.14, 7.13, 7.16, 7.15, 7.14, 7.14], "usr [s]": [6.93, 6.94, 6.91, 6.97, 6.94, 6.97, 6.94, 6.97, 6.95, 6.96], "sys [s]": [0.19, 0.19, 0.22, 0.17, 0.2, 0.16, 0.2, 0.18, 0.18, 0.17], "cpu [s]": [7.12, 7.130000000000001, 7.13, 7.14, 7.140000000000001, 7.13, 7.140000000000001, 7.1499999999999995, 7.13, 7.13]}, "xs grep -j 1 meta": {"wall [s]": [0.04, 0.04, 0.04, 0.04, 0.04, 0.04, 0.04, 0.04, 0.04, 0.04], "usr [s]": [0.04, 0.04, 0.04, 0.04, 0.04, 0.04, 0.04, 0.04, 0.03, 0.03], "sys [s]": [0.0, 0.0, 0.0, 0.0, 0.0, 0.0, 0.0, 0.0, 0.0, 0.0], "cpu [s]": [0.04, 0.04, 0.04, 0.04, 0.04, 0.04, 0.04, 0.04, 0.03, 0.03]}, "ripgrep": {"wall [s]": [0.83, 0.82, 0.81, 0.81, 0.81, 0.82, 0.82, 0.81, 0.81, 0.82], "usr [s]": [0.62, 0.61, 0.61, 0.63, 0.62, 0.63, 0.6, 0.61, 0.61, 0.6], "sys [s]": [0.19, 0.21, 0.2, 0.18, 0.19, 0.18, 0.22, 0.2, 0.2, 0.22], "cpu [s]": [0.81, 0.82, 0.81, 0.81, 0.81, 0.81, 0.82, 0.81, 0.81, 0.82]}, "cat": {"wall [s]": [2.15, 2.17, 2.17, 2.19, 2.16, 2.15, 2.17, 2.17, 2.18, 2.16], "usr [s]": [0.0, 0.0, 0.01, 0.01, 0.01, 0.0, 0.01, 0.0, 0.0, 0.0], "sys [s]": [2.15, 2.17, 2.16, 2.17, 2.15, 2.15, 2.16, 2.17, 2.18, 2.16], "cpu [s]": [2.15, 2.17, 2.17, 2.1799999999999997, 2.1599999999999997, 2.15, 2.17, 2.17, 2.18, 2.16]}}}