{"setup": {"name": "literal search: byte offsets", "hardware": {"client": "go", "cpu": "Intel(R) Core(TM) i7-10700K CPU @ 3.80GHz"}}, "results": {"GNU grep": {"wall [s]": [5.0, 4.99, 5.03, 5.04, 5.05], "usr [s]": [4.63, 4.67, 4.67, 4.6, 4.68], "sys [s]": [0.36, 0.31, 0.36, 0.43, 0.37], "cpu [s]": [4.99, 4.9799999999999995, 5.03, 5.029999999999999, 5.05]}, "xs grep": {"wall [s]": [0.99, 0.98, 1.0, 0.99, 1.0], "usr [s]": [7.5, 7.49, 7.56, 7.6, 7.56], "sys [s]": [0.25, 0.25, 0.21, 0.17, 0.22], "cpu [s]": [7.75, 7.74, 7.77, 7.77, 7.779999999999999]}, "xs grep meta": {"wall [s]": [1.0, 0.99, 1.0, 1.0, 1.01], "usr [s]": [7.51, 7.52, 7.49, 7.53, 7.5], "sys [s]": [0.23, 0.23, 0.25, 0.21, 0.24], "cpu [s]": [7.74, 7.75, 7.74, 7.74, 7.74]}, "xs grep -j 1": {"wall [s]": [7.1, 7.08, 7.09, 7.09, 7.1], "usr [s]": [6.88, 6.87, 6.89, 6.84, 6.9], "sys [s]": [0.21, 0.21, 0.19, 0.24, 0.19], "cpu [s]": [7.09, 7.08, 7.08, 7.08, 7.090000000000001]}, "xs grep -j 1 meta": {"wall [s]": [7.12, 7.11, 7.11, 7.11, 7.11], "usr [s]": [6.9, 6.88, 6.87, 6.87, 6.9], "sys [s]": [0.22, 0.22, 0.23, 0.23, 0.2], "cpu [s]": [7.12, 7.1, 7.1000000000000005, 7.1000000000000005, 7.1000000000000005]}, "ripgrep": {"wall [s]": [0.8, 0.81, 0.8, 0.82, 0.8], "usr [s]": [0.58, 0.62, 0.62, 0.64, 0.64], "sys [s]": [0.21, 0.18, 0.17, 0.18, 0.15], "cpu [s]": [0.7899999999999999, 0.8, 0.79, 0.8200000000000001, 0.79]}, "cat": {"wall [s]": [2.08, 2.1, 2.12, 2.12, 2.09], "usr [s]": [0.0, 0.0, 0.01, 0.0, 0.01], "sys [s]": [2.08, 2.09, 2.11, 2.12, 2.07], "cpu [s]": [2.08, 2.09, 2.1199999999999997, 2.12, 2.0799999999999996]}}}