{"setup": {"name": "Compressed input (LZ4 HC)", "hardware": {"client": "ural", "cpu": "AMD Ryzen 7 3700X 8-Core Processor"}}, "results": {"lz4cat -> just_read": {"data": {"wall [s]": [5.97, 5.92, 5.91, 5.9, 5.91], "usr [s]": [3.34, 3.35, 3.31, 3.42, 3.24], "sys [s]": [2.03, 1.97, 2.02, 1.89, 2.07], "cpu [s]": [5.369999999999999, 5.32, 5.33, 5.31, 5.3100000000000005]}, "command": "lz4cat en.lz4 | just_read"}, "just_read": {"data": {"wall [s]": [0.24, 0.23, 0.23, 0.23, 0.23], "usr [s]": [0.03, 0.04, 0.03, 0.02, 0.03], "sys [s]": [0.2, 0.19, 0.2, 0.2, 0.2], "cpu [s]": [0.23, 0.23, 0.23, 0.22, 0.23]}, "command": "['just_read', 'en.lz4']"}, "lz4cat -> GNU grep": {"data": {"wall [s]": [7.45, 8.91, 8.7, 8.59, 10.34], "usr [s]": [3.27, 3.29, 3.19, 3.27, 3.95], "sys [s]": [1.4, 1.38, 1.35, 1.43, 1.7], "cpu [s]": [4.67, 4.67, 4.54, 4.7, 5.65]}, "command": "lz4cat en.lz4 | grep Sherlock"}, "lz4cat -> ripgrep": {"data": {"wall [s]": [5.7, 5.71, 5.72, 5.67, 5.61], "usr [s]": [3.2, 3.22, 3.2, 3.28, 3.3], "sys [s]": [1.89, 1.84, 1.9, 1.75, 1.77], "cpu [s]": [5.09, 5.0600000000000005, 5.1, 5.029999999999999, 5.07]}, "command": "lz4cat en.lz4 | rg Sherlock"}, "lz4cat -> xs grep": {"data": {"wall [s]": [6.35, 6.3, 6.28, 6.35, 6.31], "usr [s]": [3.29, 3.32, 3.25, 3.29, 3.25], "sys [s]": [3.04, 2.95, 2.99, 3.04, 3.02], "cpu [s]": [6.33, 6.27, 6.24, 6.33, 6.27]}, "command": "lz4cat en.lz4 | xs Sherlock"}, "xspp -> xs grep": {"data": {"wall [s]": [1.32, 1.32, 1.32, 1.32, 1.32], "usr [s]": [5.07, 5.11, 5.12, 5.11, 5.08], "sys [s]": [1.26, 1.2, 1.19, 1.17, 1.21], "cpu [s]": [6.33, 6.3100000000000005, 6.3100000000000005, 6.28, 6.29]}, "command": "['xs', 'Sherlock', 'en.xslz4', '-m', 'en.xslz4.meta']"}, "xspp -> xs grep --max-readers 2": {"data": {"wall [s]": [1.13, 1.14, 1.14, 1.14, 1.14], "usr [s]": [4.02, 4.11, 4.1, 4.09, 4.05], "sys [s]": [0.32, 0.28, 0.25, 0.26, 0.3], "cpu [s]": [4.34, 4.390000000000001, 4.35, 4.35, 4.35]}, "command": "['xs', 'Sherlock', 'en.xslz4', '-m', 'en.xslz4.meta', '--max-readers', '2']"}, "lz4cat -> xs grep --no-mmap": {"data": {"wall [s]": [6.31, 6.42, 6.42, 6.32, 6.22], "usr [s]": [3.22, 3.31, 3.36, 3.2, 3.32], "sys [s]": [3.07, 3.07, 3.03, 3.06, 2.86], "cpu [s]": [6.29, 6.38, 6.39, 6.26, 6.18]}, "command": "lz4cat en.lz4 | xs Sherlock --no-mmap"}, "xspp -> xs grep --no-mmap": {"data": {"wall [s]": [1.32, 1.33, 1.31, 1.32, 1.32], "usr [s]": [5.09, 5.1, 4.99, 5.06, 5.07], "sys [s]": [1.2, 1.19, 1.01, 1.21, 1.22], "cpu [s]": [6.29, 6.289999999999999, 6.0, 6.27, 6.29]}, "command": "['xs', 'Sherlock', 'en.xslz4', '-m', 'en.xslz4.meta', '--no-mmap']"}, "xspp -> xs grep --max-readers 2 --no-mmap": {"data": {"wall [s]": [1.3, 1.3, 1.3, 1.3, 1.3], "usr [s]": [4.37, 4.37, 4.4, 4.2, 4.43], "sys [s]": [0.65, 0.65, 0.64, 0.84, 0.58], "cpu [s]": [5.0200000000000005, 5.0200000000000005, 5.04, 5.04, 5.01]}, "command": "['xs', 'Sherlock', 'en.xslz4', '-m', 'en.xslz4.meta', '--max-readers', '2', '--no-mmap']"}}}