{"setup": {"name": "Compressed input (ZStandard)", "hardware": {"client": "ural", "cpu": "AMD Ryzen 7 3700X 8-Core Processor"}}, "results": {"zstdcat -> just_read": {"data": {"wall [s]": [8.69, 8.63, 8.67, 8.59, 8.69], "usr [s]": [6.18, 6.45, 6.31, 6.34, 6.31], "sys [s]": [1.97, 1.65, 1.82, 1.71, 1.84], "cpu [s]": [8.15, 8.1, 8.129999999999999, 8.05, 8.15]}, "command": "zstdcat en.zst | just_read"}, "just_read": {"data": {"wall [s]": [0.16, 0.16, 0.16, 0.16, 0.16], "usr [s]": [0.03, 0.03, 0.02, 0.01, 0.03], "sys [s]": [0.12, 0.12, 0.13, 0.14, 0.13], "cpu [s]": [0.15, 0.15, 0.15, 0.15000000000000002, 0.16]}, "command": "['just_read', 'en.zst']"}, "zstdcat -> GNU grep": {"data": {"wall [s]": [9.28, 9.37, 9.42, 9.36, 9.14], "usr [s]": [6.12, 6.24, 6.18, 6.15, 6.28], "sys [s]": [1.42, 1.31, 1.36, 1.36, 1.33], "cpu [s]": [7.54, 7.550000000000001, 7.54, 7.510000000000001, 7.61]}, "command": "zstdcat en.zst | grep Sherlock"}, "zstdcat -> ripgrep": {"data": {"wall [s]": [8.8, 8.83, 8.82, 8.78, 8.8], "usr [s]": [6.28, 6.27, 6.23, 6.33, 6.17], "sys [s]": [1.29, 1.32, 1.31, 1.19, 1.37], "cpu [s]": [7.57, 7.59, 7.540000000000001, 7.52, 7.54]}, "command": "zstdcat en.zst | rg Sherlock"}, "zstdcat -> xs grep": {"data": {"wall [s]": [8.5, 8.67, 8.63, 8.83, 8.72], "usr [s]": [6.31, 6.38, 6.36, 6.37, 6.28], "sys [s]": [1.27, 1.29, 1.3, 1.39, 1.43], "cpu [s]": [7.58, 7.67, 7.66, 7.76, 7.71]}, "command": "zstdcat en.zst | xs Sherlock"}, "xspp -> xs grep": {"data": {"wall [s]": [1.63, 1.64, 1.65, 1.63, 1.64], "usr [s]": [6.35, 6.32, 6.38, 6.31, 6.31], "sys [s]": [0.52, 0.51, 0.5, 0.5, 0.52], "cpu [s]": [6.869999999999999, 6.83, 6.88, 6.81, 6.83]}, "command": "['xs', 'Sherlock', 'en.xszst', '-m', 'en.xszst.meta']"}, "xspp -> xs grep --max-readers 2": {"data": {"wall [s]": [1.61, 1.62, 1.62, 1.61, 1.62], "usr [s]": [6.03, 6.16, 6.11, 6.04, 6.09], "sys [s]": [0.26, 0.19, 0.23, 0.27, 0.23], "cpu [s]": [6.29, 6.3500000000000005, 6.340000000000001, 6.3100000000000005, 6.32]}, "command": "['xs', 'Sherlock', 'en.xszst', '-m', 'en.xszst.meta', '--max-readers', '2']"}, "zstdcat -> xs grep --no-mmap": {"data": {"wall [s]": [8.62, 8.62, 8.59, 8.64, 8.71], "usr [s]": [6.25, 6.23, 6.09, 6.22, 6.15], "sys [s]": [1.39, 1.43, 1.51, 1.43, 1.5], "cpu [s]": [7.64, 7.66, 7.6, 7.6499999999999995, 7.65]}, "command": "zstdcat en.zst | xs Sherlock --no-mmap"}, "xspp -> xs grep --no-mmap": {"data": {"wall [s]": [1.64, 1.63, 1.64, 1.65, 1.64], "usr [s]": [6.38, 6.32, 6.33, 6.32, 6.26], "sys [s]": [0.46, 0.49, 0.5, 0.52, 0.56], "cpu [s]": [6.84, 6.8100000000000005, 6.83, 6.84, 6.82]}, "command": "['xs', 'Sherlock', 'en.xszst', '-m', 'en.xszst.meta', '--no-mmap']"}, "xspp -> xs grep --max-readers 2 --no-mmap": {"data": {"wall [s]": [1.69, 1.7, 1.7, 1.7, 1.7], "usr [s]": [6.18, 6.19, 6.11, 6.21, 6.22], "sys [s]": [0.45, 0.48, 0.56, 0.47, 0.45], "cpu [s]": [6.63, 6.67, 6.67, 6.68, 6.67]}, "command": "['xs', 'Sherlock', 'en.xszst', '-m', 'en.xszst.meta', '--max-readers', '2', '--no-mmap']"}}}