{"setup": {"name": "Compressed input (LZ4)", "hardware": {"client": "ural", "cpu": "AMD Ryzen 7 3700X 8-Core Processor"}}, "results": {"lz4cat -> just_read": {"data": {"wall [s]": [6.25, 6.09, 6.18, 6.18, 6.17], "usr [s]": [3.56, 3.54, 3.49, 3.55, 3.46], "sys [s]": [2.12, 2.02, 2.11, 2.04, 2.13], "cpu [s]": [5.68, 5.5600000000000005, 5.6, 5.59, 5.59]}, "command": "lz4cat en.lz4 | just_read"}, "just_read": {"data": {"wall [s]": [0.43, 0.42, 0.42, 0.42, 0.41], "usr [s]": [0.08, 0.05, 0.05, 0.06, 0.05], "sys [s]": [0.35, 0.36, 0.36, 0.35, 0.35], "cpu [s]": [0.43, 0.41, 0.41, 0.41, 0.39999999999999997]}, "command": "['just_read', 'en.lz4']"}, "lz4cat -> GNU grep": {"data": {"wall [s]": [9.12, 9.57, 11.16, 9.6, 9.62], "usr [s]": [3.74, 3.44, 4.14, 3.39, 3.66], "sys [s]": [1.15, 1.44, 2.0, 1.48, 1.31], "cpu [s]": [4.890000000000001, 4.88, 6.14, 4.87, 4.970000000000001]}, "command": "lz4cat en.lz4 | grep Sherlock"}, "lz4cat -> ripgrep": {"data": {"wall [s]": [6.32, 5.83, 5.88, 5.89, 5.92], "usr [s]": [3.8, 3.34, 3.33, 3.37, 3.34], "sys [s]": [2.0, 1.91, 1.96, 1.97, 1.97], "cpu [s]": [5.8, 5.25, 5.29, 5.34, 5.31]}, "command": "lz4cat en.lz4 | rg Sherlock"}, "lz4cat -> xs grep": {"data": {"wall [s]": [6.67, 6.54, 6.65, 6.57, 6.62], "usr [s]": [3.47, 3.54, 3.46, 3.39, 3.47], "sys [s]": [3.15, 2.97, 3.15, 3.15, 3.11], "cpu [s]": [6.62, 6.51, 6.609999999999999, 6.54, 6.58]}, "command": "lz4cat en.lz4 | xs Sherlock"}, "xspp -> xs grep": {"data": {"wall [s]": [1.54, 1.55, 1.54, 1.56, 1.54], "usr [s]": [4.56, 4.9, 4.7, 4.83, 4.79], "sys [s]": [1.62, 1.61, 1.59, 1.61, 1.62], "cpu [s]": [6.18, 6.510000000000001, 6.29, 6.44, 6.41]}, "command": "['xs', 'Sherlock', 'en.xslz4', '-m', 'en.xslz4.meta']"}, "xspp -> xs grep --max-readers 2": {"data": {"wall [s]": [1.18, 1.18, 1.17, 1.18, 1.18], "usr [s]": [4.16, 4.15, 4.17, 4.17, 4.17], "sys [s]": [0.38, 0.41, 0.32, 0.36, 0.38], "cpu [s]": [4.54, 4.5600000000000005, 4.49, 4.53, 4.55]}, "command": "['xs', 'Sherlock', 'en.xslz4', '-m', 'en.xslz4.meta', '--max-readers', '2']"}, "lz4cat -> xs grep --no-mmap": {"data": {"wall [s]": [6.63, 6.72, 6.51, 6.68, 6.77], "usr [s]": [3.53, 3.51, 3.5, 3.58, 3.41], "sys [s]": [3.08, 3.19, 2.98, 3.07, 3.33], "cpu [s]": [6.609999999999999, 6.699999999999999, 6.48, 6.65, 6.74]}, "command": "lz4cat en.lz4 | xs Sherlock --no-mmap"}, "xspp -> xs grep --no-mmap": {"data": {"wall [s]": [1.52, 1.54, 1.53, 1.56, 1.55], "usr [s]": [4.79, 5.48, 4.73, 4.83, 4.82], "sys [s]": [1.58, 1.56, 1.58, 1.62, 1.62], "cpu [s]": [6.37, 7.040000000000001, 6.3100000000000005, 6.45, 6.44]}, "command": "['xs', 'Sherlock', 'en.xslz4', '-m', 'en.xslz4.meta', '--no-mmap']"}, "xspp -> xs grep --max-readers 2 --no-mmap": {"data": {"wall [s]": [1.51, 1.53, 1.52, 1.52, 1.53], "usr [s]": [4.54, 4.61, 4.57, 4.58, 4.63], "sys [s]": [1.34, 1.33, 1.34, 1.36, 1.29], "cpu [s]": [5.88, 5.94, 5.91, 5.94, 5.92]}, "command": "['xs', 'Sherlock', 'en.xslz4', '-m', 'en.xslz4.meta', '--max-readers', '2', '--no-mmap']"}}}