{"setup": {"name": "Compressed input (ZStandard)", "hardware": {"client": "ural", "cpu": "AMD Ryzen 7 3700X 8-Core Processor"}}, "results": {"zstdcat -> just_read": {"data": {"wall [s]": [8.91, 8.81, 8.72, 8.74, 8.83], "usr [s]": [6.24, 6.46, 6.27, 6.27, 6.35], "sys [s]": [2.08, 1.8, 1.92, 1.94, 1.92], "cpu [s]": [8.32, 8.26, 8.19, 8.209999999999999, 8.27]}, "command": "zstdcat en.zst | just_read"}, "just_read": {"data": {"wall [s]": [0.17, 0.16, 0.16, 0.16, 0.16], "usr [s]": [0.03, 0.02, 0.02, 0.02, 0.03], "sys [s]": [0.13, 0.13, 0.14, 0.13, 0.13], "cpu [s]": [0.16, 0.15, 0.16, 0.15, 0.16]}, "command": "['just_read', 'en.zst']"}, "zstdcat -> GNU grep": {"data": {"wall [s]": [9.47, 9.48, 9.36, 9.45, 9.43], "usr [s]": [6.22, 6.36, 6.12, 6.36, 6.33], "sys [s]": [1.39, 1.38, 1.51, 1.28, 1.28], "cpu [s]": [7.609999999999999, 7.74, 7.63, 7.640000000000001, 7.61]}, "command": "zstdcat en.zst | grep Sherlock"}, "zstdcat -> ripgrep": {"data": {"wall [s]": [9.0, 8.96, 8.95, 8.98, 9.04], "usr [s]": [6.19, 6.3, 6.2, 6.24, 6.31], "sys [s]": [1.48, 1.37, 1.43, 1.43, 1.4], "cpu [s]": [7.67, 7.67, 7.63, 7.67, 7.709999999999999]}, "command": "zstdcat en.zst | rg Sherlock"}, "zstdcat -> xs grep": {"data": {"wall [s]": [9.08, 8.91, 9.15, 8.95, 8.86], "usr [s]": [6.35, 6.24, 6.5, 6.23, 6.22], "sys [s]": [1.66, 1.64, 1.65, 1.68, 1.58], "cpu [s]": [8.01, 7.88, 8.15, 7.91, 7.8]}, "command": "zstdcat en.zst | xs Sherlock"}, "xspp -> xs grep": {"data": {"wall [s]": [1.65, 1.64, 1.64, 1.64, 1.65], "usr [s]": [6.31, 6.33, 6.29, 6.35, 6.32], "sys [s]": [0.62, 0.53, 0.54, 0.49, 0.54], "cpu [s]": [6.93, 6.86, 6.83, 6.84, 6.86]}, "command": "['xs', 'Sherlock', 'data.xszst', '-m', 'data.xszst.meta']"}, "xspp -> xs grep --max-readers 2": {"data": {"wall [s]": [1.63, 1.63, 1.62, 1.62, 1.62], "usr [s]": [6.13, 6.12, 6.13, 6.1, 6.14], "sys [s]": [0.26, 0.26, 0.2, 0.24, 0.18], "cpu [s]": [6.39, 6.38, 6.33, 6.34, 6.319999999999999]}, "command": "['xs', 'Sherlock', 'data.xszst', '-m', 'data.xszst.meta', '--max-readers', '2']"}, "zstdcat -> xs grep --no-mmap": {"data": {"wall [s]": [9.02, 8.96, 8.95, 8.92, 8.94], "usr [s]": [6.25, 6.23, 6.19, 6.17, 6.24], "sys [s]": [1.73, 1.71, 1.7, 1.64, 1.64], "cpu [s]": [7.98, 7.94, 7.890000000000001, 7.81, 7.88]}, "command": "zstdcat en.zst | xs Sherlock --no-mmap"}, "xspp -> xs grep --no-mmap": {"data": {"wall [s]": [1.65, 1.64, 1.64, 1.63, 1.64], "usr [s]": [6.34, 6.28, 6.31, 6.21, 6.31], "sys [s]": [0.54, 0.55, 0.54, 0.58, 0.52], "cpu [s]": [6.88, 6.83, 6.85, 6.79, 6.83]}, "command": "['xs', 'Sherlock', 'data.xszst', '-m', 'data.xszst.meta', '--no-mmap']"}, "xspp -> xs grep --max-readers 2 --no-mmap": {"data": {"wall [s]": [1.71, 1.7, 1.7, 1.69, 1.67], "usr [s]": [6.2, 6.2, 6.15, 6.19, 6.16], "sys [s]": [0.49, 0.47, 0.51, 0.45, 0.4], "cpu [s]": [6.69, 6.67, 6.66, 6.640000000000001, 6.5600000000000005]}, "command": "['xs', 'Sherlock', 'data.xszst', '-m', 'data.xszst.meta', '--max-readers', '2', '--no-mmap']"}}}