{"setup": {"name": "Compressed input (LZ4 HC)", "hardware": {"client": "ural", "cpu": "AMD Ryzen 7 3700X 8-Core Processor"}}, "results": {"lz4cat -> just_read": {"data": {"wall [s]": [6.13, 6.04, 5.97, 6.05, 6.09], "usr [s]": [3.39, 3.44, 3.35, 3.29, 3.38], "sys [s]": [2.14, 2.02, 2.06, 2.16, 2.16], "cpu [s]": [5.53, 5.46, 5.41, 5.45, 5.54]}, "command": "lz4cat en.lz4 | just_read"}, "just_read": {"data": {"wall [s]": [0.24, 0.23, 0.23, 0.23, 0.23], "usr [s]": [0.02, 0.04, 0.03, 0.04, 0.04], "sys [s]": [0.22, 0.19, 0.2, 0.19, 0.18], "cpu [s]": [0.24, 0.23, 0.23, 0.23, 0.22]}, "command": "['just_read', 'en.lz4']"}, "lz4cat -> GNU grep": {"data": {"wall [s]": [10.36, 8.42, 8.98, 9.02, 8.55], "usr [s]": [4.07, 3.41, 3.31, 3.24, 3.32], "sys [s]": [1.6, 1.36, 1.47, 1.47, 1.47], "cpu [s]": [5.67, 4.7700000000000005, 4.78, 4.71, 4.79]}, "command": "lz4cat en.lz4 | grep Sherlock"}, "lz4cat -> ripgrep": {"data": {"wall [s]": [5.86, 5.81, 5.82, 5.78, 5.8], "usr [s]": [3.22, 3.23, 3.25, 3.19, 3.23], "sys [s]": [2.04, 1.99, 1.98, 2.01, 1.96], "cpu [s]": [5.26, 5.22, 5.23, 5.199999999999999, 5.1899999999999995]}, "command": "lz4cat en.lz4 | rg Sherlock"}, "lz4cat -> xs grep": {"data": {"wall [s]": [6.43, 6.71, 6.68, 6.34, 6.46], "usr [s]": [3.27, 3.3, 3.28, 3.18, 3.23], "sys [s]": [3.14, 3.38, 3.35, 3.13, 3.21], "cpu [s]": [6.41, 6.68, 6.63, 6.3100000000000005, 6.4399999999999995]}, "command": "lz4cat en.lz4 | xs Sherlock"}, "xspp -> xs grep": {"data": {"wall [s]": [1.32, 1.33, 1.33, 1.32, 1.32], "usr [s]": [5.07, 5.11, 5.09, 5.08, 5.1], "sys [s]": [1.26, 1.19, 1.22, 1.19, 1.2], "cpu [s]": [6.33, 6.300000000000001, 6.31, 6.27, 6.3]}, "command": "['xs', 'Sherlock', 'data.xslz4', '-m', 'data.xslz4.meta']"}, "xspp -> xs grep --max-readers 2": {"data": {"wall [s]": [1.12, 1.13, 1.13, 1.13, 1.14], "usr [s]": [4.1, 4.05, 4.08, 4.12, 4.12], "sys [s]": [0.24, 0.3, 0.29, 0.24, 0.29], "cpu [s]": [4.34, 4.35, 4.37, 4.36, 4.41]}, "command": "['xs', 'Sherlock', 'data.xslz4', '-m', 'data.xslz4.meta', '--max-readers', '2']"}, "lz4cat -> xs grep --no-mmap": {"data": {"wall [s]": [6.48, 6.62, 6.69, 6.48, 6.55], "usr [s]": [3.25, 3.42, 3.29, 3.28, 3.29], "sys [s]": [3.19, 3.17, 3.36, 3.15, 3.24], "cpu [s]": [6.4399999999999995, 6.59, 6.65, 6.43, 6.53]}, "command": "lz4cat en.lz4 | xs Sherlock --no-mmap"}, "xspp -> xs grep --no-mmap": {"data": {"wall [s]": [1.33, 1.3, 1.33, 1.33, 1.33], "usr [s]": [5.13, 4.96, 5.09, 5.11, 5.13], "sys [s]": [1.19, 1.01, 1.21, 1.19, 1.18], "cpu [s]": [6.32, 5.97, 6.3, 6.300000000000001, 6.31]}, "command": "['xs', 'Sherlock', 'data.xslz4', '-m', 'data.xslz4.meta', '--no-mmap']"}, "xspp -> xs grep --max-readers 2 --no-mmap": {"data": {"wall [s]": [1.3, 1.3, 1.3, 1.3, 1.3], "usr [s]": [4.22, 4.27, 4.37, 4.36, 4.29], "sys [s]": [0.83, 0.77, 0.67, 0.68, 0.72], "cpu [s]": [5.05, 5.039999999999999, 5.04, 5.04, 5.01]}, "command": "['xs', 'Sherlock', 'data.xslz4', '-m', 'data.xslz4.meta', '--max-readers', '2', '--no-mmap']"}}}