{"setup": {"name": "Compressed input (LZ4)", "hardware": {"client": "ural", "cpu": "AMD Ryzen 7 3700X 8-Core Processor"}}, "results": {"lz4cat -> just_read": {"data": {"wall [s]": [6.53, 6.41, 6.39, 6.29, 6.33], "usr [s]": [3.61, 3.47, 3.5, 3.5, 3.56], "sys [s]": [2.31, 2.34, 2.29, 2.21, 2.19], "cpu [s]": [5.92, 5.8100000000000005, 5.79, 5.71, 5.75]}, "command": "lz4cat en.lz4 | just_read"}, "just_read": {"data": {"wall [s]": [0.43, 0.42, 0.42, 0.42, 0.42], "usr [s]": [0.09, 0.04, 0.08, 0.06, 0.04], "sys [s]": [0.34, 0.37, 0.33, 0.35, 0.37], "cpu [s]": [0.43000000000000005, 0.41, 0.41000000000000003, 0.41, 0.41]}, "command": "['just_read', 'en.lz4']"}, "lz4cat -> GNU grep": {"data": {"wall [s]": [9.59, 8.25, 9.47, 9.59, 9.58], "usr [s]": [3.25, 3.37, 3.22, 3.58, 3.2], "sys [s]": [1.79, 1.64, 1.92, 1.4, 1.76], "cpu [s]": [5.04, 5.01, 5.140000000000001, 4.98, 4.96]}, "command": "lz4cat en.lz4 | grep Sherlock"}, "lz4cat -> ripgrep": {"data": {"wall [s]": [6.18, 6.34, 6.06, 6.16, 6.02], "usr [s]": [3.4, 3.57, 3.28, 3.42, 3.4], "sys [s]": [2.25, 2.15, 2.26, 2.18, 2.11], "cpu [s]": [5.65, 5.72, 5.539999999999999, 5.6, 5.51]}, "command": "lz4cat en.lz4 | rg Sherlock"}, "lz4cat -> xs grep": {"data": {"wall [s]": [6.93, 6.83, 6.87, 6.9, 6.88], "usr [s]": [3.6, 3.58, 3.51, 3.46, 3.62], "sys [s]": [3.31, 3.21, 3.34, 3.41, 3.24], "cpu [s]": [6.91, 6.79, 6.85, 6.87, 6.86]}, "command": "lz4cat en.lz4 | xs Sherlock"}, "xspp -> xs grep": {"data": {"wall [s]": [1.54, 1.54, 1.52, 1.54, 1.54], "usr [s]": [5.12, 4.74, 4.72, 4.8, 5.44], "sys [s]": [1.6, 1.59, 1.58, 1.59, 1.57], "cpu [s]": [6.720000000000001, 6.33, 6.3, 6.39, 7.010000000000001]}, "command": "['xs', 'Sherlock', 'data.xslz4', '-m', 'data.xslz4.meta']"}, "xspp -> xs grep --max-readers 2": {"data": {"wall [s]": [1.18, 1.16, 1.18, 1.18, 1.18], "usr [s]": [4.16, 4.13, 4.17, 4.17, 4.23], "sys [s]": [0.37, 0.37, 0.38, 0.37, 0.3], "cpu [s]": [4.53, 4.5, 4.55, 4.54, 4.53]}, "command": "['xs', 'Sherlock', 'data.xslz4', '-m', 'data.xslz4.meta', '--max-readers', '2']"}, "lz4cat -> xs grep --no-mmap": {"data": {"wall [s]": [6.98, 6.96, 6.83, 6.85, 6.91], "usr [s]": [3.6, 3.55, 3.6, 3.45, 3.6], "sys [s]": [3.36, 3.39, 3.2, 3.37, 3.29], "cpu [s]": [6.96, 6.9399999999999995, 6.800000000000001, 6.82, 6.890000000000001]}, "command": "lz4cat en.lz4 | xs Sherlock --no-mmap"}, "xspp -> xs grep --no-mmap": {"data": {"wall [s]": [1.56, 1.56, 1.53, 1.53, 1.55], "usr [s]": [4.74, 4.83, 4.83, 4.67, 4.81], "sys [s]": [1.63, 1.62, 1.58, 1.59, 1.59], "cpu [s]": [6.37, 6.45, 6.41, 6.26, 6.3999999999999995]}, "command": "['xs', 'Sherlock', 'data.xslz4', '-m', 'data.xslz4.meta', '--no-mmap']"}, "xspp -> xs grep --max-readers 2 --no-mmap": {"data": {"wall [s]": [1.52, 1.52, 1.51, 1.52, 1.53], "usr [s]": [4.5, 4.54, 4.53, 4.56, 4.53], "sys [s]": [1.41, 1.35, 1.33, 1.35, 1.4], "cpu [s]": [5.91, 5.890000000000001, 5.86, 5.91, 5.93]}, "command": "['xs', 'Sherlock', 'data.xslz4', '-m', 'data.xslz4.meta', '--max-readers', '2', '--no-mmap']"}}}