{"setup": {"name": "Preprocessed (compressed) input", "hardware": {"client": "ural", "cpu": "AMD Ryzen 7 3700X 8-Core Processor"}}, "results": {"xspp zstd -> xs grep": {"data": {"wall [s]": [1.7, 1.65, 1.65, 1.64, 1.64], "usr [s]": [6.57, 6.34, 6.32, 6.34, 6.29], "sys [s]": [0.61, 0.51, 0.53, 0.49, 0.52], "cpu [s]": [7.180000000000001, 6.85, 6.8500000000000005, 6.83, 6.8100000000000005]}, "command": "['xs', 'Sherlock', 'en.xszst', '-m', 'en.xszst.meta']"}, "xspp lz4 -> xs grep": {"data": {"wall [s]": [1.56, 1.56, 1.55, 1.56, 1.57], "usr [s]": [5.28, 4.8, 4.89, 4.83, 4.96], "sys [s]": [1.59, 1.62, 1.62, 1.61, 1.62], "cpu [s]": [6.87, 6.42, 6.51, 6.44, 6.58]}, "command": "['xs', 'Sherlock', 'en.xslz4', '-m', 'en.xslz4.meta']"}, "xspp lz4 hc -> xs grep": {"data": {"wall [s]": [1.31, 1.32, 1.33, 1.33, 1.33], "usr [s]": [4.95, 5.09, 5.06, 5.08, 5.08], "sys [s]": [1.09, 1.18, 1.23, 1.22, 1.22], "cpu [s]": [6.04, 6.27, 6.289999999999999, 6.3, 6.3]}, "command": "['xs', 'Sherlock', 'en.hc.xslz4', '-m', 'en.hc.xslz4.meta']"}, "xspp zstd -> xs grep*": {"data": {"wall [s]": [1.64, 1.62, 1.62, 1.64, 1.61], "usr [s]": [6.18, 6.11, 6.09, 6.12, 6.07], "sys [s]": [0.21, 0.24, 0.26, 0.25, 0.25], "cpu [s]": [6.39, 6.3500000000000005, 6.35, 6.37, 6.32]}, "command": "['xs', 'Sherlock', 'en.xszst', '-m', 'en.xszst.meta', '--max-readers', '4']"}, "xspp lz4 -> xs grep*": {"data": {"wall [s]": [1.19, 1.19, 1.18, 1.18, 1.19], "usr [s]": [4.12, 4.25, 4.14, 4.27, 4.18], "sys [s]": [0.44, 0.31, 0.39, 0.29, 0.38], "cpu [s]": [4.5600000000000005, 4.56, 4.529999999999999, 4.56, 4.56]}, "command": "['xs', 'Sherlock', 'en.xslz4', '-m', 'en.xslz4.meta', '--max-readers', '4']"}, "xspp lz4 hc -> xs grep*": {"data": {"wall [s]": [1.14, 1.14, 1.13, 1.14, 1.14], "usr [s]": [4.06, 4.12, 4.06, 4.05, 4.06], "sys [s]": [0.32, 0.26, 0.3, 0.29, 0.31], "cpu [s]": [4.38, 4.38, 4.359999999999999, 4.34, 4.369999999999999]}, "command": "['xs', 'Sherlock', 'en.hc.xslz4', '-m', 'en.hc.xslz4.meta', '--max-readers', '4']"}}}