{"setup": {"name": "Preprocessed (compressed) input", "hardware": {"client": "ural", "cpu": "AMD Ryzen 7 3700X 8-Core Processor"}}, "results": {"xspp zstd -> xs grep": {"data": {"wall [s]": [1.69, 1.64, 1.64, 1.65, 1.64], "usr [s]": [6.53, 6.3, 6.3, 6.3, 6.29], "sys [s]": [0.63, 0.53, 0.54, 0.58, 0.55], "cpu [s]": [7.16, 6.83, 6.84, 6.88, 6.84]}, "command": "['xs', 'Sherlock', 'data.xszst', '-m', 'data.xszst.meta']"}, "xspp lz4 -> xs grep": {"data": {"wall [s]": [1.68, 1.56, 1.55, 1.56, 1.56], "usr [s]": [5.23, 4.79, 4.83, 5.63, 4.82], "sys [s]": [1.72, 1.62, 1.62, 1.58, 1.61], "cpu [s]": [6.95, 6.41, 6.45, 7.21, 6.430000000000001]}, "command": "['xs', 'Sherlock', 'data.xslz4', '-m', 'data.xslz4.meta']"}, "xspp lz4 hc -> xs grep": {"data": {"wall [s]": [1.33, 1.32, 1.33, 1.32, 1.32], "usr [s]": [5.1, 5.03, 5.07, 5.05, 5.03], "sys [s]": [1.22, 1.22, 1.22, 1.23, 1.23], "cpu [s]": [6.319999999999999, 6.25, 6.29, 6.279999999999999, 6.26]}, "command": "['xs', 'Sherlock', 'en.hc.xslz4', '-m', 'en.hc.xslz4.meta']"}, "xspp zstd -> xs grep*": {"data": {"wall [s]": [1.62, 1.63, 1.62, 1.61, 1.6], "usr [s]": [6.13, 6.16, 6.08, 6.06, 6.04], "sys [s]": [0.2, 0.22, 0.24, 0.24, 0.22], "cpu [s]": [6.33, 6.38, 6.32, 6.3, 6.26]}, "command": "['xs', 'Sherlock', 'data.xszst', '-m', 'data.xszst.meta', '--max-readers', '4']"}, "xspp lz4 -> xs grep*": {"data": {"wall [s]": [1.18, 1.18, 1.18, 1.19, 1.18], "usr [s]": [4.21, 4.22, 4.18, 4.2, 4.19], "sys [s]": [0.35, 0.35, 0.37, 0.35, 0.36], "cpu [s]": [4.56, 4.569999999999999, 4.55, 4.55, 4.550000000000001]}, "command": "['xs', 'Sherlock', 'data.xslz4', '-m', 'data.xslz4.meta', '--max-readers', '4']"}, "xspp lz4 hc -> xs grep*": {"data": {"wall [s]": [1.13, 1.14, 1.13, 1.14, 1.13], "usr [s]": [4.04, 4.03, 4.06, 4.08, 4.04], "sys [s]": [0.3, 0.33, 0.3, 0.28, 0.3], "cpu [s]": [4.34, 4.36, 4.359999999999999, 4.36, 4.34]}, "command": "['xs', 'Sherlock', 'en.hc.xslz4', '-m', 'en.hc.xslz4.meta', '--max-readers', '4']"}}}