{"setup": {"name": "search lines (regex ' [sS][A-Za-z]*k ', ignore case)", "hardware": {"client": "ural", "cpu": "AMD Ryzen 7 3700X 8-Core Processor"}}, "results": {"GNU grep": {"data": {"wall [s]": [35.02, 35.33, 35.37, 35.07, 34.88], "usr [s]": [34.24, 34.65, 34.62, 34.43, 34.21], "sys [s]": [0.78, 0.67, 0.74, 0.64, 0.66], "cpu [s]": [35.02, 35.32, 35.36, 35.07, 34.87]}, "command": "['grep', ' [sS][A-Za-z]*k ', 'en.txt', '-i']"}, "ripgrep": {"data": {"wall [s]": [21.12, 21.27, 21.21, 21.1, 21.2], "usr [s]": [20.83, 20.9, 20.85, 20.78, 20.87], "sys [s]": [0.28, 0.37, 0.36, 0.31, 0.33], "cpu [s]": [21.11, 21.27, 21.21, 21.09, 21.2]}, "command": "['rg', ' [sS][A-Za-z]*k ', 'en.txt', '-i']"}, "xs grep -j 1": {"data": {"wall [s]": [26.8, 26.89, 27.02, 26.82, 26.82], "usr [s]": [26.5, 26.46, 26.73, 26.49, 26.46], "sys [s]": [0.31, 0.44, 0.3, 0.34, 0.37], "cpu [s]": [26.81, 26.900000000000002, 27.03, 26.83, 26.830000000000002]}, "command": "['xs', ' [sS][A-Za-z]*k ', 'en.txt', '-j', '1', '-i']"}, "xs grep": {"data": {"wall [s]": [7.09, 7.07, 7.08, 7.06, 7.09], "usr [s]": [27.89, 27.84, 27.9, 27.81, 27.96], "sys [s]": [0.4, 0.43, 0.38, 0.39, 0.36], "cpu [s]": [28.29, 28.27, 28.279999999999998, 28.2, 28.32]}, "command": "['xs', ' [sS][A-Za-z]*k ', 'en.txt', '-i']"}, "xs grep -j": {"data": {"wall [s]": [3.62, 3.63, 3.63, 3.64, 3.63], "usr [s]": [28.52, 28.36, 28.43, 28.64, 28.5], "sys [s]": [0.34, 0.36, 0.38, 0.27, 0.39], "cpu [s]": [28.86, 28.72, 28.81, 28.91, 28.89]}, "command": "['xs', ' [sS][A-Za-z]*k ', 'en.txt', '-i', '-j']"}, "xs grep -j 1 --no-mmap": {"data": {"wall [s]": [26.91, 26.61, 26.69, 26.8, 26.68], "usr [s]": [26.79, 26.44, 26.47, 26.63, 26.53], "sys [s]": [2.06, 2.09, 2.09, 2.05, 2.07], "cpu [s]": [28.849999999999998, 28.53, 28.56, 28.68, 28.6]}, "command": "['xs', ' [sS][A-Za-z]*k ', 'en.txt', '-j', '1', '-i', '--no-mmap']"}, "xs grep --no-mmap": {"data": {"wall [s]": [7.13, 7.1, 7.09, 7.1, 7.08], "usr [s]": [28.07, 28.16, 28.01, 28.03, 28.04], "sys [s]": [1.86, 1.77, 1.82, 1.84, 1.81], "cpu [s]": [29.93, 29.93, 29.830000000000002, 29.87, 29.849999999999998]}, "command": "['xs', ' [sS][A-Za-z]*k ', 'en.txt', '-i', '--no-mmap']"}, "xs grep -j --no-mmap": {"data": {"wall [s]": [3.83, 3.84, 3.84, 3.83, 3.81], "usr [s]": [29.97, 29.98, 30.09, 29.91, 29.92], "sys [s]": [1.79, 1.83, 1.83, 1.82, 1.78], "cpu [s]": [31.759999999999998, 31.810000000000002, 31.92, 31.73, 31.700000000000003]}, "command": "['xs', ' [sS][A-Za-z]*k ', 'en.txt', '-i', '-j', '--no-mmap']"}}}