{"setup": {"name": "search lines (literal 'Sherlock')", "hardware": {"client": "ural", "cpu": "AMD Ryzen 7 3700X 8-Core Processor"}}, "results": {"GNU grep": {"data": {"wall [s]": [3.21, 3.21, 3.2, 3.21, 3.2], "usr [s]": [2.49, 2.44, 2.46, 2.5, 2.48], "sys [s]": [0.72, 0.77, 0.74, 0.71, 0.71], "cpu [s]": [3.21, 3.21, 3.2, 3.21, 3.19]}, "command": "['grep', 'Sherlock', 'data.txt']"}, "ripgrep": {"data": {"wall [s]": [0.84, 0.83, 0.84, 0.83, 0.84], "usr [s]": [0.51, 0.52, 0.53, 0.51, 0.51], "sys [s]": [0.33, 0.31, 0.3, 0.31, 0.32], "cpu [s]": [0.8400000000000001, 0.8300000000000001, 0.8300000000000001, 0.8200000000000001, 0.8300000000000001]}, "command": "['rg', 'Sherlock', 'data.txt']"}, "xs grep -j 1": {"data": {"wall [s]": [0.93, 1.02, 0.97, 0.93, 0.93], "usr [s]": [0.61, 0.71, 0.63, 0.61, 0.58], "sys [s]": [0.32, 0.32, 0.36, 0.33, 0.35], "cpu [s]": [0.9299999999999999, 1.03, 0.99, 0.94, 0.9299999999999999]}, "command": "['xs', 'Sherlock', 'data.txt', '-j', '1']"}, "xs grep": {"data": {"wall [s]": [0.42, 0.42, 0.42, 0.43, 0.43], "usr [s]": [1.0, 1.05, 1.06, 0.94, 0.99], "sys [s]": [0.46, 0.41, 0.39, 0.51, 0.48], "cpu [s]": [1.46, 1.46, 1.4500000000000002, 1.45, 1.47]}, "command": "['xs', 'Sherlock', 'data.txt']"}, "xs grep -j": {"data": {"wall [s]": [0.46, 0.45, 0.46, 0.43, 0.45], "usr [s]": [2.2, 2.17, 2.14, 2.14, 2.19], "sys [s]": [0.62, 0.63, 0.68, 0.66, 0.61], "cpu [s]": [2.8200000000000003, 2.8, 2.8200000000000003, 2.8000000000000003, 2.8]}, "command": "['xs', 'Sherlock', 'data.txt', '-j']"}, "xs grep -j 1 --no-mmap": {"data": {"wall [s]": [1.64, 1.65, 1.65, 1.65, 1.63], "usr [s]": [1.01, 1.04, 1.11, 1.08, 1.04], "sys [s]": [1.65, 1.68, 1.63, 1.65, 1.62], "cpu [s]": [2.66, 2.7199999999999998, 2.74, 2.73, 2.66]}, "command": "['xs', 'Sherlock', 'data.txt', '-j', '1', '--no-mmap']"}, "xs grep --no-mmap": {"data": {"wall [s]": [1.77, 1.65, 1.76, 1.65, 1.72], "usr [s]": [1.17, 1.08, 1.19, 1.11, 1.09], "sys [s]": [1.83, 1.65, 1.77, 1.63, 1.78], "cpu [s]": [3.0, 2.73, 2.96, 2.74, 2.87]}, "command": "['xs', 'Sherlock', 'data.txt', '--no-mmap']"}, "xs grep -j --no-mmap": {"data": {"wall [s]": [1.64, 1.57, 1.63, 1.59, 1.62], "usr [s]": [1.05, 1.05, 1.04, 1.08, 1.01], "sys [s]": [1.64, 1.59, 1.67, 1.59, 1.67], "cpu [s]": [2.69, 2.64, 2.71, 2.67, 2.6799999999999997]}, "command": "['xs', 'Sherlock', 'data.txt', '-j', '--no-mmap']"}, "GNU grep*": {"data": {"wall [s]": [3.21, 3.2, 3.21, 3.21, 3.21], "usr [s]": [2.52, 2.5, 2.51, 2.43, 2.41], "sys [s]": [0.68, 0.69, 0.69, 0.77, 0.8], "cpu [s]": [3.2, 3.19, 3.1999999999999997, 3.2, 3.21]}, "command": "['grep', 'sherlock', 'data.txt']"}, "ripgrep*": {"data": {"wall [s]": [0.86, 0.86, 0.85, 0.86, 0.86], "usr [s]": [0.55, 0.49, 0.55, 0.49, 0.54], "sys [s]": [0.31, 0.36, 0.3, 0.36, 0.32], "cpu [s]": [0.8600000000000001, 0.85, 0.8500000000000001, 0.85, 0.8600000000000001]}, "command": "['rg', 'sherlock', 'data.txt']"}, "xs grep -j 1*": {"data": {"wall [s]": [0.95, 0.94, 0.98, 0.97, 0.94], "usr [s]": [0.6, 0.63, 0.66, 0.62, 0.6], "sys [s]": [0.36, 0.32, 0.33, 0.36, 0.35], "cpu [s]": [0.96, 0.95, 0.99, 0.98, 0.95]}, "command": "['xs', 'sherlock', 'data.txt', '-j', '1']"}, "xs grep*": {"data": {"wall [s]": [0.42, 0.43, 0.41, 0.42, 0.42], "usr [s]": [0.97, 0.98, 1.07, 1.08, 1.08], "sys [s]": [0.49, 0.47, 0.38, 0.37, 0.36], "cpu [s]": [1.46, 1.45, 1.4500000000000002, 1.4500000000000002, 1.44]}, "command": "['xs', 'sherlock', 'data.txt']"}, "xs grep -j*": {"data": {"wall [s]": [0.43, 0.44, 0.43, 0.44, 0.44], "usr [s]": [2.25, 2.22, 2.16, 2.22, 2.17], "sys [s]": [0.54, 0.58, 0.64, 0.58, 0.62], "cpu [s]": [2.79, 2.8000000000000003, 2.8000000000000003, 2.8000000000000003, 2.79]}, "command": "['xs', 'sherlock', 'data.txt', '-j']"}, "xs grep -j 1 --no-mmap*": {"data": {"wall [s]": [1.63, 1.62, 1.63, 1.64, 1.62], "usr [s]": [1.06, 0.96, 1.07, 1.02, 1.03], "sys [s]": [1.64, 1.64, 1.64, 1.64, 1.62], "cpu [s]": [2.7, 2.5999999999999996, 2.71, 2.66, 2.6500000000000004]}, "command": "['xs', 'sherlock', 'data.txt', '-j', '1', '--no-mmap']"}, "xs grep --no-mmap*": {"data": {"wall [s]": [1.74, 1.72, 1.71, 1.79, 1.73], "usr [s]": [1.21, 1.14, 1.34, 1.18, 1.29], "sys [s]": [1.78, 1.75, 1.74, 1.84, 1.75], "cpu [s]": [2.99, 2.8899999999999997, 3.08, 3.02, 3.04]}, "command": "['xs', 'sherlock', 'data.txt', '--no-mmap']"}, "xs grep -j --no-mmap*": {"data": {"wall [s]": [1.64, 1.61, 1.6, 1.62, 1.66], "usr [s]": [1.13, 1.1, 1.09, 1.07, 1.09], "sys [s]": [1.65, 1.64, 1.59, 1.64, 1.66], "cpu [s]": [2.78, 2.74, 2.68, 2.71, 2.75]}, "command": "['xs', 'sherlock', 'data.txt', '-j', '--no-mmap']"}}}