{"setup": {"name": "search lines (literal 'Sherlock' line numbers)", "hardware": {"client": "ural", "cpu": "AMD Ryzen 7 3700X 8-Core Processor"}}, "results": {"GNU grep": {"data": {"wall [s]": [5.82, 5.85, 5.85, 5.79, 5.85], "usr [s]": [5.14, 5.15, 5.14, 5.14, 5.14], "sys [s]": [0.68, 0.7, 0.71, 0.64, 0.7], "cpu [s]": [5.819999999999999, 5.8500000000000005, 5.85, 5.779999999999999, 5.84]}, "command": "['grep', 'Sherlock', 'en.txt', '-n']"}, "ripgrep": {"data": {"wall [s]": [1.11, 1.1, 1.1, 1.09, 1.11], "usr [s]": [0.79, 0.77, 0.8, 0.72, 0.81], "sys [s]": [0.32, 0.31, 0.29, 0.36, 0.29], "cpu [s]": [1.11, 1.08, 1.09, 1.08, 1.1]}, "command": "['rg', 'Sherlock', 'en.txt', '-n']"}, "xs grep -j 1": {"data": {"wall [s]": [3.91, 3.91, 3.87, 3.88, 3.86], "usr [s]": [3.55, 3.62, 3.55, 3.61, 3.58], "sys [s]": [0.37, 0.31, 0.33, 0.29, 0.29], "cpu [s]": [3.92, 3.93, 3.88, 3.9, 3.87]}, "command": "['xs', 'Sherlock', 'en.txt', '-n', '-j', '1']"}, "xs grep": {"data": {"wall [s]": [1.26, 1.3, 1.28, 1.3, 1.29], "usr [s]": [4.3, 4.34, 4.27, 4.4, 4.37], "sys [s]": [0.36, 0.41, 0.45, 0.36, 0.37], "cpu [s]": [4.66, 4.75, 4.72, 4.760000000000001, 4.74]}, "command": "['xs', 'Sherlock', 'en.txt', '-n']"}, "xs grep -j": {"data": {"wall [s]": [0.89, 0.9, 0.89, 0.9, 0.89], "usr [s]": [5.65, 5.78, 5.71, 5.69, 5.67], "sys [s]": [0.47, 0.39, 0.43, 0.49, 0.44], "cpu [s]": [6.12, 6.17, 6.14, 6.180000000000001, 6.11]}, "command": "['xs', 'Sherlock', 'en.txt', '-n', '-j']"}, "xs grep -j 1 --no-mmap": {"data": {"wall [s]": [3.7, 3.71, 3.73, 3.78, 3.73], "usr [s]": [3.63, 3.65, 3.67, 3.74, 3.68], "sys [s]": [2.04, 1.99, 1.95, 1.9, 1.94], "cpu [s]": [5.67, 5.64, 5.62, 5.640000000000001, 5.62]}, "command": "['xs', 'Sherlock', 'en.txt', '-n', '-j', '1', '--no-mmap']"}, "xs grep --no-mmap": {"data": {"wall [s]": [1.79, 1.82, 1.81, 1.82, 1.79], "usr [s]": [4.43, 4.35, 4.36, 4.37, 4.35], "sys [s]": [1.84, 1.81, 1.8, 1.81, 1.8], "cpu [s]": [6.27, 6.16, 6.16, 6.18, 6.1499999999999995]}, "command": "['xs', 'Sherlock', 'en.txt', '-n', '--no-mmap']"}, "xs grep -j --no-mmap": {"data": {"wall [s]": [1.96, 1.97, 1.97, 1.96, 1.95], "usr [s]": [7.23, 7.28, 7.17, 7.25, 6.79], "sys [s]": [2.05, 2.04, 2.04, 2.04, 2.06], "cpu [s]": [9.280000000000001, 9.32, 9.21, 9.29, 8.85]}, "command": "['xs', 'Sherlock', 'en.txt', '-n', '-j', '--no-mmap']"}, "GNU grep*": {"data": {"wall [s]": [5.79, 5.85, 5.8, 5.83, 5.84], "usr [s]": [5.08, 5.15, 5.19, 5.16, 5.12], "sys [s]": [0.71, 0.7, 0.61, 0.67, 0.72], "cpu [s]": [5.79, 5.8500000000000005, 5.800000000000001, 5.83, 5.84]}, "command": "['grep', 'sherlock', 'en.txt', '-n']"}, "ripgrep*": {"data": {"wall [s]": [1.29, 1.28, 1.26, 1.25, 1.25], "usr [s]": [1.02, 0.97, 0.98, 0.88, 0.88], "sys [s]": [0.27, 0.31, 0.27, 0.36, 0.36], "cpu [s]": [1.29, 1.28, 1.25, 1.24, 1.24]}, "command": "['rg', 'sherlock', 'en.txt', '-n']"}, "xs grep -j 1*": {"data": {"wall [s]": [3.88, 3.93, 3.93, 3.94, 3.89], "usr [s]": [3.56, 3.57, 3.62, 3.6, 3.55], "sys [s]": [0.34, 0.38, 0.31, 0.36, 0.35], "cpu [s]": [3.9, 3.9499999999999997, 3.93, 3.96, 3.9]}, "command": "['xs', 'sherlock', 'en.txt', '-n', '-j', '1']"}, "xs grep*": {"data": {"wall [s]": [1.2, 1.28, 1.26, 1.29, 1.25], "usr [s]": [4.13, 4.26, 4.24, 4.29, 4.19], "sys [s]": [0.39, 0.45, 0.38, 0.45, 0.41], "cpu [s]": [4.52, 4.71, 4.62, 4.74, 4.6000000000000005]}, "command": "['xs', 'sherlock', 'en.txt', '-n']"}, "xs grep -j*": {"data": {"wall [s]": [0.87, 0.9, 0.91, 0.91, 0.89], "usr [s]": [5.55, 5.79, 5.63, 5.7, 5.75], "sys [s]": [0.5, 0.36, 0.52, 0.44, 0.37], "cpu [s]": [6.05, 6.15, 6.15, 6.140000000000001, 6.12]}, "command": "['xs', 'sherlock', 'en.txt', '-n', '-j']"}, "xs grep -j 1 --no-mmap*": {"data": {"wall [s]": [3.74, 3.81, 3.79, 3.73, 3.79], "usr [s]": [3.69, 3.78, 3.73, 3.68, 3.73], "sys [s]": [1.98, 1.98, 2.0, 2.02, 2.02], "cpu [s]": [5.67, 5.76, 5.73, 5.7, 5.75]}, "command": "['xs', 'sherlock', 'en.txt', '-n', '-j', '1', '--no-mmap']"}, "xs grep --no-mmap*": {"data": {"wall [s]": [1.82, 1.79, 1.77, 1.81, 1.81], "usr [s]": [4.31, 4.47, 4.3, 4.25, 4.36], "sys [s]": [1.85, 1.79, 1.77, 1.82, 1.83], "cpu [s]": [6.16, 6.26, 6.07, 6.07, 6.19]}, "command": "['xs', 'sherlock', 'en.txt', '-n', '--no-mmap']"}, "xs grep -j --no-mmap*": {"data": {"wall [s]": [1.93, 1.98, 1.96, 1.99, 1.96], "usr [s]": [6.66, 7.2, 6.99, 6.88, 6.99], "sys [s]": [1.96, 2.05, 2.05, 2.04, 2.04], "cpu [s]": [8.620000000000001, 9.25, 9.04, 8.92, 9.030000000000001]}, "command": "['xs', 'sherlock', 'en.txt', '-n', '-j', '--no-mmap']"}}}