{"setup": {"name": "search lines (literal 'Sherlock' ignore case, line numbers)", "hardware": {"client": "ural", "cpu": "AMD Ryzen 7 3700X 8-Core Processor"}}, "results": {"GNU grep": {"data": {"wall [s]": [15.55, 15.6, 15.56, 15.56, 15.61], "usr [s]": [14.9, 14.92, 14.83, 14.86, 14.84], "sys [s]": [0.65, 0.68, 0.73, 0.7, 0.77], "cpu [s]": [15.55, 15.6, 15.56, 15.559999999999999, 15.61]}, "command": "['grep', 'Sherlock', 'data.txt', '-n', '-i']"}, "ripgrep": {"data": {"wall [s]": [1.76, 1.75, 1.73, 1.77, 1.77], "usr [s]": [1.39, 1.45, 1.42, 1.47, 1.43], "sys [s]": [0.35, 0.3, 0.31, 0.3, 0.33], "cpu [s]": [1.7399999999999998, 1.75, 1.73, 1.77, 1.76]}, "command": "['rg', 'Sherlock', 'data.txt', '-n', '-i']"}, "xs grep -j 1": {"data": {"wall [s]": [5.21, 5.21, 5.21, 5.2, 5.17], "usr [s]": [4.82, 4.76, 4.85, 4.87, 4.84], "sys [s]": [0.4, 0.46, 0.36, 0.34, 0.34], "cpu [s]": [5.220000000000001, 5.22, 5.21, 5.21, 5.18]}, "command": "['xs', 'Sherlock', 'data.txt', '-i', '-n', '-j', '1']"}, "xs grep": {"data": {"wall [s]": [2.45, 2.55, 2.43, 2.54, 2.54], "usr [s]": [8.98, 9.27, 8.98, 9.26, 9.29], "sys [s]": [0.47, 0.51, 0.4, 0.46, 0.45], "cpu [s]": [9.450000000000001, 9.78, 9.38, 9.72, 9.739999999999998]}, "command": "['xs', 'Sherlock', 'data.txt', '-n', '-i']"}, "xs grep -j": {"data": {"wall [s]": [2.2, 2.16, 2.15, 2.14, 2.19], "usr [s]": [15.95, 15.65, 15.55, 15.48, 15.86], "sys [s]": [0.64, 0.77, 0.77, 0.79, 0.65], "cpu [s]": [16.59, 16.42, 16.32, 16.27, 16.509999999999998]}, "command": "['xs', 'Sherlock', 'data.txt', '-i', '-n', '-j']"}, "xs grep -j 1 --no-mmap": {"data": {"wall [s]": [5.03, 5.02, 5.06, 4.99, 5.01], "usr [s]": [4.97, 5.02, 4.99, 4.96, 4.95], "sys [s]": [1.86, 1.8, 1.76, 1.81, 1.87], "cpu [s]": [6.83, 6.819999999999999, 6.75, 6.77, 6.82]}, "command": "['xs', 'Sherlock', 'data.txt', '-i', '-n', '-j', '1', '--no-mmap']"}, "xs grep --no-mmap": {"data": {"wall [s]": [2.92, 2.89, 2.89, 2.9, 2.88], "usr [s]": [8.59, 8.27, 8.1, 7.84, 8.2], "sys [s]": [2.96, 2.93, 2.94, 3.02, 2.92], "cpu [s]": [11.55, 11.2, 11.04, 10.86, 11.12]}, "command": "['xs', 'Sherlock', 'data.txt', '-i', '-n', '--no-mmap']"}, "xs grep -j --no-mmap": {"data": {"wall [s]": [3.01, 3.0, 3.0, 3.0, 3.01], "usr [s]": [11.54, 10.96, 10.98, 11.53, 11.52], "sys [s]": [3.14, 3.08, 3.18, 3.12, 3.12], "cpu [s]": [14.68, 14.040000000000001, 14.16, 14.649999999999999, 14.64]}, "command": "['xs', 'Sherlock', 'data.txt', '-i', '-n', '-j', '--no-mmap']"}, "GNU grep*": {"data": {"wall [s]": [15.83, 15.97, 15.75, 16.15, 16.12], "usr [s]": [15.11, 15.28, 15.04, 15.47, 15.33], "sys [s]": [0.72, 0.68, 0.7, 0.68, 0.78], "cpu [s]": [15.83, 15.959999999999999, 15.739999999999998, 16.150000000000002, 16.11]}, "command": "['grep', 'sherlock', 'data.txt', '-n', '-i']"}, "ripgrep*": {"data": {"wall [s]": [1.75, 1.77, 1.74, 1.75, 1.75], "usr [s]": [1.44, 1.44, 1.36, 1.45, 1.44], "sys [s]": [0.3, 0.32, 0.37, 0.29, 0.3], "cpu [s]": [1.74, 1.76, 1.73, 1.74, 1.74]}, "command": "['rg', 'sherlock', 'data.txt', '-n', '-i']"}, "xs grep -j 1*": {"data": {"wall [s]": [5.21, 5.21, 5.19, 5.28, 5.2], "usr [s]": [4.88, 4.9, 4.81, 4.88, 4.83], "sys [s]": [0.34, 0.32, 0.39, 0.41, 0.38], "cpu [s]": [5.22, 5.220000000000001, 5.199999999999999, 5.29, 5.21]}, "command": "['xs', 'sherlock', 'data.txt', '-i', '-n', '-j', '1']"}, "xs grep*": {"data": {"wall [s]": [2.43, 2.56, 2.44, 2.54, 2.54], "usr [s]": [8.9, 9.36, 9.01, 9.33, 9.37], "sys [s]": [0.48, 0.45, 0.41, 0.42, 0.37], "cpu [s]": [9.38, 9.809999999999999, 9.42, 9.75, 9.739999999999998]}, "command": "['xs', 'sherlock', 'data.txt', '-n', '-i']"}, "xs grep -j*": {"data": {"wall [s]": [2.18, 2.12, 2.16, 2.21, 2.18], "usr [s]": [15.79, 15.4, 15.68, 16.03, 15.82], "sys [s]": [0.69, 0.82, 0.76, 0.64, 0.72], "cpu [s]": [16.48, 16.22, 16.44, 16.67, 16.54]}, "command": "['xs', 'sherlock', 'data.txt', '-i', '-n', '-j']"}, "xs grep -j 1 --no-mmap*": {"data": {"wall [s]": [5.08, 5.03, 5.08, 5.0, 5.01], "usr [s]": [4.97, 4.92, 4.99, 4.95, 4.92], "sys [s]": [1.91, 1.9, 1.9, 1.85, 1.89], "cpu [s]": [6.88, 6.82, 6.890000000000001, 6.800000000000001, 6.81]}, "command": "['xs', 'sherlock', 'data.txt', '-i', '-n', '-j', '1', '--no-mmap']"}, "xs grep --no-mmap*": {"data": {"wall [s]": [2.9, 2.93, 2.92, 2.9, 2.89], "usr [s]": [8.15, 8.0, 8.79, 8.18, 8.12], "sys [s]": [2.95, 2.98, 2.94, 2.95, 2.92], "cpu [s]": [11.100000000000001, 10.98, 11.729999999999999, 11.129999999999999, 11.04]}, "command": "['xs', 'sherlock', 'data.txt', '-i', '-n', '--no-mmap']"}, "xs grep -j --no-mmap*": {"data": {"wall [s]": [3.01, 3.01, 3.02, 3.01, 3.03], "usr [s]": [11.27, 10.41, 10.89, 10.98, 10.87], "sys [s]": [3.13, 3.13, 3.13, 3.13, 3.19], "cpu [s]": [14.399999999999999, 13.54, 14.02, 14.11, 14.059999999999999]}, "command": "['xs', 'sherlock', 'data.txt', '-i', '-n', '-j', '--no-mmap']"}}}