{"setup": {"name": "search lines (regex ' [sS][A-Za-z]*[kK] ', ignore case)", "hardware": {"client": "ural", "cpu": "AMD Ryzen 7 3700X 8-Core Processor"}}, "results": {"GNU grep": {"data": {"wall [s]": [35.11, 35.24, 35.45, 35.96, 35.11], "usr [s]": [34.42, 34.42, 34.87, 35.22, 34.46], "sys [s]": [0.68, 0.81, 0.58, 0.74, 0.64], "cpu [s]": [35.1, 35.230000000000004, 35.449999999999996, 35.96, 35.1]}, "command": "['grep', ' [sS][A-Za-z]*[kK] ', 'data.txt', '-i']"}, "ripgrep": {"data": {"wall [s]": [21.07, 21.05, 21.45, 21.11, 21.07], "usr [s]": [20.74, 20.75, 21.1, 20.77, 20.74], "sys [s]": [0.33, 0.3, 0.35, 0.33, 0.32], "cpu [s]": [21.069999999999997, 21.05, 21.450000000000003, 21.099999999999998, 21.06]}, "command": "['rg', ' [sS][A-Za-z]*[kK] ', 'data.txt', '-i']"}, "xs grep -j 1": {"data": {"wall [s]": [27.08, 27.3, 27.43, 27.46, 27.65], "usr [s]": [26.73, 26.97, 27.11, 27.1, 27.33], "sys [s]": [0.36, 0.33, 0.33, 0.37, 0.33], "cpu [s]": [27.09, 27.299999999999997, 27.439999999999998, 27.470000000000002, 27.659999999999997]}, "command": "['xs', ' [sS][A-Za-z]*[kK] ', 'data.txt', '-j', '1', '-i']"}, "xs grep": {"data": {"wall [s]": [7.16, 7.15, 7.08, 7.08, 7.06], "usr [s]": [28.16, 28.17, 27.82, 27.93, 27.76], "sys [s]": [0.41, 0.4, 0.41, 0.32, 0.41], "cpu [s]": [28.57, 28.57, 28.23, 28.25, 28.17]}, "command": "['xs', ' [sS][A-Za-z]*[kK] ', 'data.txt', '-i']"}, "xs grep -j": {"data": {"wall [s]": [3.63, 3.62, 3.64, 3.64, 3.63], "usr [s]": [28.41, 28.38, 28.45, 28.44, 28.43], "sys [s]": [0.33, 0.4, 0.42, 0.36, 0.35], "cpu [s]": [28.74, 28.779999999999998, 28.87, 28.8, 28.78]}, "command": "['xs', ' [sS][A-Za-z]*[kK] ', 'data.txt', '-i', '-j']"}, "xs grep -j 1 --no-mmap": {"data": {"wall [s]": [26.8, 27.03, 27.01, 27.04, 26.69], "usr [s]": [26.62, 26.82, 26.83, 26.83, 26.52], "sys [s]": [2.07, 2.05, 1.98, 2.06, 2.0], "cpu [s]": [28.69, 28.87, 28.81, 28.889999999999997, 28.52]}, "command": "['xs', ' [sS][A-Za-z]*[kK] ', 'data.txt', '-j', '1', '-i', '--no-mmap']"}, "xs grep --no-mmap": {"data": {"wall [s]": [7.01, 7.03, 7.11, 7.05, 7.07], "usr [s]": [27.79, 27.74, 27.96, 27.95, 27.98], "sys [s]": [1.84, 1.87, 1.93, 1.77, 1.9], "cpu [s]": [29.63, 29.61, 29.89, 29.72, 29.88]}, "command": "['xs', ' [sS][A-Za-z]*[kK] ', 'data.txt', '-i', '--no-mmap']"}, "xs grep -j --no-mmap": {"data": {"wall [s]": [3.73, 3.76, 3.74, 3.73, 3.77], "usr [s]": [29.14, 29.23, 29.27, 29.2, 29.28], "sys [s]": [1.84, 1.82, 1.81, 1.83, 1.93], "cpu [s]": [30.98, 31.05, 31.08, 31.03, 31.21]}, "command": "['xs', ' [sS][A-Za-z]*[kK] ', 'data.txt', '-i', '-j', '--no-mmap']"}}}