{"setup": {"name": "search lines (regex ' [sS][A-Za-z]*[kK] ', line number)", "hardware": {"client": "ural", "cpu": "AMD Ryzen 7 3700X 8-Core Processor"}}, "results": {"GNU grep": {"data": {"wall [s]": [36.11, 36.03, 35.92, 35.72, 35.84], "usr [s]": [35.35, 35.39, 35.17, 34.95, 35.08], "sys [s]": [0.76, 0.63, 0.74, 0.76, 0.75], "cpu [s]": [36.11, 36.02, 35.910000000000004, 35.71, 35.83]}, "command": "['grep', ' [sS][A-Za-z]*[kK] ', 'en.txt', '-n']"}, "ripgrep": {"data": {"wall [s]": [21.36, 21.32, 21.3, 21.2, 21.28], "usr [s]": [21.04, 20.91, 20.99, 20.88, 20.97], "sys [s]": [0.31, 0.41, 0.3, 0.32, 0.3], "cpu [s]": [21.349999999999998, 21.32, 21.29, 21.2, 21.27]}, "command": "['rg', ' [sS][A-Za-z]*[kK] ', 'en.txt', '-n']"}, "xs grep -j 1": {"data": {"wall [s]": [14.91, 14.97, 14.97, 15.01, 14.86], "usr [s]": [14.52, 14.63, 14.62, 14.65, 14.53], "sys [s]": [0.4, 0.35, 0.36, 0.37, 0.35], "cpu [s]": [14.92, 14.98, 14.979999999999999, 15.02, 14.879999999999999]}, "command": "['xs', ' [sS][A-Za-z]*[kK] ', 'en.txt', '-j', '1', '-n']"}, "xs grep": {"data": {"wall [s]": [3.81, 3.92, 3.89, 3.9, 3.89], "usr [s]": [14.74, 15.2, 15.18, 15.05, 15.07], "sys [s]": [0.44, 0.43, 0.38, 0.5, 0.43], "cpu [s]": [15.18, 15.629999999999999, 15.56, 15.55, 15.5]}, "command": "['xs', ' [sS][A-Za-z]*[kK] ', 'en.txt', '-n']"}, "xs grep -j": {"data": {"wall [s]": [2.03, 2.0, 2.0, 2.0, 2.02], "usr [s]": [15.37, 15.49, 15.39, 15.45, 15.3], "sys [s]": [0.39, 0.42, 0.41, 0.43, 0.46], "cpu [s]": [15.76, 15.91, 15.8, 15.879999999999999, 15.760000000000002]}, "command": "['xs', ' [sS][A-Za-z]*[kK] ', 'en.txt', '-n', '-j']"}, "xs grep -j 1 --no-mmap": {"data": {"wall [s]": [14.67, 15.01, 15.12, 14.84, 14.89], "usr [s]": [14.47, 14.83, 14.91, 14.63, 14.74], "sys [s]": [2.04, 2.03, 2.03, 2.04, 2.03], "cpu [s]": [16.51, 16.86, 16.94, 16.67, 16.77]}, "command": "['xs', ' [sS][A-Za-z]*[kK] ', 'en.txt', '-j', '1', '-n', '--no-mmap']"}, "xs grep --no-mmap": {"data": {"wall [s]": [3.92, 3.93, 3.91, 3.88, 3.92], "usr [s]": [15.37, 15.38, 15.28, 15.26, 15.32], "sys [s]": [1.88, 1.89, 1.91, 1.83, 1.89], "cpu [s]": [17.25, 17.27, 17.189999999999998, 17.09, 17.21]}, "command": "['xs', ' [sS][A-Za-z]*[kK] ', 'en.txt', '-n', '--no-mmap']"}, "xs grep -j --no-mmap": {"data": {"wall [s]": [2.23, 2.22, 2.13, 2.22, 2.23], "usr [s]": [17.21, 17.14, 16.39, 17.09, 17.09], "sys [s]": [1.96, 1.97, 2.03, 1.96, 1.98], "cpu [s]": [19.17, 19.11, 18.42, 19.05, 19.07]}, "command": "['xs', ' [sS][A-Za-z]*[kK] ', 'en.txt', '-n', '-j', '--no-mmap']"}}}