{"setup": {"name": "search lines (regex 'She[r ]lock')", "hardware": {"client": "ural", "cpu": "AMD Ryzen 7 3700X 8-Core Processor"}}, "results": {"GNU grep": {"data": {"wall [s]": [6.52, 6.53, 6.57, 6.57, 6.52], "usr [s]": [5.84, 5.85, 5.89, 5.86, 5.76], "sys [s]": [0.68, 0.68, 0.67, 0.71, 0.75], "cpu [s]": [6.52, 6.529999999999999, 6.56, 6.57, 6.51]}, "command": "['grep', 'She[r ]lock', 'en.txt', '-n']"}, "ripgrep": {"data": {"wall [s]": [1.53, 1.52, 1.52, 1.53, 1.53], "usr [s]": [1.17, 1.19, 1.21, 1.17, 1.16], "sys [s]": [0.35, 0.32, 0.31, 0.36, 0.37], "cpu [s]": [1.52, 1.51, 1.52, 1.5299999999999998, 1.5299999999999998]}, "command": "['rg', 'She[r ]lock', 'en.txt', '-n']"}, "xs grep -j 1": {"data": {"wall [s]": [4.09, 4.07, 4.07, 4.07, 4.1], "usr [s]": [3.75, 3.79, 3.75, 3.74, 3.77], "sys [s]": [0.35, 0.29, 0.34, 0.34, 0.34], "cpu [s]": [4.1, 4.08, 4.09, 4.08, 4.11]}, "command": "['xs', 'She[r ]lock', 'en.txt', '-n', '-j', '1']"}, "xs grep": {"data": {"wall [s]": [1.3, 1.29, 1.29, 1.3, 1.3], "usr [s]": [4.34, 4.29, 4.33, 4.4, 4.39], "sys [s]": [0.42, 0.47, 0.42, 0.36, 0.37], "cpu [s]": [4.76, 4.76, 4.75, 4.760000000000001, 4.76]}, "command": "['xs', 'She[r ]lock', 'en.txt', '-n']"}, "xs grep -j": {"data": {"wall [s]": [0.91, 0.88, 0.9, 0.89, 0.89], "usr [s]": [5.72, 5.67, 5.61, 5.69, 5.61], "sys [s]": [0.47, 0.43, 0.58, 0.47, 0.54], "cpu [s]": [6.1899999999999995, 6.1, 6.19, 6.16, 6.15]}, "command": "['xs', 'She[r ]lock', 'en.txt', '-n', '-j']"}, "xs grep -j 1 --no-mmap": {"data": {"wall [s]": [3.84, 3.79, 3.77, 3.77, 3.75], "usr [s]": [3.79, 3.71, 3.7, 3.73, 3.7], "sys [s]": [1.98, 2.0, 2.0, 1.97, 1.98], "cpu [s]": [5.77, 5.71, 5.7, 5.7, 5.68]}, "command": "['xs', 'She[r ]lock', 'en.txt', '-n', '-j', '1', '--no-mmap']"}, "xs grep --no-mmap": {"data": {"wall [s]": [1.83, 1.79, 1.83, 1.79, 1.84], "usr [s]": [4.42, 4.39, 4.43, 4.34, 4.4], "sys [s]": [1.81, 1.81, 1.82, 1.8, 1.86], "cpu [s]": [6.23, 6.199999999999999, 6.25, 6.14, 6.260000000000001]}, "command": "['xs', 'She[r ]lock', 'en.txt', '-n', '--no-mmap']"}, "xs grep -j --no-mmap": {"data": {"wall [s]": [1.99, 1.99, 2.01, 2.0, 2.01], "usr [s]": [7.38, 7.58, 6.81, 7.51, 7.53], "sys [s]": [2.13, 2.07, 2.1, 2.1, 2.12], "cpu [s]": [9.51, 9.65, 8.91, 9.61, 9.65]}, "command": "['xs', 'She[r ]lock', 'en.txt', '-n', '-j', '--no-mmap']"}}}