{"setup": {"name": "search lines (regex 'She[r ]lock')", "hardware": {"client": "ural", "cpu": "AMD Ryzen 7 3700X 8-Core Processor"}}, "results": {"GNU grep": {"data": {"wall [s]": [13.35, 12.96, 13.28, 13.55, 13.04], "usr [s]": [12.66, 12.23, 12.64, 12.81, 12.26], "sys [s]": [0.69, 0.73, 0.63, 0.74, 0.78], "cpu [s]": [13.35, 12.96, 13.270000000000001, 13.55, 13.04]}, "command": "['grep', 'She[r ]lock', 'data.txt', '-i']"}, "ripgrep": {"data": {"wall [s]": [2.48, 2.48, 2.45, 2.48, 2.45], "usr [s]": [2.18, 2.16, 2.14, 2.14, 2.14], "sys [s]": [0.29, 0.31, 0.31, 0.33, 0.31], "cpu [s]": [2.47, 2.47, 2.45, 2.47, 2.45]}, "command": "['rg', 'She[r ]lock', 'data.txt', '-i']"}, "xs grep -j 1": {"data": {"wall [s]": [11.73, 11.72, 11.89, 11.71, 11.93], "usr [s]": [11.46, 11.4, 11.63, 11.39, 11.64], "sys [s]": [0.27, 0.33, 0.28, 0.33, 0.3], "cpu [s]": [11.73, 11.73, 11.91, 11.72, 11.940000000000001]}, "command": "['xs', 'She[r ]lock', 'data.txt', '-i', '-j', '1']"}, "xs grep": {"data": {"wall [s]": [3.08, 3.05, 3.06, 3.11, 3.09], "usr [s]": [11.77, 11.81, 11.89, 11.85, 11.86], "sys [s]": [0.4, 0.36, 0.31, 0.32, 0.35], "cpu [s]": [12.17, 12.17, 12.200000000000001, 12.17, 12.209999999999999]}, "command": "['xs', 'She[r ]lock', 'data.txt', '-i']"}, "xs grep -j": {"data": {"wall [s]": [1.6, 1.6, 1.61, 1.6, 1.58], "usr [s]": [11.97, 12.06, 12.01, 12.1, 12.14], "sys [s]": [0.46, 0.36, 0.37, 0.34, 0.35], "cpu [s]": [12.430000000000001, 12.42, 12.379999999999999, 12.44, 12.49]}, "command": "['xs', 'She[r ]lock', 'data.txt', '-i', '-j']"}, "xs grep -j 1 --no-mmap": {"data": {"wall [s]": [11.56, 11.46, 11.43, 11.44, 11.58], "usr [s]": [11.49, 11.43, 11.38, 11.39, 11.53], "sys [s]": [2.09, 2.05, 2.08, 2.07, 2.07], "cpu [s]": [13.58, 13.48, 13.46, 13.46, 13.6]}, "command": "['xs', 'She[r ]lock', 'data.txt', '-i', '-j', '1', '--no-mmap']"}, "xs grep --no-mmap": {"data": {"wall [s]": [3.04, 3.03, 3.03, 3.03, 3.02], "usr [s]": [11.89, 11.89, 11.73, 11.83, 11.73], "sys [s]": [1.75, 1.76, 1.76, 1.74, 1.73], "cpu [s]": [13.64, 13.65, 13.49, 13.57, 13.46]}, "command": "['xs', 'She[r ]lock', 'data.txt', '-i', '--no-mmap']"}, "xs grep -j --no-mmap": {"data": {"wall [s]": [1.73, 1.72, 1.74, 1.73, 1.72], "usr [s]": [13.25, 13.27, 13.37, 13.17, 13.27], "sys [s]": [1.66, 1.64, 1.67, 1.66, 1.65], "cpu [s]": [14.91, 14.91, 15.04, 14.83, 14.92]}, "command": "['xs', 'She[r ]lock', 'data.txt', '-i', '-j', '--no-mmap']"}}}