{"setup": {"name": "search lines (regex ' [sS][A-Za-z]*k ')", "hardware": {"client": "ural", "cpu": "AMD Ryzen 7 3700X 8-Core Processor"}}, "results": {"GNU grep": {"data": {"wall [s]": [23.87, 24.02, 23.9, 24.2, 23.87], "usr [s]": [23.15, 23.34, 23.26, 23.44, 23.09], "sys [s]": [0.72, 0.68, 0.63, 0.75, 0.77], "cpu [s]": [23.869999999999997, 24.02, 23.89, 24.19, 23.86]}, "command": "['grep', ' [sS][A-Za-z]*k ', 'en.txt']"}, "ripgrep": {"data": {"wall [s]": [4.75, 4.69, 4.69, 4.74, 4.68], "usr [s]": [4.4, 4.34, 4.31, 4.38, 4.35], "sys [s]": [0.34, 0.34, 0.37, 0.36, 0.32], "cpu [s]": [4.74, 4.68, 4.68, 4.74, 4.67]}, "command": "['rg', ' [sS][A-Za-z]*k ', 'en.txt']"}, "xs grep -j 1": {"data": {"wall [s]": [11.02, 11.29, 11.7, 11.63, 11.65], "usr [s]": [10.63, 10.98, 11.29, 11.29, 11.31], "sys [s]": [0.4, 0.32, 0.41, 0.35, 0.35], "cpu [s]": [11.030000000000001, 11.3, 11.7, 11.639999999999999, 11.66]}, "command": "['xs', ' [sS][A-Za-z]*k ', 'en.txt', '-j', '1']"}, "xs grep": {"data": {"wall [s]": [3.1, 2.98, 3.11, 2.98, 2.99], "usr [s]": [11.96, 11.45, 12.02, 11.52, 11.55], "sys [s]": [0.4, 0.44, 0.39, 0.37, 0.36], "cpu [s]": [12.360000000000001, 11.889999999999999, 12.41, 11.889999999999999, 11.91]}, "command": "['xs', ' [sS][A-Za-z]*k ', 'en.txt']"}, "xs grep -j": {"data": {"wall [s]": [1.55, 1.58, 1.57, 1.55, 1.55], "usr [s]": [11.91, 12.04, 11.94, 11.91, 11.78], "sys [s]": [0.39, 0.41, 0.33, 0.39, 0.39], "cpu [s]": [12.3, 12.45, 12.27, 12.3, 12.17]}, "command": "['xs', ' [sS][A-Za-z]*k ', 'en.txt', '-j']"}, "xs grep -j 1 --no-mmap": {"data": {"wall [s]": [10.93, 11.08, 10.85, 11.08, 11.09], "usr [s]": [10.68, 10.89, 10.69, 10.89, 10.85], "sys [s]": [2.01, 2.02, 2.02, 2.03, 2.05], "cpu [s]": [12.69, 12.91, 12.709999999999999, 12.92, 12.899999999999999]}, "command": "['xs', ' [sS][A-Za-z]*k ', 'en.txt', '-j', '1', '--no-mmap']"}, "xs grep --no-mmap": {"data": {"wall [s]": [2.98, 3.01, 3.03, 2.98, 3.01], "usr [s]": [11.55, 11.72, 11.74, 11.59, 11.71], "sys [s]": [1.85, 1.82, 1.84, 1.8, 1.77], "cpu [s]": [13.4, 13.540000000000001, 13.58, 13.39, 13.48]}, "command": "['xs', ' [sS][A-Za-z]*k ', 'en.txt', '--no-mmap']"}, "xs grep -j --no-mmap": {"data": {"wall [s]": [1.74, 1.74, 1.74, 1.73, 1.76], "usr [s]": [13.32, 13.22, 13.32, 13.17, 13.33], "sys [s]": [1.71, 1.7, 1.7, 1.71, 1.73], "cpu [s]": [15.030000000000001, 14.92, 15.02, 14.879999999999999, 15.06]}, "command": "['xs', ' [sS][A-Za-z]*k ', 'en.txt', '-j', '--no-mmap']"}}}