{"setup": {"name": "search lines (regex ' [sS][A-Za-z]*k ', ignore case, line number)", "hardware": {"client": "ural", "cpu": "AMD Ryzen 7 3700X 8-Core Processor"}}, "results": {"GNU grep": {"data": {"wall [s]": [37.95, 38.28, 38.16, 37.94, 38.04], "usr [s]": [37.21, 37.68, 37.42, 37.29, 37.33], "sys [s]": [0.73, 0.6, 0.74, 0.64, 0.71], "cpu [s]": [37.94, 38.28, 38.160000000000004, 37.93, 38.04]}, "command": "['grep', ' [sS][A-Za-z]*k ', 'data.txt', '-i', '-n']"}, "ripgrep": {"data": {"wall [s]": [21.68, 21.56, 21.65, 21.61, 21.44], "usr [s]": [21.38, 21.17, 21.32, 21.28, 21.17], "sys [s]": [0.3, 0.38, 0.33, 0.33, 0.27], "cpu [s]": [21.68, 21.55, 21.65, 21.61, 21.44]}, "command": "['rg', ' [sS][A-Za-z]*k ', 'data.txt', '-i', '-n']"}, "xs grep -j 1": {"data": {"wall [s]": [31.14, 31.21, 30.58, 30.68, 30.75], "usr [s]": [30.81, 30.83, 30.17, 30.22, 30.38], "sys [s]": [0.33, 0.37, 0.42, 0.46, 0.38], "cpu [s]": [31.139999999999997, 31.2, 30.590000000000003, 30.68, 30.759999999999998]}, "command": "['xs', ' [sS][A-Za-z]*k ', 'data.txt', '-j', '1', '-i', '-n']"}, "xs grep": {"data": {"wall [s]": [7.99, 8.0, 7.99, 8.03, 8.05], "usr [s]": [31.47, 31.5, 31.52, 31.57, 31.75], "sys [s]": [0.42, 0.44, 0.37, 0.45, 0.42], "cpu [s]": [31.89, 31.94, 31.89, 32.02, 32.17]}, "command": "['xs', ' [sS][A-Za-z]*k ', 'data.txt', '-i', '-n']"}, "xs grep -j": {"data": {"wall [s]": [4.21, 4.24, 4.19, 4.22, 4.19], "usr [s]": [32.91, 33.19, 32.93, 33.07, 32.92], "sys [s]": [0.44, 0.37, 0.37, 0.39, 0.4], "cpu [s]": [33.349999999999994, 33.559999999999995, 33.3, 33.46, 33.32]}, "command": "['xs', ' [sS][A-Za-z]*k ', 'data.txt', '-i', '-n', '-j']"}, "xs grep -j 1 --no-mmap": {"data": {"wall [s]": [31.07, 31.14, 30.56, 31.1, 30.74], "usr [s]": [30.84, 30.89, 30.48, 30.84, 30.51], "sys [s]": [2.05, 2.0, 1.97, 1.99, 2.09], "cpu [s]": [32.89, 32.89, 32.45, 32.83, 32.6]}, "command": "['xs', ' [sS][A-Za-z]*k ', 'data.txt', '-j', '1', '-i', '-n', '--no-mmap']"}, "xs grep --no-mmap": {"data": {"wall [s]": [8.17, 8.19, 8.18, 8.16, 8.23], "usr [s]": [32.32, 32.5, 32.5, 32.32, 32.61], "sys [s]": [1.87, 1.8, 1.81, 1.83, 1.83], "cpu [s]": [34.19, 34.3, 34.31, 34.15, 34.44]}, "command": "['xs', ' [sS][A-Za-z]*k ', 'data.txt', '-i', '-n', '--no-mmap']"}, "xs grep -j --no-mmap": {"data": {"wall [s]": [4.21, 4.23, 4.25, 4.18, 4.18], "usr [s]": [32.79, 32.95, 33.1, 32.68, 32.87], "sys [s]": [2.01, 1.91, 1.96, 1.99, 1.91], "cpu [s]": [34.8, 34.86, 35.06, 34.67, 34.779999999999994]}, "command": "['xs', ' [sS][A-Za-z]*k ', 'data.txt', '-i', '-n', '-j', '--no-mmap']"}}}