{"setup": {"name": "search lines (literal 'Sherlock' ignore case)", "hardware": {"client": "ural", "cpu": "AMD Ryzen 7 3700X 8-Core Processor"}}, "results": {"GNU grep": {"data": {"wall [s]": [13.16, 12.99, 13.1, 12.96, 13.0], "usr [s]": [12.51, 12.24, 12.35, 12.25, 12.32], "sys [s]": [0.65, 0.75, 0.75, 0.71, 0.67], "cpu [s]": [13.16, 12.99, 13.1, 12.96, 12.99]}, "command": "['grep', 'Sherlock', 'en.txt', '-i']"}, "ripgrep": {"data": {"wall [s]": [1.47, 1.47, 1.46, 1.48, 1.48], "usr [s]": [1.1, 1.18, 1.11, 1.17, 1.15], "sys [s]": [0.36, 0.28, 0.34, 0.31, 0.33], "cpu [s]": [1.46, 1.46, 1.4500000000000002, 1.48, 1.48]}, "command": "['rg', 'Sherlock', 'en.txt', '-i']"}, "xs grep -j 1": {"data": {"wall [s]": [2.22, 2.21, 2.22, 2.21, 2.22], "usr [s]": [1.8, 1.76, 1.81, 1.86, 1.8], "sys [s]": [0.43, 0.46, 0.41, 0.37, 0.42], "cpu [s]": [2.23, 2.22, 2.22, 2.23, 2.22]}, "command": "['xs', 'Sherlock', 'en.txt', '-i', '-j', '1']"}, "xs grep": {"data": {"wall [s]": [1.71, 1.72, 1.71, 1.72, 1.71], "usr [s]": [5.73, 5.82, 5.76, 5.77, 5.73], "sys [s]": [0.7, 0.62, 0.68, 0.67, 0.7], "cpu [s]": [6.430000000000001, 6.44, 6.4399999999999995, 6.4399999999999995, 6.430000000000001]}, "command": "['xs', 'Sherlock', 'en.txt', '-i']"}, "xs grep -j": {"data": {"wall [s]": [1.77, 1.77, 1.78, 1.77, 1.76], "usr [s]": [11.99, 11.93, 11.95, 11.91, 11.87], "sys [s]": [1.14, 1.21, 1.22, 1.27, 1.24], "cpu [s]": [13.13, 13.14, 13.17, 13.18, 13.11]}, "command": "['xs', 'Sherlock', 'en.txt', '-i', '-j']"}, "xs grep -j 1 --no-mmap": {"data": {"wall [s]": [2.68, 2.62, 2.67, 2.62, 2.64], "usr [s]": [2.58, 2.53, 2.59, 2.53, 2.55], "sys [s]": [2.16, 2.17, 2.14, 2.15, 2.15], "cpu [s]": [4.74, 4.699999999999999, 4.73, 4.68, 4.699999999999999]}, "command": "['xs', 'Sherlock', 'en.txt', '-i', '-j', '1', '--no-mmap']"}, "xs grep --no-mmap": {"data": {"wall [s]": [2.55, 2.63, 2.57, 2.65, 2.6], "usr [s]": [5.16, 4.42, 4.92, 4.3, 4.94], "sys [s]": [2.62, 2.79, 2.65, 2.84, 2.7], "cpu [s]": [7.78, 7.21, 7.57, 7.14, 7.640000000000001]}, "command": "['xs', 'Sherlock', 'en.txt', '-i', '--no-mmap']"}, "xs grep -j --no-mmap": {"data": {"wall [s]": [2.73, 2.72, 2.72, 2.74, 2.66], "usr [s]": [3.81, 4.22, 4.25, 4.01, 4.72], "sys [s]": [3.04, 3.02, 3.0, 3.02, 2.84], "cpu [s]": [6.85, 7.24, 7.25, 7.029999999999999, 7.56]}, "command": "['xs', 'Sherlock', 'en.txt', '-i', '-j', '--no-mmap']"}, "GNU grep*": {"data": {"wall [s]": [12.95, 13.07, 13.5, 13.44, 13.19], "usr [s]": [12.3, 12.39, 12.82, 12.71, 12.4], "sys [s]": [0.65, 0.67, 0.67, 0.73, 0.79], "cpu [s]": [12.950000000000001, 13.06, 13.49, 13.440000000000001, 13.190000000000001]}, "command": "['grep', 'sherlock', 'en.txt', '-i']"}, "ripgrep*": {"data": {"wall [s]": [1.47, 1.49, 1.46, 1.48, 1.48], "usr [s]": [1.12, 1.15, 1.1, 1.15, 1.21], "sys [s]": [0.34, 0.33, 0.35, 0.33, 0.27], "cpu [s]": [1.4600000000000002, 1.48, 1.4500000000000002, 1.48, 1.48]}, "command": "['rg', 'sherlock', 'en.txt', '-i']"}, "xs grep -j 1*": {"data": {"wall [s]": [2.24, 2.2, 2.22, 2.22, 2.23], "usr [s]": [1.84, 1.82, 1.74, 1.81, 1.81], "sys [s]": [0.41, 0.38, 0.49, 0.42, 0.43], "cpu [s]": [2.25, 2.2, 2.23, 2.23, 2.24]}, "command": "['xs', 'sherlock', 'en.txt', '-i', '-j', '1']"}, "xs grep*": {"data": {"wall [s]": [1.72, 1.7, 1.72, 1.72, 1.72], "usr [s]": [5.8, 5.71, 5.79, 5.79, 5.78], "sys [s]": [0.64, 0.68, 0.66, 0.65, 0.67], "cpu [s]": [6.4399999999999995, 6.39, 6.45, 6.44, 6.45]}, "command": "['xs', 'sherlock', 'en.txt', '-i']"}, "xs grep -j*": {"data": {"wall [s]": [1.78, 1.77, 1.77, 1.78, 1.77], "usr [s]": [11.85, 11.92, 11.99, 11.93, 11.96], "sys [s]": [1.32, 1.22, 1.14, 1.24, 1.23], "cpu [s]": [13.17, 13.14, 13.13, 13.17, 13.190000000000001]}, "command": "['xs', 'sherlock', 'en.txt', '-i', '-j']"}, "xs grep -j 1 --no-mmap*": {"data": {"wall [s]": [2.69, 2.61, 2.68, 2.65, 2.59], "usr [s]": [2.61, 2.53, 2.59, 2.56, 2.5], "sys [s]": [2.15, 2.16, 2.16, 2.16, 2.17], "cpu [s]": [4.76, 4.6899999999999995, 4.75, 4.720000000000001, 4.67]}, "command": "['xs', 'sherlock', 'en.txt', '-i', '-j', '1', '--no-mmap']"}, "xs grep --no-mmap*": {"data": {"wall [s]": [2.69, 2.68, 2.53, 2.58, 2.64], "usr [s]": [3.86, 3.91, 4.87, 4.81, 4.15], "sys [s]": [2.92, 2.91, 2.6, 2.68, 2.79], "cpu [s]": [6.779999999999999, 6.82, 7.470000000000001, 7.49, 6.94]}, "command": "['xs', 'sherlock', 'en.txt', '-i', '--no-mmap']"}, "xs grep -j --no-mmap*": {"data": {"wall [s]": [2.54, 2.75, 2.72, 2.75, 2.72], "usr [s]": [4.85, 4.09, 4.14, 4.01, 4.13], "sys [s]": [2.64, 3.0, 2.95, 3.04, 3.0], "cpu [s]": [7.49, 7.09, 7.09, 7.05, 7.13]}, "command": "['xs', 'sherlock', 'en.txt', '-i', '-j', '--no-mmap']"}}}