{"setup": {"name": "search lines (regex 'She[r ]lock')", "hardware": {"client": "ural", "cpu": "AMD Ryzen 7 3700X 8-Core Processor"}}, "results": {"GNU grep": {"data": {"wall [s]": [3.93, 3.93, 3.92, 3.94, 3.93], "usr [s]": [3.17, 3.23, 3.22, 3.22, 3.32], "sys [s]": [0.76, 0.69, 0.7, 0.71, 0.61], "cpu [s]": [3.9299999999999997, 3.92, 3.92, 3.93, 3.9299999999999997]}, "command": "['grep', 'She[r ]lock', 'data.txt']"}, "ripgrep": {"data": {"wall [s]": [1.27, 1.26, 1.26, 1.26, 1.26], "usr [s]": [0.96, 0.93, 0.93, 0.95, 0.94], "sys [s]": [0.3, 0.32, 0.33, 0.3, 0.32], "cpu [s]": [1.26, 1.25, 1.26, 1.25, 1.26]}, "command": "['rg', 'She[r ]lock', 'data.txt']"}, "xs grep -j 1": {"data": {"wall [s]": [1.1, 1.11, 1.11, 1.11, 1.11], "usr [s]": [0.79, 0.84, 0.84, 0.72, 0.76], "sys [s]": [0.32, 0.28, 0.28, 0.4, 0.37], "cpu [s]": [1.11, 1.12, 1.12, 1.12, 1.13]}, "command": "['xs', 'She[r ]lock', 'data.txt', '-j', '1']"}, "xs grep": {"data": {"wall [s]": [0.43, 0.44, 0.43, 0.44, 0.44], "usr [s]": [1.15, 1.13, 1.13, 1.19, 1.07], "sys [s]": [0.35, 0.38, 0.38, 0.31, 0.43], "cpu [s]": [1.5, 1.5099999999999998, 1.5099999999999998, 1.5, 1.5]}, "command": "['xs', 'She[r ]lock', 'data.txt']"}, "xs grep -j": {"data": {"wall [s]": [0.44, 0.44, 0.44, 0.45, 0.44], "usr [s]": [2.12, 2.12, 2.17, 2.18, 2.2], "sys [s]": [0.69, 0.69, 0.66, 0.64, 0.61], "cpu [s]": [2.81, 2.81, 2.83, 2.8200000000000003, 2.81]}, "command": "['xs', 'She[r ]lock', 'data.txt', '-j']"}, "xs grep -j 1 --no-mmap": {"data": {"wall [s]": [1.64, 1.65, 1.65, 1.65, 1.64], "usr [s]": [1.06, 1.19, 1.21, 1.1, 1.11], "sys [s]": [1.68, 1.65, 1.64, 1.67, 1.58], "cpu [s]": [2.74, 2.84, 2.8499999999999996, 2.77, 2.6900000000000004]}, "command": "['xs', 'She[r ]lock', 'data.txt', '-j', '1', '--no-mmap']"}, "xs grep --no-mmap": {"data": {"wall [s]": [1.79, 1.69, 1.72, 1.81, 1.78], "usr [s]": [1.34, 1.3, 1.37, 1.36, 1.36], "sys [s]": [1.85, 1.71, 1.72, 1.85, 1.83], "cpu [s]": [3.1900000000000004, 3.01, 3.09, 3.21, 3.1900000000000004]}, "command": "['xs', 'She[r ]lock', 'data.txt', '--no-mmap']"}, "xs grep -j --no-mmap": {"data": {"wall [s]": [1.72, 1.72, 1.69, 1.72, 1.71], "usr [s]": [1.35, 1.3, 1.28, 1.34, 1.35], "sys [s]": [1.75, 1.76, 1.73, 1.76, 1.72], "cpu [s]": [3.1, 3.06, 3.01, 3.1, 3.0700000000000003]}, "command": "['xs', 'She[r ]lock', 'data.txt', '-j', '--no-mmap']"}}}