{"setup": {"name": "search lines (regex ' [sS][A-Za-z]*[kK] ')", "hardware": {"client": "ural", "cpu": "AMD Ryzen 7 3700X 8-Core Processor"}}, "results": {"GNU grep": {"data": {"wall [s]": [33.05, 32.91, 32.98, 33.08, 33.14], "usr [s]": [32.29, 32.24, 32.31, 32.37, 32.36], "sys [s]": [0.75, 0.67, 0.66, 0.7, 0.78], "cpu [s]": [33.04, 32.910000000000004, 32.97, 33.07, 33.14]}, "command": "['grep', ' [sS][A-Za-z]*[kK] ', 'data.txt']"}, "ripgrep": {"data": {"wall [s]": [21.26, 21.22, 21.13, 21.17, 21.05], "usr [s]": [20.92, 20.88, 20.76, 20.77, 20.71], "sys [s]": [0.33, 0.34, 0.36, 0.4, 0.34], "cpu [s]": [21.25, 21.22, 21.12, 21.169999999999998, 21.05]}, "command": "['rg', ' [sS][A-Za-z]*[kK] ', 'data.txt']"}, "xs grep -j 1": {"data": {"wall [s]": [11.12, 11.48, 11.5, 11.27, 11.2], "usr [s]": [10.78, 11.18, 11.14, 10.89, 10.85], "sys [s]": [0.35, 0.31, 0.38, 0.39, 0.35], "cpu [s]": [11.129999999999999, 11.49, 11.520000000000001, 11.280000000000001, 11.2]}, "command": "['xs', ' [sS][A-Za-z]*[kK] ', 'data.txt', '-j', '1']"}, "xs grep": {"data": {"wall [s]": [3.06, 3.01, 3.01, 3.05, 2.98], "usr [s]": [11.9, 11.66, 11.64, 11.75, 11.54], "sys [s]": [0.33, 0.36, 0.37, 0.43, 0.36], "cpu [s]": [12.23, 12.02, 12.01, 12.18, 11.899999999999999]}, "command": "['xs', ' [sS][A-Za-z]*[kK] ', 'data.txt']"}, "xs grep -j": {"data": {"wall [s]": [1.55, 1.58, 1.54, 1.55, 1.55], "usr [s]": [11.88, 12.06, 11.75, 11.87, 11.87], "sys [s]": [0.37, 0.41, 0.43, 0.38, 0.38], "cpu [s]": [12.25, 12.47, 12.18, 12.25, 12.25]}, "command": "['xs', ' [sS][A-Za-z]*[kK] ', 'data.txt', '-j']"}, "xs grep -j 1 --no-mmap": {"data": {"wall [s]": [11.12, 10.9, 11.1, 10.89, 11.3], "usr [s]": [10.91, 10.75, 10.86, 10.7, 11.13], "sys [s]": [2.04, 2.01, 2.07, 2.06, 2.04], "cpu [s]": [12.95, 12.76, 12.93, 12.76, 13.170000000000002]}, "command": "['xs', ' [sS][A-Za-z]*[kK] ', 'data.txt', '-j', '1', '--no-mmap']"}, "xs grep --no-mmap": {"data": {"wall [s]": [2.96, 2.98, 2.98, 3.04, 3.03], "usr [s]": [11.49, 11.6, 11.58, 11.79, 11.76], "sys [s]": [1.8, 1.78, 1.82, 1.78, 1.83], "cpu [s]": [13.290000000000001, 13.379999999999999, 13.4, 13.569999999999999, 13.59]}, "command": "['xs', ' [sS][A-Za-z]*[kK] ', 'data.txt', '--no-mmap']"}, "xs grep -j --no-mmap": {"data": {"wall [s]": [1.71, 1.73, 1.74, 1.73, 1.74], "usr [s]": [13.1, 13.27, 13.03, 13.2, 13.27], "sys [s]": [1.7, 1.69, 1.71, 1.72, 1.71], "cpu [s]": [14.799999999999999, 14.959999999999999, 14.739999999999998, 14.92, 14.98]}, "command": "['xs', ' [sS][A-Za-z]*[kK] ', 'data.txt', '-j', '--no-mmap']"}}}