{"setup": {"name": "search lines (regex ' [sS][A-Za-z]*k ', line number)", "hardware": {"client": "ural", "cpu": "AMD Ryzen 7 3700X 8-Core Processor"}}, "results": {"GNU grep": {"data": {"wall [s]": [26.93, 26.69, 26.94, 27.1, 26.83], "usr [s]": [26.23, 26.07, 26.19, 26.27, 26.11], "sys [s]": [0.69, 0.62, 0.74, 0.82, 0.71], "cpu [s]": [26.92, 26.69, 26.93, 27.09, 26.82]}, "command": "['grep', ' [sS][A-Za-z]*k ', 'en.txt', '-n']"}, "ripgrep": {"data": {"wall [s]": [4.84, 4.89, 4.86, 4.83, 4.89], "usr [s]": [4.47, 4.55, 4.53, 4.51, 4.55], "sys [s]": [0.37, 0.34, 0.33, 0.31, 0.34], "cpu [s]": [4.84, 4.89, 4.86, 4.819999999999999, 4.89]}, "command": "['rg', ' [sS][A-Za-z]*k ', 'en.txt', '-n']"}, "xs grep -j 1": {"data": {"wall [s]": [15.01, 14.83, 15.17, 14.7, 14.75], "usr [s]": [14.58, 14.45, 14.85, 14.29, 14.41], "sys [s]": [0.44, 0.39, 0.32, 0.42, 0.36], "cpu [s]": [15.02, 14.84, 15.17, 14.709999999999999, 14.77]}, "command": "['xs', ' [sS][A-Za-z]*k ', 'en.txt', '-j', '1', '-n']"}, "xs grep": {"data": {"wall [s]": [3.86, 3.86, 3.88, 3.88, 3.85], "usr [s]": [14.96, 14.97, 15.05, 15.13, 14.99], "sys [s]": [0.44, 0.38, 0.45, 0.36, 0.37], "cpu [s]": [15.4, 15.350000000000001, 15.5, 15.49, 15.36]}, "command": "['xs', ' [sS][A-Za-z]*k ', 'en.txt', '-n']"}, "xs grep -j": {"data": {"wall [s]": [2.04, 2.01, 2.0, 2.01, 2.0], "usr [s]": [15.75, 15.5, 15.44, 15.54, 15.53], "sys [s]": [0.38, 0.42, 0.43, 0.4, 0.39], "cpu [s]": [16.13, 15.92, 15.87, 15.94, 15.92]}, "command": "['xs', ' [sS][A-Za-z]*k ', 'en.txt', '-n', '-j']"}, "xs grep -j 1 --no-mmap": {"data": {"wall [s]": [14.8, 14.72, 15.09, 14.7, 14.64], "usr [s]": [14.6, 14.56, 14.86, 14.48, 14.45], "sys [s]": [2.05, 2.07, 2.09, 2.11, 2.07], "cpu [s]": [16.65, 16.63, 16.95, 16.59, 16.52]}, "command": "['xs', ' [sS][A-Za-z]*k ', 'en.txt', '-j', '1', '-n', '--no-mmap']"}, "xs grep --no-mmap": {"data": {"wall [s]": [3.89, 3.92, 3.88, 3.92, 3.84], "usr [s]": [15.22, 15.36, 15.24, 15.34, 15.13], "sys [s]": [1.87, 1.86, 1.88, 1.87, 1.87], "cpu [s]": [17.09, 17.22, 17.12, 17.21, 17.0]}, "command": "['xs', ' [sS][A-Za-z]*k ', 'en.txt', '-n', '--no-mmap']"}, "xs grep -j --no-mmap": {"data": {"wall [s]": [2.23, 2.23, 2.23, 2.22, 2.27], "usr [s]": [17.11, 17.21, 17.18, 17.13, 17.25], "sys [s]": [1.95, 1.95, 1.96, 1.96, 1.95], "cpu [s]": [19.06, 19.16, 19.14, 19.09, 19.2]}, "command": "['xs', ' [sS][A-Za-z]*k ', 'en.txt', '-n', '-j', '--no-mmap']"}}}