{"setup": {"name": "xs grep: search line numbers", "hardware": {"client": "ural", "cpu": "AMD Ryzen 7 3700X 8-Core Processor"}}, "results": {"xs": {"data": {"wall [s]": [0.42, 0.42, 0.41, 0.41, 0.42], "usr [s]": [1.08, 1.04, 1.03, 1.07, 1.01], "sys [s]": [0.34, 0.39, 0.38, 0.36, 0.42], "cpu [s]": [1.4200000000000002, 1.4300000000000002, 1.4100000000000001, 1.4300000000000002, 1.43]}, "command": "['xs', 'Sherlock', 'en.txt']"}, "xs --max-readers 2": {"data": {"wall [s]": [0.41, 0.41, 0.42, 0.4, 0.41], "usr [s]": [1.0, 1.09, 1.03, 1.03, 1.09], "sys [s]": [0.42, 0.33, 0.38, 0.37, 0.33], "cpu [s]": [1.42, 1.4200000000000002, 1.4100000000000001, 1.4, 1.4200000000000002]}, "command": "['xs', 'Sherlock', 'en.txt', '--max-readers', '2']"}, "xs --no-mmap": {"data": {"wall [s]": [1.87, 1.67, 1.78, 1.63, 1.63], "usr [s]": [1.24, 1.12, 1.19, 1.1, 1.13], "sys [s]": [1.94, 1.68, 1.87, 1.66, 1.59], "cpu [s]": [3.1799999999999997, 2.8, 3.06, 2.76, 2.7199999999999998]}, "command": "['xs', 'Sherlock', 'en.txt', '--no-mmap']"}, "xs --max-readers 2 --no-mmap": {"data": {"wall [s]": [1.68, 1.63, 1.66, 1.83, 1.61], "usr [s]": [1.12, 1.08, 1.1, 1.27, 1.08], "sys [s]": [1.69, 1.62, 1.66, 1.92, 1.61], "cpu [s]": [2.81, 2.7, 2.76, 3.19, 2.6900000000000004]}, "command": "['xs', 'Sherlock', 'en.txt', '--max-readers', '2', '--no-mmap']"}, "xs -n": {"data": {"wall [s]": [1.23, 1.26, 1.25, 1.2, 1.24], "usr [s]": [4.16, 4.31, 4.37, 4.12, 4.27], "sys [s]": [0.47, 0.37, 0.3, 0.42, 0.38], "cpu [s]": [4.63, 4.68, 4.67, 4.54, 4.6499999999999995]}, "command": "['xs', 'Sherlock', 'en.txt', '-n']"}, "xs -n --max-readers 2 --no-mmap": {"data": {"wall [s]": [1.81, 1.76, 1.79, 1.82, 1.77], "usr [s]": [4.37, 4.32, 4.28, 4.37, 4.33], "sys [s]": [1.81, 1.77, 1.82, 1.82, 1.79], "cpu [s]": [6.18, 6.09, 6.1000000000000005, 6.19, 6.12]}, "command": "['xs', 'Sherlock', 'en.txt', '-n', '--max-readers', '2', '--no-mmap']"}, "xs -n --no-mmap": {"data": {"wall [s]": [1.81, 1.77, 1.8, 1.76, 1.77], "usr [s]": [4.39, 4.3, 4.35, 4.39, 4.3], "sys [s]": [1.81, 1.77, 1.82, 1.76, 1.78], "cpu [s]": [6.199999999999999, 6.07, 6.17, 6.1499999999999995, 6.08]}, "command": "['xs', 'Sherlock', 'en.txt', '-n', '--no-mmap']"}, "xs -n --max-readers 2": {"data": {"wall [s]": [1.25, 1.26, 1.26, 1.25, 1.26], "usr [s]": [4.33, 4.29, 4.33, 4.28, 4.33], "sys [s]": [0.33, 0.39, 0.36, 0.39, 0.36], "cpu [s]": [4.66, 4.68, 4.69, 4.67, 4.69]}, "command": "['xs', 'Sherlock', 'en.txt', '-n', '--max-readers', '2']"}, "xs -n -m": {"data": {"wall [s]": [1.9, 1.91, 1.78, 1.89, 1.81], "usr [s]": [1.14, 1.18, 1.15, 1.16, 1.1], "sys [s]": [1.95, 1.92, 1.76, 1.87, 1.83], "cpu [s]": [3.09, 3.0999999999999996, 2.91, 3.0300000000000002, 2.93]}, "command": "['xs', 'Sherlock', 'en.txt', '-m', 'en.meta', '-n']"}, "xs -n -m --max-readers 2": {"data": {"wall [s]": [0.49, 0.5, 0.5, 0.49, 0.49], "usr [s]": [1.12, 1.05, 1.08, 1.07, 1.12], "sys [s]": [0.43, 0.52, 0.46, 0.5, 0.43], "cpu [s]": [1.55, 1.57, 1.54, 1.57, 1.55]}, "command": "['xs', 'Sherlock', 'en.txt', '-m', 'en.meta', '-n', '--max-readers', '2']"}, "xs -n -m --no-mmap": {"data": {"wall [s]": [1.88, 1.88, 1.9, 1.8, 1.89], "usr [s]": [1.07, 1.12, 1.1, 1.12, 1.11], "sys [s]": [1.92, 1.9, 1.94, 1.81, 1.89], "cpu [s]": [2.99, 3.02, 3.04, 2.93, 3.0]}, "command": "['xs', 'Sherlock', 'en.txt', '-m', 'en.meta', '-n', '--no-mmap']"}, "xs -n -m --max-readers 2 --no-mmap": {"data": {"wall [s]": [1.36, 1.36, 1.35, 1.34, 1.34], "usr [s]": [1.63, 1.63, 1.66, 1.6, 1.56], "sys [s]": [2.76, 2.77, 2.71, 2.74, 2.76], "cpu [s]": [4.39, 4.4, 4.37, 4.34, 4.32]}, "command": "['xs', 'Sherlock', 'en.txt', '-m', 'en.meta', '-n', '--max-readers', '2', '--no-mmap']"}}}