{"setup": {"name": "xs grep threads (LZ4 HC compressed input)", "hardware": {"client": "ural", "cpu": "AMD Ryzen 7 3700X 8-Core Processor"}}, "results": {"xs": {"data": {"wall [s]": [1.33, 1.33, 1.33, 1.33, 1.33], "usr [s]": [5.1, 5.07, 5.1, 5.1, 5.1], "sys [s]": [1.25, 1.23, 1.21, 1.21, 1.21], "cpu [s]": [6.35, 6.300000000000001, 6.31, 6.31, 6.31]}, "command": "['xs', 'Sherlock', 'en.hc.xslz4', '-m', 'en.hc.xslz4.meta']"}, "xs -j 1": {"data": {"wall [s]": [2.57, 2.67, 2.65, 2.58, 2.6], "usr [s]": [2.46, 2.61, 2.54, 2.56, 2.54], "sys [s]": [0.58, 0.53, 0.59, 0.49, 0.53], "cpu [s]": [3.04, 3.1399999999999997, 3.13, 3.05, 3.0700000000000003]}, "command": "['xs', 'Sherlock', 'en.hc.xslz4', '-j', '1', '-m', 'en.hc.xslz4.meta']"}, "xs -j 2": {"data": {"wall [s]": [1.5, 1.46, 1.47, 1.47, 1.47], "usr [s]": [2.87, 2.81, 2.8, 2.87, 2.84], "sys [s]": [0.65, 0.58, 0.61, 0.53, 0.57], "cpu [s]": [3.52, 3.39, 3.4099999999999997, 3.4000000000000004, 3.4099999999999997]}, "command": "['xs', 'Sherlock', 'en.hc.xslz4', '-j', '2', '-m', 'en.hc.xslz4.meta']"}, "xs -j 4": {"data": {"wall [s]": [1.33, 1.33, 1.33, 1.31, 1.33], "usr [s]": [5.09, 5.09, 5.11, 4.97, 5.11], "sys [s]": [1.22, 1.23, 1.19, 1.0, 1.2], "cpu [s]": [6.31, 6.32, 6.300000000000001, 5.97, 6.3100000000000005]}, "command": "['xs', 'Sherlock', 'en.hc.xslz4', '-j', '4', '-m', 'en.hc.xslz4.meta']"}, "xs -j 6": {"data": {"wall [s]": [1.35, 1.35, 1.35, 1.35, 1.35], "usr [s]": [6.34, 6.36, 6.77, 7.23, 6.77], "sys [s]": [1.42, 1.42, 1.45, 1.38, 1.39], "cpu [s]": [7.76, 7.78, 8.219999999999999, 8.61, 8.16]}, "command": "['xs', 'Sherlock', 'en.hc.xslz4', '-j', '6', '-m', 'en.hc.xslz4.meta']"}, "xs -j 8": {"data": {"wall [s]": [1.36, 1.36, 1.36, 1.36, 1.36], "usr [s]": [7.46, 7.53, 7.43, 7.19, 7.59], "sys [s]": [1.53, 1.53, 1.53, 1.48, 1.52], "cpu [s]": [8.99, 9.06, 8.959999999999999, 8.67, 9.11]}, "command": "['xs', 'Sherlock', 'en.hc.xslz4', '-j', '8', '-m', 'en.hc.xslz4.meta']"}, "xs -j 10": {"data": {"wall [s]": [1.37, 1.36, 1.36, 1.35, 1.36], "usr [s]": [6.95, 7.83, 7.59, 7.39, 7.85], "sys [s]": [1.55, 1.53, 1.53, 1.55, 1.52], "cpu [s]": [8.5, 9.36, 9.12, 8.94, 9.37]}, "command": "['xs', 'Sherlock', 'en.hc.xslz4', '-j', '10', '-m', 'en.hc.xslz4.meta']"}, "xs -j 12": {"data": {"wall [s]": [1.36, 1.36, 1.36, 1.36, 1.36], "usr [s]": [7.42, 7.26, 7.49, 7.72, 7.53], "sys [s]": [1.54, 1.52, 1.57, 1.52, 1.49], "cpu [s]": [8.96, 8.78, 9.06, 9.24, 9.02]}, "command": "['xs', 'Sherlock', 'en.hc.xslz4', '-j', '12', '-m', 'en.hc.xslz4.meta']"}, "xs -j 14": {"data": {"wall [s]": [1.36, 1.36, 1.36, 1.36, 1.36], "usr [s]": [7.66, 7.32, 8.02, 7.66, 7.68], "sys [s]": [1.53, 1.51, 1.51, 1.48, 1.58], "cpu [s]": [9.19, 8.83, 9.53, 9.14, 9.26]}, "command": "['xs', 'Sherlock', 'en.hc.xslz4', '-j', '14', '-m', 'en.hc.xslz4.meta']"}, "xs -j 16": {"data": {"wall [s]": [1.36, 1.36, 1.37, 1.36, 1.36], "usr [s]": [7.1, 7.68, 7.84, 7.34, 7.24], "sys [s]": [1.51, 1.53, 1.51, 1.49, 1.5], "cpu [s]": [8.61, 9.209999999999999, 9.35, 8.83, 8.74]}, "command": "['xs', 'Sherlock', 'en.hc.xslz4', '-j', '16', '-m', 'en.hc.xslz4.meta']"}}}