{"setup": {"name": "xs grep: search line numbers", "hardware": {"client": "ural", "cpu": "AMD Ryzen 7 3700X 8-Core Processor"}}, "results": {"xs": {"data": {"wall [s]": [0.43, 0.41, 0.43, 0.43, 0.43], "usr [s]": [1.05, 0.97, 0.98, 1.07, 1.03], "sys [s]": [0.4, 0.47, 0.45, 0.39, 0.42], "cpu [s]": [1.4500000000000002, 1.44, 1.43, 1.46, 1.45]}, "command": "['xs', 'Sherlock', 'en.txt']"}, "xs --max-readers 2": {"data": {"wall [s]": [0.43, 0.43, 0.43, 0.43, 0.43], "usr [s]": [1.03, 1.06, 1.05, 1.03, 1.08], "sys [s]": [0.42, 0.4, 0.4, 0.42, 0.37], "cpu [s]": [1.45, 1.46, 1.4500000000000002, 1.45, 1.4500000000000002]}, "command": "['xs', 'Sherlock', 'en.txt', '--max-readers', '2']"}, "xs --no-mmap": {"data": {"wall [s]": [1.65, 1.67, 1.7, 1.66, 1.6], "usr [s]": [1.07, 1.06, 1.08, 1.07, 1.06], "sys [s]": [1.65, 1.67, 1.73, 1.66, 1.61], "cpu [s]": [2.7199999999999998, 2.73, 2.81, 2.73, 2.67]}, "command": "['xs', 'Sherlock', 'en.txt', '--no-mmap']"}, "xs --max-readers 2 --no-mmap": {"data": {"wall [s]": [1.66, 1.62, 1.66, 1.64, 1.78], "usr [s]": [1.08, 1.14, 1.05, 1.08, 1.12], "sys [s]": [1.67, 1.63, 1.67, 1.68, 1.84], "cpu [s]": [2.75, 2.7699999999999996, 2.7199999999999998, 2.76, 2.96]}, "command": "['xs', 'Sherlock', 'en.txt', '--max-readers', '2', '--no-mmap']"}, "xs -n": {"data": {"wall [s]": [1.29, 1.29, 1.29, 1.2, 1.28], "usr [s]": [4.33, 4.33, 4.37, 4.12, 4.29], "sys [s]": [0.41, 0.41, 0.36, 0.42, 0.4], "cpu [s]": [4.74, 4.74, 4.73, 4.54, 4.69]}, "command": "['xs', 'Sherlock', 'en.txt', '-n']"}, "xs -n --max-readers 2 --no-mmap": {"data": {"wall [s]": [1.8, 1.79, 1.82, 1.82, 1.79], "usr [s]": [4.37, 4.47, 4.36, 4.38, 4.34], "sys [s]": [1.81, 1.81, 1.82, 1.84, 1.81], "cpu [s]": [6.18, 6.279999999999999, 6.180000000000001, 6.22, 6.15]}, "command": "['xs', 'Sherlock', 'en.txt', '-n', '--max-readers', '2', '--no-mmap']"}, "xs -n --no-mmap": {"data": {"wall [s]": [1.79, 1.79, 1.83, 1.79, 1.83], "usr [s]": [4.32, 4.34, 4.3, 4.36, 4.34], "sys [s]": [1.78, 1.8, 1.86, 1.79, 1.82], "cpu [s]": [6.1000000000000005, 6.14, 6.16, 6.15, 6.16]}, "command": "['xs', 'Sherlock', 'en.txt', '-n', '--no-mmap']"}, "xs -n --max-readers 2": {"data": {"wall [s]": [1.29, 1.29, 1.28, 1.28, 1.3], "usr [s]": [4.36, 4.33, 4.33, 4.25, 4.33], "sys [s]": [0.37, 0.41, 0.39, 0.47, 0.43], "cpu [s]": [4.73, 4.74, 4.72, 4.72, 4.76]}, "command": "['xs', 'Sherlock', 'en.txt', '-n', '--max-readers', '2']"}, "xs -n -m": {"data": {"wall [s]": [1.91, 1.91, 1.93, 1.93, 1.93], "usr [s]": [1.22, 1.09, 1.07, 1.14, 1.1], "sys [s]": [1.9, 1.92, 1.98, 1.93, 1.96], "cpu [s]": [3.12, 3.01, 3.05, 3.07, 3.06]}, "command": "['xs', 'Sherlock', 'en.txt', '-m', 'en.meta', '-n']"}, "xs -n -m --max-readers 2": {"data": {"wall [s]": [0.51, 0.5, 0.51, 0.49, 0.51], "usr [s]": [1.01, 1.08, 1.01, 1.1, 1.07], "sys [s]": [0.59, 0.52, 0.58, 0.47, 0.53], "cpu [s]": [1.6, 1.6, 1.5899999999999999, 1.57, 1.6]}, "command": "['xs', 'Sherlock', 'en.txt', '-m', 'en.meta', '-n', '--max-readers', '2']"}, "xs -n -m --no-mmap": {"data": {"wall [s]": [1.9, 1.83, 1.92, 1.82, 1.82], "usr [s]": [1.1, 1.11, 1.18, 1.17, 1.14], "sys [s]": [1.92, 1.87, 1.89, 1.82, 1.86], "cpu [s]": [3.02, 2.9800000000000004, 3.07, 2.99, 3.0]}, "command": "['xs', 'Sherlock', 'en.txt', '-m', 'en.meta', '-n', '--no-mmap']"}, "xs -n -m --max-readers 2 --no-mmap": {"data": {"wall [s]": [1.36, 1.35, 1.36, 1.35, 1.36], "usr [s]": [1.6, 1.59, 1.63, 1.59, 1.6], "sys [s]": [2.74, 2.75, 2.73, 2.73, 2.77], "cpu [s]": [4.34, 4.34, 4.359999999999999, 4.32, 4.37]}, "command": "['xs', 'Sherlock', 'en.txt', '-m', 'en.meta', '-n', '--max-readers', '2', '--no-mmap']"}}}