{"setup": {"name": "xs grep threads (LZ4 HC compressed input)", "hardware": {"client": "ural", "cpu": "AMD Ryzen 7 3700X 8-Core Processor"}}, "results": {"xs": {"data": {"wall [s]": [1.33, 1.33, 1.33, 1.33, 1.33], "usr [s]": [5.07, 5.09, 5.07, 5.13, 5.1], "sys [s]": [1.27, 1.23, 1.22, 1.18, 1.21], "cpu [s]": [6.34, 6.32, 6.29, 6.31, 6.31]}, "command": "['xs', 'Sherlock', 'en.hc.xslz4', '-m', 'en.hc.xslz4.meta']"}, "xs -j 1": {"data": {"wall [s]": [2.61, 2.57, 2.57, 2.54, 2.7], "usr [s]": [2.54, 2.54, 2.51, 2.48, 2.66], "sys [s]": [0.52, 0.49, 0.51, 0.53, 0.5], "cpu [s]": [3.06, 3.0300000000000002, 3.0199999999999996, 3.01, 3.16]}, "command": "['xs', 'Sherlock', 'en.hc.xslz4', '-j', '1', '-m', 'en.hc.xslz4.meta']"}, "xs -j 2": {"data": {"wall [s]": [1.44, 1.44, 1.45, 1.51, 1.47], "usr [s]": [2.83, 2.77, 2.82, 2.94, 2.83], "sys [s]": [0.53, 0.58, 0.53, 0.58, 0.57], "cpu [s]": [3.3600000000000003, 3.35, 3.3499999999999996, 3.52, 3.4]}, "command": "['xs', 'Sherlock', 'en.hc.xslz4', '-j', '2', '-m', 'en.hc.xslz4.meta']"}, "xs -j 4": {"data": {"wall [s]": [1.33, 1.34, 1.34, 1.33, 1.33], "usr [s]": [5.11, 5.1, 5.08, 5.09, 5.06], "sys [s]": [1.19, 1.22, 1.24, 1.23, 1.26], "cpu [s]": [6.300000000000001, 6.319999999999999, 6.32, 6.32, 6.319999999999999]}, "command": "['xs', 'Sherlock', 'en.hc.xslz4', '-j', '4', '-m', 'en.hc.xslz4.meta']"}, "xs -j 6": {"data": {"wall [s]": [1.36, 1.36, 1.36, 1.35, 1.36], "usr [s]": [7.11, 6.34, 7.23, 6.43, 6.42], "sys [s]": [1.43, 1.46, 1.43, 1.45, 1.45], "cpu [s]": [8.540000000000001, 7.8, 8.66, 7.88, 7.87]}, "command": "['xs', 'Sherlock', 'en.hc.xslz4', '-j', '6', '-m', 'en.hc.xslz4.meta']"}, "xs -j 8": {"data": {"wall [s]": [1.36, 1.36, 1.36, 1.36, 1.36], "usr [s]": [8.18, 7.12, 7.75, 7.68, 7.87], "sys [s]": [1.6, 1.48, 1.55, 1.52, 1.5], "cpu [s]": [9.78, 8.6, 9.3, 9.2, 9.370000000000001]}, "command": "['xs', 'Sherlock', 'en.hc.xslz4', '-j', '8', '-m', 'en.hc.xslz4.meta']"}, "xs -j 10": {"data": {"wall [s]": [1.36, 1.36, 1.37, 1.36, 1.36], "usr [s]": [7.79, 7.29, 7.66, 8.03, 8.0], "sys [s]": [1.55, 1.5, 1.56, 1.46, 1.51], "cpu [s]": [9.34, 8.79, 9.22, 9.489999999999998, 9.51]}, "command": "['xs', 'Sherlock', 'en.hc.xslz4', '-j', '10', '-m', 'en.hc.xslz4.meta']"}, "xs -j 12": {"data": {"wall [s]": [1.36, 1.36, 1.36, 1.36, 1.37], "usr [s]": [7.7, 7.65, 7.5, 7.45, 8.05], "sys [s]": [1.51, 1.51, 1.53, 1.48, 1.55], "cpu [s]": [9.21, 9.16, 9.03, 8.93, 9.600000000000001]}, "command": "['xs', 'Sherlock', 'en.hc.xslz4', '-j', '12', '-m', 'en.hc.xslz4.meta']"}, "xs -j 14": {"data": {"wall [s]": [1.36, 1.36, 1.36, 1.36, 1.36], "usr [s]": [8.0, 7.06, 7.6, 8.09, 7.26], "sys [s]": [1.56, 1.51, 1.47, 1.56, 1.55], "cpu [s]": [9.56, 8.57, 9.07, 9.65, 8.81]}, "command": "['xs', 'Sherlock', 'en.hc.xslz4', '-j', '14', '-m', 'en.hc.xslz4.meta']"}, "xs -j 16": {"data": {"wall [s]": [1.37, 1.35, 1.36, 1.36, 1.36], "usr [s]": [8.03, 7.37, 7.78, 7.89, 7.22], "sys [s]": [1.56, 1.56, 1.52, 1.55, 1.55], "cpu [s]": [9.59, 8.93, 9.3, 9.44, 8.77]}, "command": "['xs', 'Sherlock', 'en.hc.xslz4', '-j', '16', '-m', 'en.hc.xslz4.meta']"}}}