{"setup": {"name": "xsgrep threads (regex, case insensitive, line number)", "hardware": {"client": "ural", "cpu": "AMD Ryzen 7 3700X 8-Core Processor"}}, "results": {"xs": {"data": {"wall [s]": [3.08, 3.11, 3.04, 3.08, 3.07], "usr [s]": [11.81, 11.84, 11.7, 11.77, 11.79], "sys [s]": [0.3, 0.4, 0.37, 0.41, 0.43], "cpu [s]": [12.110000000000001, 12.24, 12.069999999999999, 12.18, 12.219999999999999]}, "command": "['xs', 'She[r ]lock', 'en.txt', '-i']"}, "xs -j 1": {"data": {"wall [s]": [11.85, 11.72, 11.75, 11.74, 11.72], "usr [s]": [11.46, 11.44, 11.43, 11.45, 11.37], "sys [s]": [0.39, 0.29, 0.33, 0.3, 0.35], "cpu [s]": [11.850000000000001, 11.729999999999999, 11.76, 11.75, 11.719999999999999]}, "command": "['xs', 'She[r ]lock', 'en.txt', '-j', '1', '-i']"}, "xs -j 2": {"data": {"wall [s]": [5.99, 6.01, 6.11, 6.11, 6.04], "usr [s]": [11.5, 11.46, 11.64, 11.62, 11.51], "sys [s]": [0.39, 0.46, 0.57, 0.48, 0.43], "cpu [s]": [11.89, 11.920000000000002, 12.21, 12.1, 11.94]}, "command": "['xs', 'She[r ]lock', 'en.txt', '-j', '2', '-i']"}, "xs -j 4": {"data": {"wall [s]": [3.06, 3.09, 3.06, 3.08, 3.08], "usr [s]": [11.85, 11.9, 11.86, 11.88, 11.87], "sys [s]": [0.32, 0.34, 0.32, 0.38, 0.3], "cpu [s]": [12.17, 12.24, 12.18, 12.260000000000002, 12.17]}, "command": "['xs', 'She[r ]lock', 'en.txt', '-j', '4', '-i']"}, "xs -j 6": {"data": {"wall [s]": [2.11, 2.12, 2.11, 2.09, 2.09], "usr [s]": [12.02, 12.02, 12.06, 11.98, 11.9], "sys [s]": [0.32, 0.35, 0.29, 0.33, 0.37], "cpu [s]": [12.34, 12.37, 12.35, 12.31, 12.27]}, "command": "['xs', 'She[r ]lock', 'en.txt', '-j', '6', '-i']"}, "xs -j 8": {"data": {"wall [s]": [1.6, 1.59, 1.58, 1.57, 1.59], "usr [s]": [12.09, 12.08, 12.15, 12.05, 12.09], "sys [s]": [0.33, 0.29, 0.34, 0.37, 0.39], "cpu [s]": [12.42, 12.37, 12.49, 12.42, 12.48]}, "command": "['xs', 'She[r ]lock', 'en.txt', '-j', '8', '-i']"}, "xs -j 10": {"data": {"wall [s]": [1.59, 1.61, 1.61, 1.61, 1.62], "usr [s]": [12.05, 12.01, 12.07, 12.05, 12.07], "sys [s]": [0.35, 0.41, 0.44, 0.4, 0.38], "cpu [s]": [12.4, 12.42, 12.51, 12.450000000000001, 12.450000000000001]}, "command": "['xs', 'She[r ]lock', 'en.txt', '-j', '10', '-i']"}, "xs -j 12": {"data": {"wall [s]": [1.61, 1.61, 1.6, 1.6, 1.59], "usr [s]": [12.07, 12.12, 12.01, 12.12, 12.01], "sys [s]": [0.36, 0.38, 0.33, 0.36, 0.36], "cpu [s]": [12.43, 12.5, 12.34, 12.479999999999999, 12.37]}, "command": "['xs', 'She[r ]lock', 'en.txt', '-j', '12', '-i']"}, "xs -j 14": {"data": {"wall [s]": [1.59, 1.57, 1.6, 1.61, 1.58], "usr [s]": [12.02, 12.09, 12.08, 12.17, 12.1], "sys [s]": [0.39, 0.35, 0.37, 0.37, 0.35], "cpu [s]": [12.41, 12.44, 12.45, 12.54, 12.45]}, "command": "['xs', 'She[r ]lock', 'en.txt', '-j', '14', '-i']"}, "xs -j 16": {"data": {"wall [s]": [1.62, 1.58, 1.6, 1.61, 1.6], "usr [s]": [12.17, 12.07, 12.01, 12.05, 11.98], "sys [s]": [0.37, 0.4, 0.43, 0.41, 0.36], "cpu [s]": [12.54, 12.47, 12.44, 12.46, 12.34]}, "command": "['xs', 'She[r ]lock', 'en.txt', '-j', '16', '-i']"}}}