{"setup": {"name": "xsgrep threads", "hardware": {"client": "ural", "cpu": "AMD Ryzen 7 3700X 8-Core Processor"}}, "results": {"xs": {"data": {"wall [s]": [0.43, 0.42, 0.44, 0.44, 0.43], "usr [s]": [1.01, 1.01, 1.04, 1.08, 1.05], "sys [s]": [0.45, 0.43, 0.43, 0.4, 0.42], "cpu [s]": [1.46, 1.44, 1.47, 1.48, 1.47]}, "command": "['xs', 'Sherlock', 'en.txt']"}, "xs -j 1": {"data": {"wall [s]": [0.94, 0.94, 0.93, 0.92, 0.92], "usr [s]": [0.59, 0.6, 0.59, 0.59, 0.56], "sys [s]": [0.36, 0.35, 0.34, 0.34, 0.37], "cpu [s]": [0.95, 0.95, 0.9299999999999999, 0.9299999999999999, 0.93]}, "command": "['xs', 'Sherlock', 'en.txt', '-j', '1']"}, "xs -j 2": {"data": {"wall [s]": [0.57, 0.58, 0.55, 0.55, 0.58], "usr [s]": [0.75, 0.56, 0.8, 0.74, 0.73], "sys [s]": [0.31, 0.51, 0.26, 0.32, 0.34], "cpu [s]": [1.06, 1.07, 1.06, 1.06, 1.07]}, "command": "['xs', 'Sherlock', 'en.txt', '-j', '2']"}, "xs -j 4": {"data": {"wall [s]": [0.43, 0.45, 0.43, 0.43, 0.43], "usr [s]": [1.07, 1.03, 0.99, 0.99, 1.04], "sys [s]": [0.4, 0.46, 0.46, 0.46, 0.42], "cpu [s]": [1.4700000000000002, 1.49, 1.45, 1.45, 1.46]}, "command": "['xs', 'Sherlock', 'en.txt', '-j', '4']"}, "xs -j 6": {"data": {"wall [s]": [0.43, 0.45, 0.44, 0.42, 0.44], "usr [s]": [1.53, 1.6, 1.56, 1.56, 1.61], "sys [s]": [0.57, 0.51, 0.55, 0.53, 0.5], "cpu [s]": [2.1, 2.1100000000000003, 2.1100000000000003, 2.09, 2.1100000000000003]}, "command": "['xs', 'Sherlock', 'en.txt', '-j', '6']"}, "xs -j 8": {"data": {"wall [s]": [0.46, 0.44, 0.45, 0.44, 0.47], "usr [s]": [2.19, 2.19, 2.18, 2.11, 2.09], "sys [s]": [0.64, 0.62, 0.63, 0.69, 0.74], "cpu [s]": [2.83, 2.81, 2.81, 2.8, 2.83]}, "command": "['xs', 'Sherlock', 'en.txt', '-j', '8']"}, "xs -j 10": {"data": {"wall [s]": [0.45, 0.43, 0.46, 0.43, 0.46], "usr [s]": [2.1, 2.13, 2.12, 2.2, 2.21], "sys [s]": [0.71, 0.67, 0.7, 0.61, 0.61], "cpu [s]": [2.81, 2.8, 2.8200000000000003, 2.81, 2.82]}, "command": "['xs', 'Sherlock', 'en.txt', '-j', '10']"}, "xs -j 12": {"data": {"wall [s]": [0.47, 0.44, 0.47, 0.45, 0.44], "usr [s]": [2.14, 2.1, 2.22, 2.15, 2.16], "sys [s]": [0.69, 0.71, 0.62, 0.67, 0.65], "cpu [s]": [2.83, 2.81, 2.8400000000000003, 2.82, 2.81]}, "command": "['xs', 'Sherlock', 'en.txt', '-j', '12']"}, "xs -j 14": {"data": {"wall [s]": [0.45, 0.43, 0.43, 0.44, 0.42], "usr [s]": [2.24, 2.17, 2.17, 2.21, 2.21], "sys [s]": [0.58, 0.63, 0.63, 0.6, 0.58], "cpu [s]": [2.8200000000000003, 2.8, 2.8, 2.81, 2.79]}, "command": "['xs', 'Sherlock', 'en.txt', '-j', '14']"}, "xs -j 16": {"data": {"wall [s]": [0.45, 0.44, 0.48, 0.43, 0.43], "usr [s]": [2.18, 2.18, 2.12, 2.27, 2.22], "sys [s]": [0.63, 0.62, 0.71, 0.53, 0.58], "cpu [s]": [2.81, 2.8000000000000003, 2.83, 2.8, 2.8000000000000003]}, "command": "['xs', 'Sherlock', 'en.txt', '-j', '16']"}}}