{"setup": {"name": "xsgrep threads (regex, case insensitive, line number)", "hardware": {"client": "ural", "cpu": "AMD Ryzen 7 3700X 8-Core Processor"}}, "results": {"xs": {"data": {"wall [s]": [3.93, 3.94, 3.93, 3.95, 3.93], "usr [s]": [14.9, 14.87, 14.88, 14.95, 14.91], "sys [s]": [0.4, 0.43, 0.42, 0.44, 0.37], "cpu [s]": [15.3, 15.299999999999999, 15.3, 15.389999999999999, 15.28]}, "command": "['xs', 'She[r ]lock', 'en.txt', '-i', '-n']"}, "xs -j 1": {"data": {"wall [s]": [14.74, 14.88, 14.9, 14.74, 14.96], "usr [s]": [14.41, 14.55, 14.55, 14.38, 14.67], "sys [s]": [0.35, 0.34, 0.36, 0.37, 0.31], "cpu [s]": [14.76, 14.89, 14.91, 14.75, 14.98]}, "command": "['xs', 'She[r ]lock', 'en.txt', '-j', '1', '-i', '-n']"}, "xs -j 2": {"data": {"wall [s]": [7.48, 7.65, 7.63, 7.64, 7.6], "usr [s]": [14.36, 14.73, 14.63, 14.74, 14.69], "sys [s]": [0.52, 0.55, 0.45, 0.5, 0.45], "cpu [s]": [14.879999999999999, 15.280000000000001, 15.08, 15.24, 15.139999999999999]}, "command": "['xs', 'She[r ]lock', 'en.txt', '-j', '2', '-i', '-n']"}, "xs -j 4": {"data": {"wall [s]": [3.93, 3.93, 3.93, 3.92, 3.92], "usr [s]": [14.89, 14.87, 14.88, 14.94, 14.87], "sys [s]": [0.41, 0.43, 0.41, 0.37, 0.44], "cpu [s]": [15.3, 15.299999999999999, 15.290000000000001, 15.309999999999999, 15.309999999999999]}, "command": "['xs', 'She[r ]lock', 'en.txt', '-j', '4', '-i', '-n']"}, "xs -j 6": {"data": {"wall [s]": [2.69, 2.7, 2.71, 2.69, 2.69], "usr [s]": [15.14, 14.99, 15.08, 14.96, 15.0], "sys [s]": [0.37, 0.43, 0.42, 0.48, 0.41], "cpu [s]": [15.51, 15.42, 15.5, 15.440000000000001, 15.41]}, "command": "['xs', 'She[r ]lock', 'en.txt', '-j', '6', '-i', '-n']"}, "xs -j 8": {"data": {"wall [s]": [2.09, 2.1, 2.09, 2.09, 2.09], "usr [s]": [15.41, 15.31, 15.37, 15.32, 15.37], "sys [s]": [0.34, 0.42, 0.35, 0.42, 0.32], "cpu [s]": [15.75, 15.73, 15.719999999999999, 15.74, 15.69]}, "command": "['xs', 'She[r ]lock', 'en.txt', '-j', '8', '-i', '-n']"}, "xs -j 10": {"data": {"wall [s]": [2.09, 2.1, 2.05, 2.09, 2.08], "usr [s]": [15.23, 15.35, 15.3, 15.36, 15.38], "sys [s]": [0.47, 0.35, 0.44, 0.44, 0.36], "cpu [s]": [15.700000000000001, 15.7, 15.74, 15.799999999999999, 15.74]}, "command": "['xs', 'She[r ]lock', 'en.txt', '-j', '10', '-i', '-n']"}, "xs -j 12": {"data": {"wall [s]": [2.08, 2.09, 2.07, 2.09, 2.1], "usr [s]": [15.28, 15.31, 15.33, 15.39, 15.32], "sys [s]": [0.48, 0.41, 0.4, 0.36, 0.37], "cpu [s]": [15.76, 15.72, 15.73, 15.75, 15.69]}, "command": "['xs', 'She[r ]lock', 'en.txt', '-j', '12', '-i', '-n']"}, "xs -j 14": {"data": {"wall [s]": [2.1, 2.1, 2.1, 2.08, 2.08], "usr [s]": [15.33, 15.23, 15.3, 15.36, 15.36], "sys [s]": [0.38, 0.45, 0.4, 0.44, 0.37], "cpu [s]": [15.71, 15.68, 15.700000000000001, 15.799999999999999, 15.729999999999999]}, "command": "['xs', 'She[r ]lock', 'en.txt', '-j', '14', '-i', '-n']"}, "xs -j 16": {"data": {"wall [s]": [2.11, 2.1, 2.09, 2.09, 2.09], "usr [s]": [15.36, 15.29, 15.36, 15.31, 15.37], "sys [s]": [0.33, 0.45, 0.35, 0.45, 0.37], "cpu [s]": [15.69, 15.739999999999998, 15.709999999999999, 15.76, 15.739999999999998]}, "command": "['xs', 'She[r ]lock', 'en.txt', '-j', '16', '-i', '-n']"}}}