{"setup": {"name": "xsgrep mmap vs std::ifstream::read", "hardware": {"client": "ural", "cpu": "AMD Ryzen 7 3700X 8-Core Processor"}}, "results": {"xs": {"data": {"wall [s]": [0.42, 0.42, 0.42, 0.43, 0.43], "usr [s]": [1.0, 1.02, 0.97, 1.01, 0.98], "sys [s]": [0.45, 0.41, 0.49, 0.45, 0.47], "cpu [s]": [1.45, 1.43, 1.46, 1.46, 1.45]}, "command": "['xs', 'Sherlock', 'data.txt']"}, "xs --no-mmap": {"data": {"wall [s]": [1.66, 1.83, 1.64, 1.63, 1.64], "usr [s]": [1.09, 1.16, 1.08, 1.0, 1.08], "sys [s]": [1.65, 1.9, 1.63, 1.68, 1.66], "cpu [s]": [2.74, 3.0599999999999996, 2.71, 2.6799999999999997, 2.74]}, "command": "['xs', 'Sherlock', 'data.txt', '--no-mmap']"}, "xs -j 1": {"data": {"wall [s]": [0.54, 0.56, 0.58, 0.57, 0.57], "usr [s]": [0.71, 0.71, 0.79, 0.71, 0.66], "sys [s]": [0.36, 0.37, 0.28, 0.35, 0.41], "cpu [s]": [1.0699999999999998, 1.08, 1.07, 1.06, 1.07]}, "command": "['xs', 'Sherlock', 'data.txt', '-j', '2']"}, "xs --no-mmap -j 1": {"data": {"wall [s]": [1.65, 1.67, 1.63, 1.63, 1.66], "usr [s]": [1.05, 1.1, 1.06, 1.08, 1.08], "sys [s]": [1.66, 1.67, 1.64, 1.63, 1.68], "cpu [s]": [2.71, 2.77, 2.7, 2.71, 2.76]}, "command": "['xs', 'Sherlock', 'data.txt', '-j', '2', '--no-mmap']"}}}